"source_record_id","source_system","source_batch_id","schema_version","synthetic_vin","request_id","source_updated_at","ingested_at","assessment_id","assessment_version","assessment_status","assessment_method_version","vehicle_model_family","vehicle_segment","model_year","assessed_odometer_value","assessed_odometer_unit","battery_soh_value","battery_soh_unit","condition_grade","observed_at","assessment_completed_at","available_to_model_at"
"SRC1B54A7382DCA8F50","vehicle_assessment","BAT5F065168B7D8","0.9","SYNVEH04287650615","REQ4D01D7882EB309ED","2025-01-01T04:18:12Z","2025-01-01T04:38:12Z","ASM537C1DFD89B8E32E","","","","","","","","","","","","","",""
"SRC0E513C797047D60C","vehicle_assessment","BAT0EFEC9A5D5DA","1.0","SYNVEH04287650615","REQ4D01D7882EB309ED","2025-01-01T17:48:12Z","2025-01-01T18:18:12Z","ASME3BAC7AAF842AA41","1","failed","method_baseline","","","","","","","","","","2025-01-01T17:43:12Z","2025-01-01T19:18:12Z"
"SRC7CCBC9446F2DA810","vehicle_assessment","BAT0EFEC9A5D5DA","1.0","SYNVEH30041389203","REQC3887807AF0682DA","2025-01-02T01:14:36Z","2025-01-02T02:44:36Z","ASM3265F1C292AC8E0E","1","failed","method_baseline","","","","","","","","","","2025-01-02T01:09:36Z","2025-01-02T01:44:36Z"
"SRC87EB61B5EE66F274","vehicle_assessment","BAT0EFEC9A5D5DA","1.0","SYNVEH10806999163","REQA4ADAAF962719A87","2025-01-02T08:41:00Z","2025-01-02T09:11:00Z","ASM1715BA1850E4C6B5","1","failed","method_baseline","","","","","","","","","","2025-01-02T08:36:00Z","2025-01-02T10:11:00Z"
"SRC8A3D2FBD427C8595","vehicle_assessment","BAT0EFEC9A5D5DA","1.0","SYNVEH75403225487","REQ93555B3955F8681C","2025-01-02T16:07:24Z","2025-01-02T17:37:24Z","ASM9BB15665A836E7AA","1","failed","method_baseline","","","","","","","","","","2025-01-02T16:02:24Z","2025-01-02T16:37:24Z"
"SRC768E40B3C89E2590","vehicle_assessment","BAT0EFEC9A5D5DA","1.0","SYNVEH16363139488","REQ1B49F147B3C7580C","2025-01-02T23:33:48Z","2025-01-03T00:03:48Z","ASM38BB86B4EAE163BE","1","failed","method_baseline","","","","","","","","","","2025-01-02T23:28:48Z","2025-01-03T01:03:48Z"
"SRC679D10AABA6686BE","vehicle_assessment","BAT0EFEC9A5D5DA","1.0","SYNVEH37914072433","REQ974118D9D40FC337","2025-01-03T07:00:12Z","2025-01-03T08:30:12Z","ASMFB2D865CB419B1B4","1","failed","method_baseline","","","","","","","","","","2025-01-03T06:55:12Z","2025-01-03T07:30:12Z"
"SRC89BC4CC88AD40D14","vehicle_assessment","BAT0EFEC9A5D5DA","1.0","SYNVEH56956555210","REQ7EC54EEB347E5B8C","2025-01-03T14:26:36Z","2025-01-03T14:56:36Z","ASME82627C797765400","1","failed","method_baseline","","","","","","","","","","2025-01-03T14:21:36Z","2025-01-03T15:56:36Z"
"SRCA73B5787EBBC94F8","vehicle_assessment","BAT0EFEC9A5D5DA","1.0","SYNVEH64032883735","REQD6CAFD8205678022","2025-01-03T21:53:00Z","2025-01-03T23:23:00Z","ASM5675E73854C738E4","1","failed","method_baseline","","","","","","","","","","2025-01-03T21:48:00Z","2025-01-03T22:23:00Z"
"SRC02A79353A90DCE99","vehicle_assessment","BAT0EFEC9A5D5DA","1.0","SYNVEH15183875192","REQ7EC5077614DFB799","2025-01-04T05:19:24Z","2025-01-04T05:49:24Z","ASM5FC5911CCFA60B6C","1","failed","method_baseline","","","","","","","","","","2025-01-04T05:14:24Z","2025-01-04T06:49:24Z"
"SRCDB6DF2CFC958F161","vehicle_assessment","BAT0EFEC9A5D5DA","1.0","SYNVEH72069358607","REQEAB2166CC5A6A955","2025-01-04T12:45:48Z","2025-01-04T14:15:48Z","ASMC6FDF05B22F6D9DE","1","failed","method_baseline","","","","","","","","","","2025-01-04T12:40:48Z","2025-01-04T13:15:48Z"
"SRC022A97FEA4EA137C","vehicle_assessment","BAT0EFEC9A5D5DA","1.0","SYNVEH13334914722","REQ7A153B5688B8A337","2025-01-04T20:12:12Z","2025-01-04T20:42:12Z","ASM1F120229E24A6CEC","1","failed","method_baseline","","","","","","","","","","2025-01-04T20:07:12Z","2025-01-04T21:42:12Z"
"SRC0ADF711B64F59488","vehicle_assessment","BAT0EFEC9A5D5DA","1.0","SYNVEH84271930923","REQ8A933FB2B9635340","2025-01-05T03:38:36Z","2025-01-05T05:08:36Z","ASMD958ABEA5ACBA8CC","1","failed","method_baseline","","","","","","","","","","2025-01-05T03:33:36Z","2025-01-05T04:08:36Z"
"SRCA8CC57CB6ECB4610","vehicle_assessment","BAT0EFEC9A5D5DA","1.0","SYNVEH30371248303","REQ912B34051FA39AEC","2025-01-05T11:05:00Z","2025-01-05T11:35:00Z","ASM6091FD3032F5FDFE","1","failed","method_baseline","","","","","","","","","","2025-01-05T11:00:00Z","2025-01-05T12:35:00Z"
"SRC0E101A4A421F0E02","vehicle_assessment","BAT0EFEC9A5D5DA","1.0","SYNVEH41830934329","REQA0B264469524F098","2025-01-05T18:31:24Z","2025-01-05T20:01:24Z","ASMF7819B24E74D19D0","1","failed","method_baseline","","","","","","","","","","2025-01-05T18:26:24Z","2025-01-05T19:01:24Z"
"SRCE7FD466B6AFFA319","vehicle_assessment","BAT0EFEC9A5D5DA","1.0","SYNVEH35064092823","REQ315CC4DE9EF5F142","2025-01-06T01:57:48Z","2025-01-06T02:27:48Z","ASMB42ABC06F20F6772","1","failed","method_baseline","","","","","","","","","","2025-01-06T01:52:48Z","2025-01-06T03:27:48Z"
"SRCFA8B6D0F966312A0","vehicle_assessment","BAT0EFEC9A5D5DA","1.0","SYNVEH01282077881","REQ186459BCFACC07A1","2025-01-06T09:24:12Z","2025-01-06T10:54:12Z","ASMBA6AAB3D0BA5E534","1","failed","method_baseline","","","","","","","","","","2025-01-06T09:19:12Z","2025-01-06T09:54:12Z"
"SRC7495E044DF79E2F3","vehicle_assessment","BAT0EFEC9A5D5DA","1.0","SYNVEH44782127530","REQF19246B041474E8B","2025-01-06T16:50:36Z","2025-01-06T17:20:36Z","ASMAEF7957D5CEDF1F7","1","failed","method_baseline","","","","","","","","","","2025-01-06T16:45:36Z","2025-01-06T18:20:36Z"
"SRC21CA93A413EF262A","vehicle_assessment","BAT0EFEC9A5D5DA","1.0","SYNVEH89240792397","REQ9019E9A82FF1746B","2025-01-07T00:17:00Z","2025-01-07T01:47:00Z","ASM5234CCA7E1698840","1","failed","method_baseline","","","","","","","","","","2025-01-07T00:12:00Z","2025-01-07T00:47:00Z"
"SRCE07566717284B113","vehicle_assessment","BAT0EFEC9A5D5DA","1.0","SYNVEH11435056309","REQ18AB6D4414F1BEFD","2025-01-07T07:43:24Z","2025-01-07T08:13:24Z","ASMCEC8A376F3693C62","1","usable","method_baseline","hyundai_ioniq_5","crossover","2017","17603","mi","77.4","percent","clean","2025-01-07T05:38:24Z","2025-01-07T07:38:24Z","2025-01-07T09:13:24Z"
"SRCB3B3BBB9F1E5C47C","vehicle_assessment","BAT0EFEC9A5D5DA","1.0","SYNVEH80938051535","REQE2D78AFB99541FAF","2025-01-07T15:09:48Z","2025-01-07T16:39:48Z","ASMA0E2DD8022CBFBF1","1","usable","method_baseline","ford_mustang_mach_e","crossover","2018","17740","km","74.7","percent","average","2025-01-07T13:04:48Z","2025-01-07T15:04:48Z","2025-01-07T15:39:48Z"
"SRCAF040A39069368D4","vehicle_assessment","BAT0EFEC9A5D5DA","1.0","SYNVEH11435056309","REQ18AB6D4414F1BEFD","2025-01-07T18:03:24Z","2025-01-07T18:33:24Z","ASMCEC8A376F3693C62","2","usable","method_baseline","hyundai_ioniq_5","crossover","2017","17603","mi","78.2","percent","clean","2025-01-07T15:58:24Z","2025-01-07T17:58:24Z","2025-01-07T19:33:24Z"
"SRC1785F59765BBEDA3","vehicle_assessment","BAT0EFEC9A5D5DA","1.0","SYNVEH02490575522","REQ4BFCB9A4F4BA0D4D","2025-01-07T22:36:12Z","2025-01-07T23:06:12Z","ASME6D505F2C9B7491C","1","usable","method_baseline","ford_f150_lightning","pickup","2012","17877","mi","66.4","percent","rough","2025-01-07T20:31:12Z","2025-01-07T22:31:12Z","2025-01-08T00:06:12Z"
"SRC4DE138B69570B10B","vehicle_assessment","BAT0EFEC9A5D5DA","1.0","SYNVEH80938051535","REQE2D78AFB99541FAF","2025-01-08T00:29:48Z","2025-01-08T01:59:48Z","ASMA0E2DD8022CBFBF1","2","usable","method_baseline","ford_mustang_mach_e","crossover","2018","17740","km","75.3","percent","average","2025-01-07T22:24:48Z","2025-01-08T00:24:48Z","2025-01-08T00:59:48Z"
"SRC7915CCD6E87C4484","vehicle_assessment","BAT0EFEC9A5D5DA","1.0","SYNVEH37880579815","REQ1BBE1D3751C5D35F","2025-01-08T06:02:36Z","2025-01-08T07:32:36Z","ASM0A70BB00F5ABBABB","1","usable","method_baseline","chevrolet_bolt_ev","hatchback","2013","18014","km","66.5","percent","clean","2025-01-08T03:57:36Z","2025-01-08T05:57:36Z","2025-01-08T06:32:36Z"
"SRC2B6B11C831D1888F","vehicle_assessment","BAT0EFEC9A5D5DA","1.0","SYNVEH02490575522","REQ4BFCB9A4F4BA0D4D","2025-01-08T08:56:12Z","2025-01-08T09:26:12Z","ASME6D505F2C9B7491C","2","usable","method_baseline","ford_f150_lightning","pickup","2012","17877","mi","67.2","percent","rough","2025-01-08T06:51:12Z","2025-01-08T08:51:12Z","2025-01-08T10:26:12Z"
"SRC5811D4CFB6AE3AD4","vehicle_assessment","BAT0EFEC9A5D5DA","1.0","SYNVEH12589491952","REQEDD522327BD0CA15","2025-01-08T13:29:00Z","2025-01-08T13:59:00Z","ASMDC7B9DF7F77C28EC","1","usable","method_baseline","nissan_leaf","hatchback","2014","18151","mi","75.8","percent","average","2025-01-08T11:24:00Z","2025-01-08T13:24:00Z","2025-01-08T14:59:00Z"
"SRC8A86565AA4AFB790","vehicle_assessment","BAT0EFEC9A5D5DA","1.0","SYNVEH37880579815","REQ1BBE1D3751C5D35F","2025-01-08T15:22:36Z","2025-01-08T16:52:36Z","ASM0A70BB00F5ABBABB","2","usable","method_baseline","chevrolet_bolt_ev","hatchback","2013","18014","km","66.7","percent","clean","2025-01-08T13:17:36Z","2025-01-08T15:17:36Z","2025-01-08T15:52:36Z"
"SRCBD017B50F9BFED33","vehicle_assessment","BAT0EFEC9A5D5DA","1.0","SYNVEH39957616274","REQ035C8F165068E256","2025-01-08T20:55:24Z","2025-01-08T22:25:24Z","ASMA24CBF1EEB1CE971","1","usable","method_baseline","tesla_model_3","sedan","2015","18288","km","72.7","percent","rough","2025-01-08T18:50:24Z","2025-01-08T20:50:24Z","2025-01-08T21:25:24Z"
"SRCF587FE1CC05F3159","vehicle_assessment","BAT0EFEC9A5D5DA","1.0","SYNVEH54672236367","REQ9D2369CF46D04002","2025-01-09T04:21:48Z","2025-01-09T04:51:48Z","ASM7FAF8CC72F583899","1","usable","method_baseline","tesla_model_y","crossover","2016","18425","mi","70.7","percent","clean","2025-01-09T02:16:48Z","2025-01-09T04:16:48Z","2025-01-09T05:51:48Z"
"SRC44EFFFDCB6DDC038","vehicle_assessment","BAT0EFEC9A5D5DA","1.0","SYNVEH00949076713","REQ11ADC8E72C0922F1","2025-01-09T11:48:12Z","2025-01-09T13:18:12Z","ASMD45BCFB27F09BBBA","1","usable","method_baseline","hyundai_ioniq_5","crossover","2017","18562","km","75.2","percent","average","2025-01-09T09:43:12Z","2025-01-09T11:43:12Z","2025-01-09T12:18:12Z"
"SRCB9FE58B07B125F97","vehicle_assessment","BAT0EFEC9A5D5DA","1.0","SYNVEH45280038510","REQ5196EA366673473C","2025-01-09T19:14:36Z","2025-01-09T19:44:36Z","ASMFED3CBDC99D7E336","1","usable","method_baseline","ford_mustang_mach_e","crossover","2018","18699","mi","72.6","percent","rough","2025-01-09T17:09:36Z","2025-01-09T19:09:36Z","2025-01-09T20:44:36Z"
"SRC36DE59F36D38D0B6","vehicle_assessment","BAT0EFEC9A5D5DA","1.0","SYNVEH07647262397","REQEF2BC4ACBCC41B0E","2025-01-10T02:41:00Z","2025-01-10T04:11:00Z","ASM3A04068167E4D22C","1","usable","method_baseline","ford_f150_lightning","pickup","2012","18836","km","74.8","percent","clean","2025-01-10T00:36:00Z","2025-01-10T02:36:00Z","2025-01-10T03:11:00Z"
"SRC5FFA7296841AA3AC","vehicle_assessment","BAT0EFEC9A5D5DA","1.0","SYNVEH08957259698","REQ4400AE2C6817320D","2025-01-10T10:07:24Z","2025-01-10T10:37:24Z","ASMA7C075BFB3545EC3","1","usable","method_baseline","chevrolet_bolt_ev","hatchback","2013","18973","mi","68.2","percent","average","2025-01-10T08:02:24Z","2025-01-10T10:02:24Z","2025-01-10T11:37:24Z"
"SRCFBC83AC307031D3B","vehicle_assessment","BAT0EFEC9A5D5DA","1.0","SYNVEH25377858974","REQE603CE7E7022905B","2025-01-10T17:33:48Z","2025-01-10T19:03:48Z","ASMCD268767EA67961A","1","usable","method_baseline","nissan_leaf","hatchback","2014","19110","km","65.2","percent","rough","2025-01-10T15:28:48Z","2025-01-10T17:28:48Z","2025-01-10T18:03:48Z"
"SRCA215A6F45754C31D","vehicle_assessment","BAT0EFEC9A5D5DA","1.0","SYNVEH67818072246","REQEA1D072F030812A9","2025-01-11T01:00:12Z","2025-01-11T01:30:12Z","ASM5C03BECABE4E4DC8","1","usable","method_baseline","tesla_model_3","sedan","2015","19247","mi","68.4","percent","clean","2025-01-10T22:55:12Z","2025-01-11T00:55:12Z","2025-01-11T02:30:12Z"
"SRC759BC8561529173E","vehicle_assessment","BAT0EFEC9A5D5DA","1.0","SYNVEH26061679096","REQ28D5923A6D8E3BFF","2025-01-11T08:26:36Z","2025-01-11T09:56:36Z","ASMF53D071FA09811BD","1","usable","method_baseline","tesla_model_y","crossover","2016","19384","km","71.8","percent","average","2025-01-11T06:21:36Z","2025-01-11T08:21:36Z","2025-01-11T08:56:36Z"
"SRC3A21669B09C95061","vehicle_assessment","BAT0EFEC9A5D5DA","1.0","SYNVEH65719307648","REQ589A5AD677F033A6","2025-01-11T15:53:00Z","2025-01-11T16:23:00Z","ASMF30603783D0D5666","1","usable","method_baseline","hyundai_ioniq_5","crossover","2017","19521","mi","67.7","percent","rough","2025-01-11T13:48:00Z","2025-01-11T15:48:00Z","2025-01-11T17:23:00Z"
"SRCB18553EA1460934C","vehicle_assessment","BAT0EFEC9A5D5DA","1.0","SYNVEH12589491952","REQEDD522327BD0CA15","2025-01-11T23:49:00Z","2025-01-12T00:19:00Z","ASMDC7B9DF7F77C28EC","2","usable","method_baseline","nissan_leaf","hatchback","2014","18151","mi","76.2","percent","average","2025-01-11T21:44:00Z","2025-01-11T23:44:00Z","2025-01-12T01:19:00Z"
"SRCC3C9E3961330A23C","vehicle_assessment","BAT0EFEC9A5D5DA","1.0","SYNVEH67387899765","REQ46254D0A0441F25D","2025-01-11T23:19:24Z","2025-01-12T00:49:24Z","ASM383E12161B8C3B69","1","usable","method_baseline","ford_mustang_mach_e","crossover","2018","19658","km","76.6","percent","clean","2025-01-11T21:14:24Z","2025-01-11T23:14:24Z","2025-01-11T23:49:24Z"
"SRC13B769BF59F9A73F","vehicle_assessment","BAT0EFEC9A5D5DA","1.0","SYNVEH22344887415","REQ06CA9CFF13BE3D52","2025-01-12T06:45:48Z","2025-01-12T07:15:48Z","ASMD34920762DD2E9F4","1","usable","method_baseline","ford_f150_lightning","pickup","2012","19795","mi","76.2","percent","average","2025-01-12T04:40:48Z","2025-01-12T06:40:48Z","2025-01-12T08:15:48Z"
"SRC3FE9052110747FC2","vehicle_assessment","BAT0EFEC9A5D5DA","1.0","SYNVEH39957616274","REQ035C8F165068E256","2025-01-12T06:15:24Z","2025-01-12T07:45:24Z","ASMA24CBF1EEB1CE971","2","usable","method_baseline","tesla_model_3","sedan","2015","18288","km","72.5","percent","rough","2025-01-12T04:10:24Z","2025-01-12T06:10:24Z","2025-01-12T06:45:24Z"
"SRC58D6177499BE62A5","vehicle_assessment","BAT0EFEC9A5D5DA","1.0","SYNVEH54672236367","REQ9D2369CF46D04002","2025-01-12T14:41:48Z","2025-01-12T15:11:48Z","ASM7FAF8CC72F583899","2","usable","method_baseline","tesla_model_y","crossover","2016","18425","mi","71.1","percent","clean","2025-01-12T12:36:48Z","2025-01-12T14:36:48Z","2025-01-12T16:11:48Z"
"SRCE7F03B4E486D5C8E","vehicle_assessment","BAT0EFEC9A5D5DA","1.0","SYNVEH18675119091","REQ6F6BD63CC942DE43","2025-01-12T14:12:12Z","2025-01-12T15:42:12Z","ASMB36D2DAE43A5D0DA","1","usable","method_baseline","chevrolet_bolt_ev","hatchback","2013","19932","km","70.7","percent","rough","2025-01-12T12:07:12Z","2025-01-12T14:07:12Z","2025-01-12T14:42:12Z"
"SRC42DA0BE74236D1B8","vehicle_assessment","BAT0EFEC9A5D5DA","1.0","SYNVEH65668207955","REQC5493522426706D7","2025-01-12T21:38:36Z","2025-01-12T22:08:36Z","ASM8C4A64C0FF3E76C9","1","usable","method_baseline","nissan_leaf","hatchback","2014","20069","mi","72.1","percent","clean","2025-01-12T19:33:36Z","2025-01-12T21:33:36Z","2025-01-12T23:08:36Z"
"SRC3D6A3FEFD7E9C0F4","vehicle_assessment","BAT0EFEC9A5D5DA","1.0","SYNVEH00949076713","REQ11ADC8E72C0922F1","2025-01-12T21:08:12Z","2025-01-12T22:38:12Z","ASMD45BCFB27F09BBBA","2","usable","method_baseline","hyundai_ioniq_5","crossover","2017","18562","km","75.9","percent","average","2025-01-12T19:03:12Z","2025-01-12T21:03:12Z","2025-01-12T21:38:12Z"
"SRC3A17B564D8DF5ED7","vehicle_assessment","BAT0EFEC9A5D5DA","1.0","SYNVEH45280038510","REQ5196EA366673473C","2025-01-13T05:34:36Z","2025-01-13T06:04:36Z","ASMFED3CBDC99D7E336","2","usable","method_baseline","ford_mustang_mach_e","crossover","2018","18699","mi","72.0","percent","rough","2025-01-13T03:29:36Z","2025-01-13T05:29:36Z","2025-01-13T07:04:36Z"
"SRC0ED6F055DBA39D7C","vehicle_assessment","BAT0EFEC9A5D5DA","1.0","SYNVEH02392738595","REQ4569AD1B99C4A37E","2025-01-13T05:05:00Z","2025-01-13T06:35:00Z","ASME840137EB4AA9E2B","1","usable","method_baseline","tesla_model_3","sedan","2015","20206","km","79.8","percent","average","2025-01-13T03:00:00Z","2025-01-13T05:00:00Z","2025-01-13T05:35:00Z"
"SRC0E616BC950932098","vehicle_assessment","BAT0EFEC9A5D5DA","1.0","SYNVEH77105474173","REQ93346C3CAFE36F17","2025-01-13T12:31:24Z","2025-01-13T13:01:24Z","ASM45DB70707829F097","1","usable","method_baseline","tesla_model_y","crossover","2016","20343","mi","65.9","percent","rough","2025-01-13T10:26:24Z","2025-01-13T12:26:24Z","2025-01-13T14:01:24Z"
"SRC0B4D680EDCF30E23","vehicle_assessment","BAT0EFEC9A5D5DA","1.0","SYNVEH07647262397","REQEF2BC4ACBCC41B0E","2025-01-13T12:01:00Z","2025-01-13T13:31:00Z","ASM3A04068167E4D22C","2","usable","method_baseline","ford_f150_lightning","pickup","2012","18836","km","75.4","percent","clean","2025-01-13T09:56:00Z","2025-01-13T11:56:00Z","2025-01-13T12:31:00Z"
"SRCBF6812CFF02CB588","vehicle_assessment","BAT0EFEC9A5D5DA","1.0","SYNVEH08957259698","REQ4400AE2C6817320D","2025-01-13T20:27:24Z","2025-01-13T20:57:24Z","ASMA7C075BFB3545EC3","2","usable","method_baseline","chevrolet_bolt_ev","hatchback","2013","18973","mi","68.1","percent","average","2025-01-13T18:22:24Z","2025-01-13T20:22:24Z","2025-01-13T21:57:24Z"
"SRCAC926C94C5740789","vehicle_assessment","BAT0EFEC9A5D5DA","1.0","SYNVEH24682896119","REQAF031CE47181BB2B","2025-01-13T19:57:48Z","2025-01-13T21:27:48Z","ASM6E79C30461D916FF","1","usable","method_baseline","hyundai_ioniq_5","crossover","2017","20480","km","69.9","percent","clean","2025-01-13T17:52:48Z","2025-01-13T19:52:48Z","2025-01-13T20:27:48Z"
"SRCB2A537D219F7EC5C","vehicle_assessment","BAT0EFEC9A5D5DA","1.0","SYNVEH47854879617","REQBD19B464CCC6F367","2025-01-14T03:24:12Z","2025-01-14T03:54:12Z","ASMD66BA6D74BD74838","1","usable","method_baseline","ford_mustang_mach_e","crossover","2018","20617","mi","79.8","percent","average","2025-01-14T01:19:12Z","2025-01-14T03:19:12Z","2025-01-14T04:54:12Z"
"SRC986B368680C6787B","vehicle_assessment","BAT0EFEC9A5D5DA","1.0","SYNVEH25377858974","REQE603CE7E7022905B","2025-01-14T02:53:48Z","2025-01-14T04:23:48Z","ASMCD268767EA67961A","2","usable","method_baseline","nissan_leaf","hatchback","2014","19110","km","66.0","percent","rough","2025-01-14T00:48:48Z","2025-01-14T02:48:48Z","2025-01-14T03:23:48Z"
"SRC3C221E4424EE7BE3","vehicle_assessment","BAT0EFEC9A5D5DA","1.0","SYNVEH67818072246","REQEA1D072F030812A9","2025-01-14T11:20:12Z","2025-01-14T11:50:12Z","ASM5C03BECABE4E4DC8","2","usable","method_baseline","tesla_model_3","sedan","2015","19247","mi","68.2","percent","clean","2025-01-14T09:15:12Z","2025-01-14T11:15:12Z","2025-01-14T12:50:12Z"
"SRCD991D893E22A29D5","vehicle_assessment","BAT0EFEC9A5D5DA","1.0","SYNVEH54499643452","REQ5A30E2C305EDE790","2025-01-14T10:50:36Z","2025-01-14T12:20:36Z","ASM917207E4DB22EC2B","1","usable","method_baseline","ford_f150_lightning","pickup","2012","20754","km","74.3","percent","rough","2025-01-14T08:45:36Z","2025-01-14T10:45:36Z","2025-01-14T11:20:36Z"
"SRC5FD42A1FB8C927DB","vehicle_assessment","BAT0EFEC9A5D5DA","1.0","SYNVEH47093572991","REQAAA6E4733EF76DC0","2025-01-14T18:17:00Z","2025-01-14T18:47:00Z","ASMEC32EFD4E3C3CDB6","1","usable","method_baseline","chevrolet_bolt_ev","hatchback","2013","20891","mi","76.5","percent","clean","2025-01-14T16:12:00Z","2025-01-14T18:12:00Z","2025-01-14T19:47:00Z"
"SRCD4D085A995EE013E","vehicle_assessment","BAT0EFEC9A5D5DA","1.0","SYNVEH26061679096","REQ28D5923A6D8E3BFF","2025-01-14T17:46:36Z","2025-01-14T19:16:36Z","ASMF53D071FA09811BD","2","usable","method_baseline","tesla_model_y","crossover","2016","19384","km","71.9","percent","average","2025-01-14T15:41:36Z","2025-01-14T17:41:36Z","2025-01-14T18:16:36Z"
"SRC509E2C190F447DB8","vehicle_assessment","BAT0EFEC9A5D5DA","1.0","SYNVEH77541577523","REQFE2FF22CD30787DC","2025-01-15T01:43:24Z","2025-01-15T03:13:24Z","ASM19E2E826C2BBB578","1","usable","method_baseline","nissan_leaf","hatchback","2014","21028","km","66.6","percent","average","2025-01-14T23:38:24Z","2025-01-15T01:38:24Z","2025-01-15T02:13:24Z"
"SRCF039571B4FAA6B72","vehicle_assessment","BAT0EFEC9A5D5DA","1.0","SYNVEH76567357004","REQAB21F2C79F43BB92","2025-01-15T09:09:48Z","2025-01-15T09:39:48Z","ASM9A1F46191106EEA7","1","usable","method_baseline","tesla_model_3","sedan","2015","21165","mi","77.0","percent","rough","2025-01-15T07:04:48Z","2025-01-15T09:04:48Z","2025-01-15T10:39:48Z"
"SRC2C81CF715404CC41","vehicle_assessment","BAT0EFEC9A5D5DA","1.0","SYNVEH82359752875","REQ6B2EB5DDEE824221","2025-01-15T16:36:12Z","2025-01-15T18:06:12Z","ASM4AFE1A01D5DBE4A4","1","usable","method_baseline","tesla_model_y","crossover","2016","21302","km","68.3","percent","clean","2025-01-15T14:31:12Z","2025-01-15T16:31:12Z","2025-01-15T17:06:12Z"
"SRC77BFFBC15D01CF22","vehicle_assessment","BAT0EFEC9A5D5DA","1.0","SYNVEH67829208871","REQC0C7A937CC1A2FC1","2025-01-16T00:02:36Z","2025-01-16T00:32:36Z","ASM4DC4AC726A58270A","1","usable","method_baseline","hyundai_ioniq_5","crossover","2017","21439","mi","70.3","percent","average","2025-01-15T21:57:36Z","2025-01-15T23:57:36Z","2025-01-16T01:32:36Z"
"SRC05B2807AFA7F4A3C","vehicle_assessment","BAT0EFEC9A5D5DA","1.0","SYNVEH11069356399","REQD287DD99913C0561","2025-01-16T07:29:00Z","2025-01-16T08:59:00Z","ASM54B1B5F88F41C909","1","usable","method_baseline","ford_mustang_mach_e","crossover","2018","21576","km","78.1","percent","rough","2025-01-16T05:24:00Z","2025-01-16T07:24:00Z","2025-01-16T07:59:00Z"
"SRC94C0F20BD5DD16BB","vehicle_assessment","BAT0EFEC9A5D5DA","1.0","SYNVEH34481160092","REQAD48B8DA2F25E569","2025-01-16T14:55:24Z","2025-01-16T15:25:24Z","ASM58FA68180711FBC5","1","usable","method_baseline","ford_f150_lightning","pickup","2012","21713","mi","67.2","percent","clean","2025-01-16T12:50:24Z","2025-01-16T14:50:24Z","2025-01-16T16:25:24Z"
"SRC3D2D04821D1143FF","vehicle_assessment","BAT0EFEC9A5D5DA","1.0","SYNVEH51734727007","REQ193118CF30693CDC","2025-01-16T22:21:48Z","2025-01-16T23:51:48Z","ASMBCF0C2F883F921C4","1","usable","method_baseline","chevrolet_bolt_ev","hatchback","2013","21850","km","72.1","percent","average","2025-01-16T20:16:48Z","2025-01-16T22:16:48Z","2025-01-16T22:51:48Z"
"SRCA9CA3CB8E5312AAA","vehicle_assessment","BAT0EFEC9A5D5DA","1.0","SYNVEH17091329425","REQ4D94E6BB8BC8AA55","2025-01-17T05:48:12Z","2025-01-17T06:18:12Z","ASM3FDAAF1CE757C8E6","1","usable","method_baseline","nissan_leaf","hatchback","2014","21987","mi","72.7","percent","rough","2025-01-17T03:43:12Z","2025-01-17T05:43:12Z","2025-01-17T07:18:12Z"
"SRCCF90AA1C380391B5","vehicle_assessment","BAT0EFEC9A5D5DA","1.0","SYNVEH50317047651","REQ3B1379A9C1A200C0","2025-01-17T13:14:36Z","2025-01-17T14:44:36Z","ASMF96B779C744949C8","1","usable","method_baseline","tesla_model_3","sedan","2015","22124","km","73.3","percent","clean","2025-01-17T11:09:36Z","2025-01-17T13:09:36Z","2025-01-17T13:44:36Z"
"SRCAF0AE96F6FE0E590","vehicle_assessment","BAT0EFEC9A5D5DA","1.0","SYNVEH78749072704","REQC7DAFC7F7CC92B31","2025-01-17T20:41:00Z","2025-01-17T21:11:00Z","ASMB48A1315067220D2","1","usable","method_baseline","tesla_model_y","crossover","2016","22261","mi","74.7","percent","average","2025-01-17T18:36:00Z","2025-01-17T20:36:00Z","2025-01-17T22:11:00Z"
"SRC7B3418BAD810C56B","vehicle_assessment","BAT0EFEC9A5D5DA","1.0","SYNVEH86333632777","REQB2168D8123F38CDD","2025-01-18T04:07:24Z","2025-01-18T05:37:24Z","ASM2260B45EE3CFCFD8","1","usable","method_baseline","hyundai_ioniq_5","crossover","2017","22398","km","77.6","percent","rough","2025-01-18T02:02:24Z","2025-01-18T04:02:24Z","2025-01-18T04:37:24Z"
"SRC348F720BEA8F9015","vehicle_assessment","BAT0EFEC9A5D5DA","1.0","SYNVEH91253281098","REQDF7B8D0B7D9B2D72","2025-01-18T11:33:48Z","2025-01-18T12:03:48Z","ASM63126B31526C0589","1","usable","method_baseline","ford_mustang_mach_e","crossover","2018","22535","mi","71.8","percent","clean","2025-01-18T09:28:48Z","2025-01-18T11:28:48Z","2025-01-18T13:03:48Z"
"SRC3C39098FA1C93B57","vehicle_assessment","BAT0EFEC9A5D5DA","1.0","SYNVEH01479204968","REQFCFEB3D3049E3D96","2025-01-18T19:00:12Z","2025-01-18T20:30:12Z","ASM006F2912D2C48245","1","usable","method_baseline","ford_f150_lightning","pickup","2012","22672","km","73.6","percent","average","2025-01-18T16:55:12Z","2025-01-18T18:55:12Z","2025-01-18T19:30:12Z"
"SRCD505888F222C6BD5","vehicle_assessment","BAT0EFEC9A5D5DA","1.0","SYNVEH89666966124","REQ1B16C421E605BCBF","2025-01-19T02:26:36Z","2025-01-19T02:56:36Z","ASM6F101F9CE597CDB3","1","usable","method_baseline","chevrolet_bolt_ev","hatchback","2013","22809","mi","68.4","percent","rough","2025-01-19T00:21:36Z","2025-01-19T02:21:36Z","2025-01-19T03:56:36Z"
"SRC330F5C11446BA4FE","vehicle_assessment","BAT0EFEC9A5D5DA","1.0","SYNVEH42493315932","REQ6CCBADD7528AC277","2025-01-19T09:53:00Z","2025-01-19T11:23:00Z","ASMCE6BC08CA3F704F1","1","usable","method_baseline","nissan_leaf","hatchback","2014","22946","km","75.7","percent","clean","2025-01-19T07:48:00Z","2025-01-19T09:48:00Z","2025-01-19T10:23:00Z"
"SRC1A51D4952E51F86B","vehicle_assessment","BAT0EFEC9A5D5DA","1.0","SYNVEH81281311611","REQ8AA79E0465710DC3","2025-01-19T17:19:24Z","2025-01-19T17:49:24Z","ASM39DF07B1A814895A","1","usable","method_baseline","tesla_model_3","sedan","2015","23083","mi","78.8","percent","average","2025-01-19T15:14:24Z","2025-01-19T17:14:24Z","2025-01-19T18:49:24Z"
"SRC088D8C42FCA5F51A","vehicle_assessment","BAT0EFEC9A5D5DA","1.0","SYNVEH27728809309","REQA85071CA309305A2","2025-01-20T00:45:48Z","2025-01-20T02:15:48Z","ASME0B631E9A0D68756","1","usable","method_baseline","tesla_model_y","crossover","2016","23220","km","79.4","percent","rough","2025-01-19T22:40:48Z","2025-01-20T00:40:48Z","2025-01-20T01:15:48Z"
"SRCF6C0BDCA79E5E696","vehicle_assessment","BAT0EFEC9A5D5DA","1.0","SYNVEH39558397957","REQ350F571C5F5FF154","2025-01-20T08:12:12Z","2025-01-20T08:42:12Z","ASM71E6449FD55A4EC9","1","usable","method_baseline","hyundai_ioniq_5","crossover","2017","23357","mi","70.2","percent","clean","2025-01-20T06:07:12Z","2025-01-20T08:07:12Z","2025-01-20T09:42:12Z"
"SRCE1810872105EF919","vehicle_assessment","BAT0EFEC9A5D5DA","1.0","SYNVEH08847833390","REQ90D590476A9AD482","2025-01-20T15:38:36Z","2025-01-20T17:08:36Z","ASM1773E62837F71BFD","1","usable","method_baseline","ford_mustang_mach_e","crossover","2018","23494","km","73.6","percent","average","2025-01-20T13:33:36Z","2025-01-20T15:33:36Z","2025-01-20T16:08:36Z"
"SRC80CC792F6066A247","vehicle_assessment","BAT0EFEC9A5D5DA","1.0","SYNVEH25319372632","REQ46D5AB4D2BA6549F","2025-01-20T23:05:00Z","2025-01-20T23:35:00Z","ASM99B216ECF639060A","1","usable","method_baseline","ford_f150_lightning","pickup","2012","23631","mi","65.2","percent","rough","2025-01-20T21:00:00Z","2025-01-20T23:00:00Z","2025-01-21T00:35:00Z"
"SRCC47FC8F73A142BB4","vehicle_assessment","BAT0EFEC9A5D5DA","1.0","SYNVEH38594909431","REQB97C72D3CCD38BDA","2025-01-21T06:31:24Z","2025-01-21T08:01:24Z","ASM679BBFE1B921EBCF","1","usable","method_baseline","chevrolet_bolt_ev","hatchback","2013","23768","km","72.4","percent","clean","2025-01-21T04:26:24Z","2025-01-21T06:26:24Z","2025-01-21T07:01:24Z"
"SRCD9A2D2F604332E17","vehicle_assessment","BAT0EFEC9A5D5DA","1.0","SYNVEH36889788208","REQ2283E568020E8A8A","2025-01-21T13:57:48Z","2025-01-21T14:27:48Z","ASM5BADFCEF9D7EB3DD","1","usable","method_baseline","nissan_leaf","hatchback","2014","23905","mi","65.2","percent","average","2025-01-21T11:52:48Z","2025-01-21T13:52:48Z","2025-01-21T15:27:48Z"
"SRC50BCC6E7EEDA77BB","vehicle_assessment","BAT0EFEC9A5D5DA","1.0","SYNVEH21340172219","REQ93203211FC389F98","2025-01-21T21:24:12Z","2025-01-21T22:54:12Z","ASM3EB5AA681DD9602D","1","usable","method_baseline","tesla_model_3","sedan","2015","24042","km","64.8","percent","rough","2025-01-21T19:19:12Z","2025-01-21T21:19:12Z","2025-01-21T21:54:12Z"
"SRCB6C67D8A6CCB07AF","vehicle_assessment","BAT0EFEC9A5D5DA","1.0","SYNVEH69992030940","REQC5EDE37929764974","2025-01-22T04:50:36Z","2025-01-22T05:20:36Z","ASM5E66AD84778F0462","1","usable","method_baseline","tesla_model_y","crossover","2016","24179","mi","78.7","percent","clean","2025-01-22T02:45:36Z","2025-01-22T04:45:36Z","2025-01-22T06:20:36Z"
"SRCA390D3B7BE9CE5F5","vehicle_assessment","BAT0EFEC9A5D5DA","1.0","SYNVEH99104573063","REQE919C8379DAD793B","2025-01-22T12:17:00Z","2025-01-22T13:47:00Z","ASMC95D301D7DB1D948","1","usable","method_baseline","hyundai_ioniq_5","crossover","2017","24316","km","67.2","percent","average","2025-01-22T10:12:00Z","2025-01-22T12:12:00Z","2025-01-22T12:47:00Z"
"SRC6D2CA227116C7440","vehicle_assessment","BAT0EFEC9A5D5DA","1.0","SYNVEH88364658526","REQCA104083DA13FBC1","2025-01-22T19:43:24Z","2025-01-22T20:13:24Z","ASM5A8A5A17612DC98A","1","usable","method_baseline","ford_mustang_mach_e","crossover","2018","24453","mi","68.3","percent","rough","2025-01-22T17:38:24Z","2025-01-22T19:38:24Z","2025-01-22T21:13:24Z"
"SRC54745BEC03711DF8","vehicle_assessment","BAT0EFEC9A5D5DA","1.0","SYNVEH47509914177","REQF84B928514322950","2025-01-23T03:09:48Z","2025-01-23T04:39:48Z","ASM8D5EDC1AA93D1E77","1","usable","method_baseline","ford_f150_lightning","pickup","2012","24590","km","74.2","percent","clean","2025-01-23T01:04:48Z","2025-01-23T03:04:48Z","2025-01-23T03:39:48Z"
"SRCDA46DB7F26F35276","vehicle_assessment","BAT0EFEC9A5D5DA","1.0","SYNVEH66406165318","REQEA5A716491E13702","2025-01-23T10:36:12Z","2025-01-23T11:06:12Z","ASM643E45736DEF48D8","1","usable","method_baseline","chevrolet_bolt_ev","hatchback","2013","24727","mi","77.3","percent","average","2025-01-23T08:31:12Z","2025-01-23T10:31:12Z","2025-01-23T12:06:12Z"
"SRC28AD15493BC25879","vehicle_assessment","BAT0EFEC9A5D5DA","1.0","SYNVEH92637510789","REQ16F699FC73C155B0","2025-01-23T18:02:36Z","2025-01-23T19:32:36Z","ASM343B75D02E3F2AAB","1","usable","method_baseline","nissan_leaf","hatchback","2014","24864","km","76.8","percent","rough","2025-01-23T15:57:36Z","2025-01-23T17:57:36Z","2025-01-23T18:32:36Z"
"SRCE02325CC41135E93","vehicle_assessment","BAT0EFEC9A5D5DA","1.0","SYNVEH70465673149","REQ92022F8B019681A3","2025-01-24T01:29:00Z","2025-01-24T01:59:00Z","ASM967331CC9A808573","1","usable","method_baseline","tesla_model_3","sedan","2015","25001","mi","69.5","percent","clean","2025-01-23T23:24:00Z","2025-01-24T01:24:00Z","2025-01-24T02:59:00Z"
"SRCE588FB59BDB6B97C","vehicle_assessment","BAT0EFEC9A5D5DA","1.0","SYNVEH27755345075","REQB3581E5E5D75327F","2025-01-24T08:55:24Z","2025-01-24T10:25:24Z","ASM18EE693726C6654A","1","usable","method_baseline","tesla_model_y","crossover","2016","25138","km","71.2","percent","average","2025-01-24T06:50:24Z","2025-01-24T08:50:24Z","2025-01-24T09:25:24Z"
"SRC15469013A199F6A6","vehicle_assessment","BAT0EFEC9A5D5DA","1.0","SYNVEH06170563107","REQ4A4D483305C412B7","2025-01-24T16:21:48Z","2025-01-24T16:51:48Z","ASM9850D61FD7EB7C48","1","usable","method_baseline","hyundai_ioniq_5","crossover","2017","25275","mi","78.7","percent","rough","2025-01-24T14:16:48Z","2025-01-24T16:16:48Z","2025-01-24T17:51:48Z"
"SRC46F67D669433BE61","vehicle_assessment","BAT0EFEC9A5D5DA","1.0","SYNVEH46126343878","REQ3C3E176D0E388B1B","2025-01-24T23:48:12Z","2025-01-25T01:18:12Z","ASMBA6E143EF495F454","1","usable","method_baseline","ford_mustang_mach_e","crossover","2018","25412","km","68.3","percent","clean","2025-01-24T21:43:12Z","2025-01-24T23:43:12Z","2025-01-25T00:18:12Z"
"SRC36172A8F7E687EBE","vehicle_assessment","BAT0EFEC9A5D5DA","1.0","SYNVEH03915789454","REQF9EDBA93F63E66C7","2025-01-25T07:14:36Z","2025-01-25T07:44:36Z","ASM766188D4376AC5A6","1","usable","method_baseline","ford_f150_lightning","pickup","2012","25549","mi","66.3","percent","average","2025-01-25T05:09:36Z","2025-01-25T07:09:36Z","2025-01-25T08:44:36Z"
"SRC176C1289CC9141D4","vehicle_assessment","BAT0EFEC9A5D5DA","1.0","SYNVEH81794955756","REQE7889FC86951AE77","2025-01-25T14:41:00Z","2025-01-25T16:11:00Z","ASM623F4F7BBEA3425C","1","usable","method_baseline","chevrolet_bolt_ev","hatchback","2013","25686","km","76.0","percent","rough","2025-01-25T12:36:00Z","2025-01-25T14:36:00Z","2025-01-25T15:11:00Z"
"SRCE23D0683D0353DFE","vehicle_assessment","BAT0EFEC9A5D5DA","1.0","SYNVEH02534633997","REQ1407BAA15EB537B9","2025-01-25T22:07:24Z","2025-01-25T22:37:24Z","ASM5224DC946E312DA2","1","usable","method_baseline","nissan_leaf","hatchback","2014","25823","mi","74.3","percent","clean","2025-01-25T20:02:24Z","2025-01-25T22:02:24Z","2025-01-25T23:37:24Z"
"SRCB5FAF0304F429C03","vehicle_assessment","BAT0EFEC9A5D5DA","1.0","SYNVEH95975224941","REQ9844B3C94673E28B","2025-01-26T05:33:48Z","2025-01-26T07:03:48Z","ASM2ADB685A1B17456F","1","usable","method_baseline","tesla_model_3","sedan","2015","25960","km","76.5","percent","average","2025-01-26T03:28:48Z","2025-01-26T05:28:48Z","2025-01-26T06:03:48Z"
"SRC40E612D9CBA432F7","vehicle_assessment","BAT0EFEC9A5D5DA","1.0","SYNVEH89745516709","REQD606C7D8EF0AB251","2025-01-26T13:00:12Z","2025-01-26T13:30:12Z","ASM4717250F77D912FB","1","usable","method_baseline","tesla_model_y","crossover","2016","26097","mi","72.4","percent","rough","2025-01-26T10:55:12Z","2025-01-26T12:55:12Z","2025-01-26T14:30:12Z"
"SRC5791AAD33564B0ED","vehicle_assessment","BAT0EFEC9A5D5DA","1.0","SYNVEH32347461329","REQ37A06614A3D899D9","2025-01-26T20:26:36Z","2025-01-26T21:56:36Z","ASM960CF3CEC3CDDA29","1","usable","method_baseline","hyundai_ioniq_5","crossover","2017","26234","km","75.4","percent","clean","2025-01-26T18:21:36Z","2025-01-26T20:21:36Z","2025-01-26T20:56:36Z"
"SRC8EA82024D7F698F6","vehicle_assessment","BAT0EFEC9A5D5DA","1.0","SYNVEH28473011269","REQ3DAA2DC4389CD9AF","2025-01-27T03:53:00Z","2025-01-27T04:23:00Z","ASME24B1E481E82A2C3","1","usable","method_baseline","ford_mustang_mach_e","crossover","2018","26371","mi","66.7","percent","average","2025-01-27T01:48:00Z","2025-01-27T03:48:00Z","2025-01-27T05:23:00Z"
"SRCA2500C1C080200FB","vehicle_assessment","BAT0EFEC9A5D5DA","1.0","SYNVEH76041749913","REQ9CFCCB501C4514B7","2025-01-27T11:19:24Z","2025-01-27T12:49:24Z","ASME12BE61F658091C8","1","usable","method_baseline","ford_f150_lightning","pickup","2012","26508","km","73.3","percent","rough","2025-01-27T09:14:24Z","2025-01-27T11:14:24Z","2025-01-27T11:49:24Z"
"SRCDB59510CB5BE31D4","vehicle_assessment","BAT0EFEC9A5D5DA","1.0","SYNVEH24194247042","REQ214112717C32EFB0","2025-01-27T18:45:48Z","2025-01-27T19:15:48Z","ASM01C2E5C06A852D42","1","usable","method_baseline","chevrolet_bolt_ev","hatchback","2013","26645","mi","74.2","percent","clean","2025-01-27T16:40:48Z","2025-01-27T18:40:48Z","2025-01-27T20:15:48Z"
"SRCAFC1C08DDE681769","vehicle_assessment","BAT0EFEC9A5D5DA","1.0","SYNVEH41658508195","REQ87EEFCCA1B15652E","2025-01-28T02:12:12Z","2025-01-28T03:42:12Z","ASMDAA7F6B83E11892D","1","usable","method_baseline","nissan_leaf","hatchback","2014","26782","km","75.1","percent","average","2025-01-28T00:07:12Z","2025-01-28T02:07:12Z","2025-01-28T02:42:12Z"
"SRC8C99A1A04AD0749A","vehicle_assessment","BAT0EFEC9A5D5DA","1.0","SYNVEH75218829670","REQF3A3B432DF416D61","2025-01-28T09:38:36Z","2025-01-28T10:08:36Z","ASM7A80985BE65C19BE","1","usable","method_baseline","tesla_model_3","sedan","2015","26919","mi","72.9","percent","rough","2025-01-28T07:33:36Z","2025-01-28T09:33:36Z","2025-01-28T11:08:36Z"
"SRCC73AD24D4261135F","vehicle_assessment","BAT0EFEC9A5D5DA","1.0","SYNVEH38383231097","REQF0ECB4DC35EDF5DE","2025-01-28T17:05:00Z","2025-01-28T18:35:00Z","ASMB25B953B0819662E","1","usable","method_baseline","tesla_model_y","crossover","2016","27056","km","77.6","percent","clean","2025-01-28T15:00:00Z","2025-01-28T17:00:00Z","2025-01-28T17:35:00Z"
"SRCFA16774406A56C65","vehicle_assessment","BAT0EFEC9A5D5DA","1.0","SYNVEH37744756980","REQ17794CCCB784FD68","2025-01-29T00:31:24Z","2025-01-29T01:01:24Z","ASM0FBF5509B8DBA578","1","usable","method_baseline","hyundai_ioniq_5","crossover","2017","27193","mi","67.8","percent","average","2025-01-28T22:26:24Z","2025-01-29T00:26:24Z","2025-01-29T02:01:24Z"
"SRCF67063713CAF8545","vehicle_assessment","BAT0EFEC9A5D5DA","1.0","SYNVEH76719286292","REQA3A54E1B99A56A61","2025-01-29T07:57:48Z","2025-01-29T09:27:48Z","ASMA27A27781FCAEA71","1","usable","method_baseline","ford_mustang_mach_e","crossover","2018","27330","km","68.7","percent","rough","2025-01-29T05:52:48Z","2025-01-29T07:52:48Z","2025-01-29T08:27:48Z"
"SRC589D68F095251FEE","vehicle_assessment","BAT0EFEC9A5D5DA","1.0","SYNVEH69747631388","REQ74A0D6619CB3B57C","2025-01-29T15:24:12Z","2025-01-29T15:54:12Z","ASM9BE3111C9DF9BDA8","1","usable","method_baseline","ford_f150_lightning","pickup","2012","27467","mi","78.6","percent","clean","2025-01-29T13:19:12Z","2025-01-29T15:19:12Z","2025-01-29T16:54:12Z"
"SRC65B556660326CBEB","vehicle_assessment","BAT0EFEC9A5D5DA","1.0","SYNVEH90632904362","REQ1F8B9484D176DE73","2025-01-29T22:50:36Z","2025-01-30T00:20:36Z","ASM87298A86737D5AC7","1","usable","method_baseline","chevrolet_bolt_ev","hatchback","2013","27604","km","77.8","percent","average","2025-01-29T20:45:36Z","2025-01-29T22:45:36Z","2025-01-29T23:20:36Z"
"SRCDF311E0576EDD261","vehicle_assessment","BAT0EFEC9A5D5DA","1.0","SYNVEH60115799309","REQ8824889F48E63FCA","2025-01-30T06:17:00Z","2025-01-30T06:47:00Z","ASM18FC5B54AE79E24E","1","usable","method_baseline","nissan_leaf","hatchback","2014","27741","mi","67.5","percent","rough","2025-01-30T04:12:00Z","2025-01-30T06:12:00Z","2025-01-30T07:47:00Z"
"SRC3C847DE807BB51AB","vehicle_assessment","BAT0EFEC9A5D5DA","1.0","SYNVEH04980600380","REQDC8EA9B20E4FB7A0","2025-01-30T13:43:24Z","2025-01-30T15:13:24Z","ASMB2EF5A17220EADC1","1","usable","method_baseline","tesla_model_3","sedan","2015","27878","km","64.7","percent","clean","2025-01-30T11:38:24Z","2025-01-30T13:38:24Z","2025-01-30T14:13:24Z"
"SRCD0DC6392700727BB","vehicle_assessment","BAT0EFEC9A5D5DA","1.0","SYNVEH16227199362","REQ2C7FADD3D245AA84","2025-01-30T21:09:48Z","2025-01-30T21:39:48Z","ASMCA031CA699AAED21","1","usable","method_baseline","tesla_model_y","crossover","2016","28015","mi","69.8","percent","average","2025-01-30T19:04:48Z","2025-01-30T21:04:48Z","2025-01-30T22:39:48Z"
"SRC9399B2F868E5CCE4","vehicle_assessment","BAT0EFEC9A5D5DA","1.0","SYNVEH30973758504","REQ9E58FBCCE786A65F","2025-01-31T04:36:12Z","2025-01-31T06:06:12Z","ASM3288E89E94A99E76","1","usable","method_baseline","hyundai_ioniq_5","crossover","2017","28152","km","66.0","percent","rough","2025-01-31T02:31:12Z","2025-01-31T04:31:12Z","2025-01-31T05:06:12Z"
"SRC9290E87CBCD11392","vehicle_assessment","BAT0EFEC9A5D5DA","1.0","SYNVEH94842057923","REQC50258E4C39C1D61","2025-01-31T12:02:36Z","2025-01-31T12:32:36Z","ASM3E8A16B36C5657D0","1","usable","method_baseline","ford_mustang_mach_e","crossover","2018","28289","mi","76.6","percent","clean","2025-01-31T09:57:36Z","2025-01-31T11:57:36Z","2025-01-31T13:32:36Z"
"SRC2D782C2210DA0C85","vehicle_assessment","BAT0EFEC9A5D5DA","1.0","SYNVEH70486514897","REQ738F76E19FA3EFB7","2025-01-31T19:29:00Z","2025-01-31T20:59:00Z","ASMB201B3805BA53404","1","usable","method_baseline","ford_f150_lightning","pickup","2012","28426","km","65.0","percent","average","2025-01-31T17:24:00Z","2025-01-31T19:24:00Z","2025-01-31T19:59:00Z"
"SRCA6B2621FCC97DD7D","vehicle_assessment","BAT0EFEC9A5D5DA","1.0","SYNVEH29111518816","REQB8036676CF23DD3B","2025-02-01T02:55:24Z","2025-02-01T03:25:24Z","ASMDE00137439A3F4EB","1","usable","method_baseline","chevrolet_bolt_ev","hatchback","2013","28563","mi","65.0","percent","rough","2025-02-01T00:50:24Z","2025-02-01T02:50:24Z","2025-02-01T04:25:24Z"
"SRCFFA09F79FA0E6D7E","vehicle_assessment","BAT0EFEC9A5D5DA","1.0","SYNVEH40509660208","REQ8EAA9A871AB526B4","2025-02-01T10:21:48Z","2025-02-01T11:51:48Z","ASM4DC5A22DF4291C1D","1","usable","method_baseline","nissan_leaf","hatchback","2014","28700","km","72.7","percent","clean","2025-02-01T08:16:48Z","2025-02-01T10:16:48Z","2025-02-01T10:51:48Z"
"SRCB146398A6021A384","vehicle_assessment","BAT0EFEC9A5D5DA","1.0","SYNVEH74142468420","REQ878041310E48F6D6","2025-02-01T17:26:36Z","2025-02-01T17:56:36Z","ASM0AE6374EE5BDE81C","1","usable","method_baseline","tesla_model_3","sedan","2015","28837","mi","74.5","percent","average","2025-02-01T15:21:36Z","2025-02-01T17:21:36Z","2025-02-01T18:56:36Z"
"SRC52F9691B41631766","vehicle_assessment","BAT0EFEC9A5D5DA","1.0","SYNVEH11600144884","REQBC883CE10452E7D4","2025-02-02T00:09:48Z","2025-02-02T01:39:48Z","ASM70670D8391D88CF2","1","usable","method_baseline","tesla_model_y","crossover","2016","28974","km","71.4","percent","rough","2025-02-01T22:04:48Z","2025-02-02T00:04:48Z","2025-02-02T00:39:48Z"
"SRCE6C64BE6FB1CD85A","vehicle_assessment","BAT0EFEC9A5D5DA","1.0","SYNVEH26557815054","REQCC7AE206758298CC","2025-02-02T06:53:00Z","2025-02-02T07:23:00Z","ASM0778D9A0AB4EA51D","1","usable","method_baseline","hyundai_ioniq_5","crossover","2017","29111","mi","66.6","percent","clean","2025-02-02T04:48:00Z","2025-02-02T06:48:00Z","2025-02-02T08:23:00Z"
"SRC193743160D6BA0BD","vehicle_assessment","BAT0EFEC9A5D5DA","1.0","SYNVEH49860577777","REQEA8AE1B57B603DA1","2025-02-02T13:36:12Z","2025-02-02T15:06:12Z","ASM7D5AAD212B8D81A9","1","usable","method_baseline","ford_mustang_mach_e","crossover","2018","29248","km","75.8","percent","average","2025-02-02T11:31:12Z","2025-02-02T13:31:12Z","2025-02-02T14:06:12Z"
"SRC557F5EE55A0C77D9","vehicle_assessment","BAT0EFEC9A5D5DA","1.0","SYNVEH13283159435","REQ06FA25FC29DD960B","2025-02-02T20:19:24Z","2025-02-02T20:49:24Z","ASMDC070B777659CF27","1","usable","method_baseline","ford_f150_lightning","pickup","2012","29385","mi","70.5","percent","rough","2025-02-02T18:14:24Z","2025-02-02T20:14:24Z","2025-02-02T21:49:24Z"
"SRCE16F2395F8D92F94","vehicle_assessment","BAT0EFEC9A5D5DA","1.0","SYNVEH44559299731","REQABD6AA97525045D8","2025-02-03T03:02:36Z","2025-02-03T04:32:36Z","ASME62989DABC5263CF","1","usable","method_baseline","chevrolet_bolt_ev","hatchback","2013","29522","km","70.2","percent","clean","2025-02-03T00:57:36Z","2025-02-03T02:57:36Z","2025-02-03T03:32:36Z"
"SRC8C8F5C5C323FF870","vehicle_assessment","BAT0EFEC9A5D5DA","1.0","SYNVEH20369333393","REQ342FF3AED5D84AA9","2025-02-03T09:45:48Z","2025-02-03T10:15:48Z","ASM904CD9D44490CF83","1","usable","method_baseline","nissan_leaf","hatchback","2014","29659","mi","77.5","percent","average","2025-02-03T07:40:48Z","2025-02-03T09:40:48Z","2025-02-03T11:15:48Z"
"SRC3D234F99CD91780D","vehicle_assessment","BAT0EFEC9A5D5DA","1.0","SYNVEH17298814704","REQ6ABF5C3AAECB7968","2025-02-03T16:29:00Z","2025-02-03T17:59:00Z","ASMAED20C5F1E7019EF","1","usable","method_baseline","tesla_model_3","sedan","2015","29796","km","79.4","percent","rough","2025-02-03T14:24:00Z","2025-02-03T16:24:00Z","2025-02-03T16:59:00Z"
"SRC23327C187CEBEFAA","vehicle_assessment","BAT0EFEC9A5D5DA","1.0","SYNVEH41134829127","REQ70C651D3EE3CE290","2025-02-03T23:12:12Z","2025-02-03T23:42:12Z","ASMDE5D8384568CE960","1","usable","method_baseline","tesla_model_y","crossover","2016","29933","mi","77.5","percent","clean","2025-02-03T21:07:12Z","2025-02-03T23:07:12Z","2025-02-04T00:42:12Z"
"SRC5271A9118899A09E","vehicle_assessment","BAT0EFEC9A5D5DA","1.0","SYNVEH13737349501","REQB03E5065F4242C89","2025-02-04T05:55:24Z","2025-02-04T07:25:24Z","ASM0A478CAD480B570D","1","usable","method_baseline","hyundai_ioniq_5","crossover","2017","30070","km","67.1","percent","average","2025-02-04T03:50:24Z","2025-02-04T05:50:24Z","2025-02-04T06:25:24Z"
"SRCDF9F28AACB2F96A9","vehicle_assessment","BAT0EFEC9A5D5DA","1.0","SYNVEH67389417543","REQF0AEECD46FC2C215","2025-02-04T12:38:36Z","2025-02-04T13:08:36Z","ASMAE44594049F3700F","1","usable","method_baseline","ford_mustang_mach_e","crossover","2018","30207","mi","68.0","percent","rough","2025-02-04T10:33:36Z","2025-02-04T12:33:36Z","2025-02-04T14:08:36Z"
"SRC8DDC0EBC71C8713B","vehicle_assessment","BAT0EFEC9A5D5DA","1.0","SYNVEH53331522427","REQ6D87BC01E625B8F5","2025-02-04T19:21:48Z","2025-02-04T20:51:48Z","ASM2D0D41246CB6E6C7","1","usable","method_baseline","ford_f150_lightning","pickup","2012","30344","km","70.1","percent","clean","2025-02-04T17:16:48Z","2025-02-04T19:16:48Z","2025-02-04T19:51:48Z"
"SRC4A4D74D3BC6B4337","vehicle_assessment","BAT0EFEC9A5D5DA","1.0","SYNVEH02894862145","REQ06E5D00134E137DC","2025-02-05T02:05:00Z","2025-02-05T02:35:00Z","ASMD075F92D108C7964","1","usable","method_baseline","chevrolet_bolt_ev","hatchback","2013","30481","mi","67.2","percent","average","2025-02-05T00:00:00Z","2025-02-05T02:00:00Z","2025-02-05T03:35:00Z"
"SRCF2A635C77A48F591","vehicle_assessment","BAT0EFEC9A5D5DA","1.0","SYNVEH97634494605","REQ31B4665A5F8D52C9","2025-02-05T08:48:12Z","2025-02-05T10:18:12Z","ASMB9C58AA4C4225589","1","usable","method_baseline","nissan_leaf","hatchback","2014","30618","km","67.2","percent","rough","2025-02-05T06:43:12Z","2025-02-05T08:43:12Z","2025-02-05T09:18:12Z"
"SRCA92BB24FF61EAC20","vehicle_assessment","BAT0EFEC9A5D5DA","1.0","SYNVEH78816755941","REQ9FA0AA55D08FB931","2025-02-05T15:31:24Z","2025-02-05T16:01:24Z","ASM223EE52DD18A4D50","1","usable","method_baseline","tesla_model_3","sedan","2015","30755","mi","74.1","percent","clean","2025-02-05T13:26:24Z","2025-02-05T15:26:24Z","2025-02-05T17:01:24Z"
"SRC523AF34C36CA7AAE","vehicle_assessment","BAT0EFEC9A5D5DA","1.0","SYNVEH36566973871","REQBB7EE314C7359C73","2025-02-05T22:14:36Z","2025-02-05T23:44:36Z","ASM4AACC3DD9043F412","1","usable","method_baseline","tesla_model_y","crossover","2016","30892","km","65.4","percent","average","2025-02-05T20:09:36Z","2025-02-05T22:09:36Z","2025-02-05T22:44:36Z"
"SRC0B92B3362D00B948","vehicle_assessment","BAT0EFEC9A5D5DA","1.0","SYNVEH91031985404","REQ23A0BF854897B3A0","2025-02-06T04:57:48Z","2025-02-06T05:27:48Z","ASMF781017E7D2DC774","1","usable","method_baseline","hyundai_ioniq_5","crossover","2017","31029","mi","74.2","percent","rough","2025-02-06T02:52:48Z","2025-02-06T04:52:48Z","2025-02-06T06:27:48Z"
"SRCC10627F50519B2F3","vehicle_assessment","BAT0EFEC9A5D5DA","1.0","SYNVEH75552907735","REQB9AB06B615216B12","2025-02-06T11:41:00Z","2025-02-06T13:11:00Z","ASM7624691C2AED4039","1","usable","method_baseline","ford_mustang_mach_e","crossover","2018","31166","km","75.3","percent","clean","2025-02-06T09:36:00Z","2025-02-06T11:36:00Z","2025-02-06T12:11:00Z"
"SRC58DC4E33038AB3DC","vehicle_assessment","BAT0EFEC9A5D5DA","1.0","SYNVEH53212346438","REQ0409678E250C87F2","2025-02-06T18:24:12Z","2025-02-06T18:54:12Z","ASM6B91F9BB68C40C5C","1","usable","method_baseline","ford_f150_lightning","pickup","2012","31303","mi","64.4","percent","average","2025-02-06T16:19:12Z","2025-02-06T18:19:12Z","2025-02-06T19:54:12Z"
"SRC183E7D8CA3FF2F9D","vehicle_assessment","BAT0EFEC9A5D5DA","1.0","SYNVEH94428398985","REQ99E6A4F320FFCA7E","2025-02-07T01:07:24Z","2025-02-07T02:37:24Z","ASM3BD441B6C4007FB3","1","usable","method_baseline","chevrolet_bolt_ev","hatchback","2013","31440","km","71.8","percent","rough","2025-02-06T23:02:24Z","2025-02-07T01:02:24Z","2025-02-07T01:37:24Z"
"SRCC5C81FA370A923CA","vehicle_assessment","BAT0EFEC9A5D5DA","1.0","SYNVEH59766755866","REQ6BA05A9CFA7FB15D","2025-02-07T07:50:36Z","2025-02-07T08:20:36Z","ASMD69FC23F2D6D2DC2","1","usable","method_baseline","nissan_leaf","hatchback","2014","31577","mi","75.0","percent","clean","2025-02-07T05:45:36Z","2025-02-07T07:45:36Z","2025-02-07T09:20:36Z"
"SRCD1CA0BF7E17618B5","vehicle_assessment","BAT0EFEC9A5D5DA","1.0","SYNVEH14261080308","REQ87D56D15315BF4A5","2025-02-07T14:33:48Z","2025-02-07T16:03:48Z","ASMFC578C1CCB9C2976","1","usable","method_baseline","tesla_model_3","sedan","2015","31714","km","71.3","percent","average","2025-02-07T12:28:48Z","2025-02-07T14:28:48Z","2025-02-07T15:03:48Z"
"SRC4B69EA01B5DE972D","vehicle_assessment","BAT0EFEC9A5D5DA","1.0","SYNVEH42851105707","REQ01920AE83E957751","2025-02-07T21:17:00Z","2025-02-07T21:47:00Z","ASM593FC4519B1372FD","1","usable","method_baseline","tesla_model_y","crossover","2016","31851","mi","76.9","percent","rough","2025-02-07T19:12:00Z","2025-02-07T21:12:00Z","2025-02-07T22:47:00Z"
"SRC5752653343D8A92F","vehicle_assessment","BAT0EFEC9A5D5DA","1.0","SYNVEH67687456898","REQ9A4976F9578F1925","2025-02-08T04:00:12Z","2025-02-08T05:30:12Z","ASM267F05EDB72C93CB","1","usable","method_baseline","hyundai_ioniq_5","crossover","2017","31988","km","65.4","percent","clean","2025-02-08T01:55:12Z","2025-02-08T03:55:12Z","2025-02-08T04:30:12Z"
"SRC6601F10E55750A06","vehicle_assessment","BAT0EFEC9A5D5DA","1.0","SYNVEH25319147974","REQD6EB83AD89B6D8F6","2025-02-08T10:43:24Z","2025-02-08T11:13:24Z","ASM26DBC9AD3A30A614","1","usable","method_baseline","ford_mustang_mach_e","crossover","2018","32125","mi","70.8","percent","average","2025-02-08T08:38:24Z","2025-02-08T10:38:24Z","2025-02-08T12:13:24Z"
"SRCC5BF6239D8CCE6F4","vehicle_assessment","BAT0EFEC9A5D5DA","1.0","SYNVEH19976976205","REQ08D02D4004C46DD2","2025-02-08T17:26:36Z","2025-02-08T18:56:36Z","ASMC5043A4D87B44AF5","1","usable","method_baseline","ford_f150_lightning","pickup","2012","32262","km","76.5","percent","rough","2025-02-08T15:21:36Z","2025-02-08T17:21:36Z","2025-02-08T17:56:36Z"
"SRC4B7066976BFE6AC9","vehicle_assessment","BAT0EFEC9A5D5DA","1.0","SYNVEH40763314905","REQAE581E9EB2DEB3B4","2025-02-09T00:09:48Z","2025-02-09T00:39:48Z","ASM4B1A5AB3148C01D7","1","usable","method_baseline","chevrolet_bolt_ev","hatchback","2013","32399","mi","68.5","percent","clean","2025-02-08T22:04:48Z","2025-02-09T00:04:48Z","2025-02-09T01:39:48Z"
"SRC379DDE1DD833B449","vehicle_assessment","BAT0EFEC9A5D5DA","1.0","SYNVEH09995444579","REQ2F27AACC23D4ED9A","2025-02-09T06:53:00Z","2025-02-09T08:23:00Z","ASME7503BF746781966","1","usable","method_baseline","nissan_leaf","hatchback","2014","32536","km","67.5","percent","average","2025-02-09T04:48:00Z","2025-02-09T06:48:00Z","2025-02-09T07:23:00Z"
"SRC36DAAC1D9C1556BC","vehicle_assessment","BAT0EFEC9A5D5DA","1.0","SYNVEH48464314083","REQEFE73012213E2B2E","2025-02-09T13:36:12Z","2025-02-09T14:06:12Z","ASM5350E47A6B88D3BB","1","usable","method_baseline","tesla_model_3","sedan","2015","32673","mi","67.5","percent","rough","2025-02-09T11:31:12Z","2025-02-09T13:31:12Z","2025-02-09T15:06:12Z"
"SRC2F5360FF62EE89B6","vehicle_assessment","BAT0EFEC9A5D5DA","1.0","SYNVEH40746221368","REQ724DADD1F4BEA7CF","2025-02-09T20:19:24Z","2025-02-09T21:49:24Z","ASM646F3B76ABF84155","1","usable","method_baseline","tesla_model_y","crossover","2016","32810","km","68.4","percent","clean","2025-02-09T18:14:24Z","2025-02-09T20:14:24Z","2025-02-09T20:49:24Z"
"SRC9A272873F6729F35","vehicle_assessment","BAT0EFEC9A5D5DA","1.0","SYNVEH35388719945","REQ4ECD0270A796288C","2025-02-10T03:02:36Z","2025-02-10T03:32:36Z","ASM0191538D8A73EC31","1","usable","method_baseline","hyundai_ioniq_5","crossover","2017","32947","mi","73.7","percent","average","2025-02-10T00:57:36Z","2025-02-10T02:57:36Z","2025-02-10T04:32:36Z"
"SRC95644F5582E2A97B","vehicle_assessment","BAT0EFEC9A5D5DA","1.0","SYNVEH57697398500","REQ9B1B79A256252CF0","2025-02-10T09:45:48Z","2025-02-10T11:15:48Z","ASM25EDE7D50018F51C","1","usable","method_baseline","ford_mustang_mach_e","crossover","2018","33084","km","79.6","percent","rough","2025-02-10T07:40:48Z","2025-02-10T09:40:48Z","2025-02-10T10:15:48Z"
"SRC743870E21B47BC8A","vehicle_assessment","BAT0EFEC9A5D5DA","1.0","SYNVEH83266136978","REQ3DA171C957C8A25B","2025-02-10T16:29:00Z","2025-02-10T16:59:00Z","ASMD7A9F140B74C84D3","1","usable","method_baseline","ford_f150_lightning","pickup","2012","33221","mi","65.5","percent","clean","2025-02-10T14:24:00Z","2025-02-10T16:24:00Z","2025-02-10T17:59:00Z"
"SRCE7D654763E4EC4D5","vehicle_assessment","BAT0EFEC9A5D5DA","1.0","SYNVEH71100157070","REQF6990798823EB182","2025-02-10T23:12:12Z","2025-02-11T00:42:12Z","ASMEC76A1D77FFC6200","1","usable","method_baseline","chevrolet_bolt_ev","hatchback","2013","33358","km","67.2","percent","average","2025-02-10T21:07:12Z","2025-02-10T23:07:12Z","2025-02-10T23:42:12Z"
"SRC4F3BB4A7600AA305","vehicle_assessment","BAT0EFEC9A5D5DA","1.0","SYNVEH99035913682","REQ07C2391CF648723F","2025-02-11T05:55:24Z","2025-02-11T06:25:24Z","ASM9074A39B0A9D2EF8","1","usable","method_baseline","nissan_leaf","hatchback","2014","33495","mi","70.7","percent","rough","2025-02-11T03:50:24Z","2025-02-11T05:50:24Z","2025-02-11T07:25:24Z"
"SRCA4B421CCF30B1FBD","vehicle_assessment","BAT0EFEC9A5D5DA","1.0","SYNVEH48316756552","REQ015228111369FC6B","2025-02-11T12:38:36Z","2025-02-11T14:08:36Z","ASMFEA9DC222201F290","1","usable","method_baseline","tesla_model_3","sedan","2015","33632","km","72.0","percent","clean","2025-02-11T10:33:36Z","2025-02-11T12:33:36Z","2025-02-11T13:08:36Z"
"SRCA92E371649669DEF","vehicle_assessment","BAT0EFEC9A5D5DA","1.0","SYNVEH95221554255","REQ7CC71F8F7EFF9F03","2025-02-11T19:21:48Z","2025-02-11T19:51:48Z","ASMB2F2C54636D83591","1","usable","method_baseline","tesla_model_y","crossover","2016","33769","mi","72.6","percent","average","2025-02-11T17:16:48Z","2025-02-11T19:16:48Z","2025-02-11T20:51:48Z"
"SRC73B071FBD8A70658","vehicle_assessment","BAT0EFEC9A5D5DA","1.0","SYNVEH57284207483","REQ70FB1E0136081928","2025-02-12T02:05:00Z","2025-02-12T03:35:00Z","ASMFE4BBE9D45D9FCA6","1","usable","method_baseline","hyundai_ioniq_5","crossover","2017","33906","km","65.4","percent","rough","2025-02-12T00:00:00Z","2025-02-12T02:00:00Z","2025-02-12T02:35:00Z"
"SRC492E4A1C086BA0DC","vehicle_assessment","BAT0EFEC9A5D5DA","1.0","SYNVEH85551579589","REQ8BA3CD9D4C2FF2A3","2025-02-12T08:48:12Z","2025-02-12T09:18:12Z","ASMF70D3FDD735340CD","1","usable","method_baseline","ford_mustang_mach_e","crossover","2018","34043","mi","79.3","percent","clean","2025-02-12T06:43:12Z","2025-02-12T08:43:12Z","2025-02-12T10:18:12Z"
"SRC83CB2A529D2E19B9","vehicle_assessment","BAT0EFEC9A5D5DA","1.0","SYNVEH69288399867","REQ05E2A92DC80D007E","2025-02-12T15:31:24Z","2025-02-12T17:01:24Z","ASMDDB90902BC6A98D3","1","usable","method_baseline","ford_f150_lightning","pickup","2012","34180","km","75.1","percent","average","2025-02-12T13:26:24Z","2025-02-12T15:26:24Z","2025-02-12T16:01:24Z"
"SRC611FA0E42845ED6D","vehicle_assessment","BAT0EFEC9A5D5DA","1.0","SYNVEH37516934604","REQE3F19AEE7E007309","2025-02-12T22:14:36Z","2025-02-12T22:44:36Z","ASM8D783C4E689E3978","1","usable","method_baseline","chevrolet_bolt_ev","hatchback","2013","34317","mi","72.0","percent","rough","2025-02-12T20:09:36Z","2025-02-12T22:09:36Z","2025-02-12T23:44:36Z"
"SRC82E7841F03B3B39C","vehicle_assessment","BAT0EFEC9A5D5DA","1.0","SYNVEH77620453237","REQB6DEE130F93F69AA","2025-02-13T04:57:48Z","2025-02-13T06:27:48Z","ASM2DFC617B56D7D873","1","usable","method_baseline","nissan_leaf","hatchback","2014","34454","km","67.6","percent","clean","2025-02-13T02:52:48Z","2025-02-13T04:52:48Z","2025-02-13T05:27:48Z"
"SRC571463AB3E54106F","vehicle_assessment","BAT0EFEC9A5D5DA","1.0","SYNVEH98278662247","REQ3F00C23B237991D4","2025-02-13T11:41:00Z","2025-02-13T12:11:00Z","ASMC492915F3F83488E","1","usable","method_baseline","tesla_model_3","sedan","2015","34591","mi","74.1","percent","average","2025-02-13T09:36:00Z","2025-02-13T11:36:00Z","2025-02-13T13:11:00Z"
"SRC44D272BEA6ADF2EF","vehicle_assessment","BAT0EFEC9A5D5DA","1.0","SYNVEH86421519308","REQAA7C730AB854FEB9","2025-02-13T18:24:12Z","2025-02-13T19:54:12Z","ASM2FE2CCE0D4A479C7","1","usable","method_baseline","tesla_model_y","crossover","2016","34728","km","64.1","percent","rough","2025-02-13T16:19:12Z","2025-02-13T18:19:12Z","2025-02-13T18:54:12Z"
"SRC0665192489D299EA","vehicle_assessment","BAT0EFEC9A5D5DA","1.0","SYNVEH18788232181","REQ44DB70867FC6EEBF","2025-02-14T01:07:24Z","2025-02-14T01:37:24Z","ASM89AD7846AE8D017E","1","usable","method_baseline","hyundai_ioniq_5","crossover","2017","34865","mi","71.6","percent","clean","2025-02-13T23:02:24Z","2025-02-14T01:02:24Z","2025-02-14T02:37:24Z"
"SRCDD5F2A43327717C2","vehicle_assessment","BAT0EFEC9A5D5DA","1.0","SYNVEH43087667221","REQDB383C81E9ECC0D1","2025-02-14T07:50:36Z","2025-02-14T09:20:36Z","ASM9B2C88A402DD54B3","1","usable","method_baseline","ford_mustang_mach_e","crossover","2018","35002","km","76.6","percent","average","2025-02-14T05:45:36Z","2025-02-14T07:45:36Z","2025-02-14T08:20:36Z"
"SRC905B249777A5B6D8","vehicle_assessment","BAT0EFEC9A5D5DA","1.0","SYNVEH85595276924","REQF76F6DAD79B01EF4","2025-02-14T14:33:48Z","2025-02-14T15:03:48Z","ASM9EDEC65CECDB7EFD","1","usable","method_baseline","ford_f150_lightning","pickup","2012","35139","mi","69.5","percent","rough","2025-02-14T12:28:48Z","2025-02-14T14:28:48Z","2025-02-14T16:03:48Z"
"SRC75F25D1D981D3508","vehicle_assessment","BAT0EFEC9A5D5DA","1.0","SYNVEH38929125099","REQ1FAFC4DB6AAE522F","2025-02-14T21:17:00Z","2025-02-14T22:47:00Z","ASM7BA8B626507E2021","1","usable","method_baseline","chevrolet_bolt_ev","hatchback","2013","35276","km","66.3","percent","clean","2025-02-14T19:12:00Z","2025-02-14T21:12:00Z","2025-02-14T21:47:00Z"
"SRC4233EAED80D50431","vehicle_assessment","BAT0EFEC9A5D5DA","1.0","SYNVEH07832446725","REQEC8B5F23E189D837","2025-02-15T04:00:12Z","2025-02-15T04:30:12Z","ASMB91F80486441170D","1","usable","method_baseline","nissan_leaf","hatchback","2014","35413","mi","75.8","percent","average","2025-02-15T01:55:12Z","2025-02-15T03:55:12Z","2025-02-15T05:30:12Z"
"SRCAE33300CCA506190","vehicle_assessment","BAT0EFEC9A5D5DA","1.0","SYNVEH22554460273","REQ27514D50A6D6A821","2025-02-15T10:43:24Z","2025-02-15T12:13:24Z","ASM5AB967CC8640DE78","1","usable","method_baseline","tesla_model_3","sedan","2015","35550","km","77.3","percent","rough","2025-02-15T08:38:24Z","2025-02-15T10:38:24Z","2025-02-15T11:13:24Z"
"SRC53DFFB5088534C72","vehicle_assessment","BAT0EFEC9A5D5DA","1.0","SYNVEH84043157666","REQ78DC429879E668E2","2025-02-15T17:26:36Z","2025-02-15T17:56:36Z","ASM685BBA6DC610C548","1","usable","method_baseline","tesla_model_y","crossover","2016","35687","mi","74.4","percent","clean","2025-02-15T15:21:36Z","2025-02-15T17:21:36Z","2025-02-15T18:56:36Z"
"SRCD04D6A2D3B8ED12C","vehicle_assessment","BAT0EFEC9A5D5DA","1.0","SYNVEH60162219711","REQD6C2648437EDD6E3","2025-02-16T00:09:48Z","2025-02-16T01:39:48Z","ASM6549F8313ABFF2C4","1","usable","method_baseline","hyundai_ioniq_5","crossover","2017","35824","km","77.1","percent","average","2025-02-15T22:04:48Z","2025-02-16T00:04:48Z","2025-02-16T00:39:48Z"
"SRC9691C089B724E7DA","vehicle_assessment","BAT0EFEC9A5D5DA","1.0","SYNVEH96651189350","REQ37D312F4BB8DE3B5","2025-02-16T06:53:00Z","2025-02-16T07:23:00Z","ASM1BF1B8581CF99887","1","usable","method_baseline","ford_mustang_mach_e","crossover","2018","35961","mi","70.0","percent","rough","2025-02-16T04:48:00Z","2025-02-16T06:48:00Z","2025-02-16T08:23:00Z"
"SRC76474F99816356AA","vehicle_assessment","BAT0EFEC9A5D5DA","1.0","SYNVEH68498117236","REQE1E357827C6A3B1E","2025-02-16T13:36:12Z","2025-02-16T15:06:12Z","ASM4C57DC5379A14639","1","usable","method_baseline","ford_f150_lightning","pickup","2012","36098","km","74.7","percent","clean","2025-02-16T11:31:12Z","2025-02-16T13:31:12Z","2025-02-16T14:06:12Z"
"SRC9BB3DCFBD9B7AADF","vehicle_assessment","BAT0EFEC9A5D5DA","1.0","SYNVEH66834278312","REQA08AB98742A65E9B","2025-02-16T20:19:24Z","2025-02-16T20:49:24Z","ASMEDEC521BAD3AFA4C","1","usable","method_baseline","chevrolet_bolt_ev","hatchback","2013","36235","mi","69.7","percent","average","2025-02-16T18:14:24Z","2025-02-16T20:14:24Z","2025-02-16T21:49:24Z"
"SRC938C7FA53AD0D39D","vehicle_assessment","BAT0EFEC9A5D5DA","1.0","SYNVEH46847840678","REQ46CC167A7F0BF379","2025-02-17T03:02:36Z","2025-02-17T04:32:36Z","ASMD454C583067A0E10","1","usable","method_baseline","nissan_leaf","hatchback","2014","36372","km","73.0","percent","rough","2025-02-17T00:57:36Z","2025-02-17T02:57:36Z","2025-02-17T03:32:36Z"
"SRCCD58AE8663D48ED9","vehicle_assessment","BAT0EFEC9A5D5DA","1.0","SYNVEH88062183726","REQA98AF0A91C290250","2025-02-17T09:45:48Z","2025-02-17T10:15:48Z","ASMBC7506AE6C98520F","1","usable","method_baseline","tesla_model_3","sedan","2015","36509","mi","78.2","percent","clean","2025-02-17T07:40:48Z","2025-02-17T09:40:48Z","2025-02-17T11:15:48Z"
"SRC1E15C483ECC9D262","vehicle_assessment","BAT0EFEC9A5D5DA","1.0","SYNVEH22979036733","REQ36FFAA47853CC1D6","2025-02-17T16:29:00Z","2025-02-17T17:59:00Z","ASM5C5CAF4956FAFCC9","1","usable","method_baseline","tesla_model_y","crossover","2016","36646","km","71.1","percent","average","2025-02-17T14:24:00Z","2025-02-17T16:24:00Z","2025-02-17T16:59:00Z"
"SRC11EEFFDEA89E6AFD","vehicle_assessment","BAT0EFEC9A5D5DA","1.0","SYNVEH45876905711","REQD9611D2401CCE053","2025-02-17T23:12:12Z","2025-02-17T23:42:12Z","ASMF07048844F4AF306","1","usable","method_baseline","hyundai_ioniq_5","crossover","2017","36783","mi","76.5","percent","rough","2025-02-17T21:07:12Z","2025-02-17T23:07:12Z","2025-02-18T00:42:12Z"
"SRCB92E93E44A6FEDF2","vehicle_assessment","BAT0EFEC9A5D5DA","1.0","SYNVEH76641452543","REQF57600B85C1D05FA","2025-02-18T05:55:24Z","2025-02-18T07:25:24Z","ASM88EF25689BB7593D","1","usable","method_baseline","ford_mustang_mach_e","crossover","2018","36920","km","67.6","percent","clean","2025-02-18T03:50:24Z","2025-02-18T05:50:24Z","2025-02-18T06:25:24Z"
"SRCD28396F917A31987","vehicle_assessment","BAT0EFEC9A5D5DA","1.0","SYNVEH04549800032","REQ1374F1875994352F","2025-02-18T12:38:36Z","2025-02-18T13:08:36Z","ASM375F1391131CA1AE","1","usable","method_baseline","ford_f150_lightning","pickup","2026","37057","mi","90.1","percent","average","2025-02-18T10:33:36Z","2025-02-18T12:33:36Z","2025-02-18T14:08:36Z"
"SRC58F777E78CE57126","vehicle_assessment","BAT0EFEC9A5D5DA","1.0","SYNVEH17871544415","REQ89C37F5F602C9798","2025-02-18T19:21:48Z","2025-02-18T20:51:48Z","ASMEC584F53BD75A06D","1","usable","method_baseline","chevrolet_bolt_ev","hatchback","2018","37194","km","95.3","percent","rough","2025-02-18T17:16:48Z","2025-02-18T19:16:48Z","2025-02-18T19:51:48Z"
"SRC9E1768A648741836","vehicle_assessment","BAT0EFEC9A5D5DA","1.0","SYNVEH00675881380","REQ47B1C925B8B69E32","2025-02-19T02:05:00Z","2025-02-19T02:35:00Z","ASM6D480EDF9C401303","1","usable","method_baseline","nissan_leaf","hatchback","2019","37331","mi","91.3","percent","clean","2025-02-19T00:00:00Z","2025-02-19T02:00:00Z","2025-02-19T03:35:00Z"
"SRC60529574ABFD24B8","vehicle_assessment","BAT0EFEC9A5D5DA","1.0","SYNVEH79121413213","REQ14D97B712362535D","2025-02-19T08:48:12Z","2025-02-19T10:18:12Z","ASM6DF4AAE83B142506","1","usable","method_baseline","tesla_model_3","sedan","2020","37468","km","88.9","percent","average","2025-02-19T06:43:12Z","2025-02-19T08:43:12Z","2025-02-19T09:18:12Z"
"SRC37C4696FCE037767","vehicle_assessment","BAT0EFEC9A5D5DA","1.0","SYNVEH32447979457","REQFA89C4511EC42E7F","2025-02-19T15:31:24Z","2025-02-19T16:01:24Z","ASM07DE861052476262","1","usable","method_baseline","tesla_model_y","crossover","2021","37605","mi","97.5","percent","rough","2025-02-19T13:26:24Z","2025-02-19T15:26:24Z","2025-02-19T17:01:24Z"
"SRC4B6AEC1139710FA5","vehicle_assessment","BAT0EFEC9A5D5DA","1.0","SYNVEH17034269368","REQ672DC96A98BE7C19","2025-02-19T22:14:36Z","2025-02-19T23:44:36Z","ASMB272E4BAB8AECDA3","1","usable","method_baseline","hyundai_ioniq_5","crossover","2022","37742","km","86.7","percent","clean","2025-02-19T20:09:36Z","2025-02-19T22:09:36Z","2025-02-19T22:44:36Z"
"SRC74A4B7853C70FBEC","vehicle_assessment","BAT0EFEC9A5D5DA","1.0","SYNVEH02139042620","REQ61D2301B93B30E0B","2025-02-20T04:57:48Z","2025-02-20T05:27:48Z","ASM4FFA777B92C090B0","1","usable","method_baseline","ford_mustang_mach_e","crossover","2023","37879","mi","90.2","percent","average","2025-02-20T02:52:48Z","2025-02-20T04:52:48Z","2025-02-20T06:27:48Z"
"SRC594C168B5A2A39BE","vehicle_assessment","BAT0EFEC9A5D5DA","1.0","SYNVEH78240149479","REQC3751EE53E29A3D0","2025-02-20T11:41:00Z","2025-02-20T13:11:00Z","ASMF6F13E3C948EF8E5","1","usable","method_baseline","ford_f150_lightning","pickup","2024","38016","km","85.3","percent","rough","2025-02-20T09:36:00Z","2025-02-20T11:36:00Z","2025-02-20T12:11:00Z"
"SRC8CF58C46AF7D4C04","vehicle_assessment","BAT0EFEC9A5D5DA","1.0","SYNVEH61657525774","REQA9988DE6B7901B74","2025-02-20T18:24:12Z","2025-02-20T18:54:12Z","ASMC9BEDCB20678B82E","1","usable","method_baseline","chevrolet_bolt_ev","hatchback","2025","38153","mi","89.3","percent","clean","2025-02-20T16:19:12Z","2025-02-20T18:19:12Z","2025-02-20T19:54:12Z"
"SRC0AF68AFC67A5984E","vehicle_assessment","BAT0EFEC9A5D5DA","1.0","SYNVEH11133990543","REQF926C4BEB763B8BB","2025-02-21T01:07:24Z","2025-02-21T02:37:24Z","ASM914D53180FAC4783","1","usable","method_baseline","nissan_leaf","hatchback","2026","38290","km","91.6","percent","average","2025-02-20T23:02:24Z","2025-02-21T01:02:24Z","2025-02-21T01:37:24Z"
"SRCA7C6FD94E062EB8B","vehicle_assessment","BAT0EFEC9A5D5DA","1.0","SYNVEH78527503877","REQA539A0DF4C3FA2B4","2025-02-21T07:50:36Z","2025-02-21T08:20:36Z","ASMD2CBBE0920135C58","1","usable","method_baseline","tesla_model_3","sedan","2018","38427","mi","87.3","percent","rough","2025-02-21T05:45:36Z","2025-02-21T07:45:36Z","2025-02-21T09:20:36Z"
"SRCE2A2E4CA3C4DFCDD","vehicle_assessment","BAT0EFEC9A5D5DA","1.0","SYNVEH00025652980","REQA17C2A77155261AE","2025-02-21T14:33:48Z","2025-02-21T16:03:48Z","ASMBF6D4002FCD87B40","1","usable","method_baseline","tesla_model_y","crossover","2019","38564","km","83.7","percent","clean","2025-02-21T12:28:48Z","2025-02-21T14:28:48Z","2025-02-21T15:03:48Z"
"SRCB217FC1497F3766F","vehicle_assessment","BAT0EFEC9A5D5DA","1.0","SYNVEH66694746142","REQ00E5A69F7C916E9E","2025-02-21T21:17:00Z","2025-02-21T21:47:00Z","ASM8FBDDCCE514700A7","1","usable","method_baseline","hyundai_ioniq_5","crossover","2020","38701","mi","95.9","percent","average","2025-02-21T19:12:00Z","2025-02-21T21:12:00Z","2025-02-21T22:47:00Z"
"SRC370218B467BC1EA4","vehicle_assessment","BAT0EFEC9A5D5DA","1.0","SYNVEH20288635365","REQ6F322B21DD0386CA","2025-02-22T04:00:12Z","2025-02-22T05:30:12Z","ASM6715D1305C59D74B","1","usable","method_baseline","ford_mustang_mach_e","crossover","2021","38838","km","89.0","percent","rough","2025-02-22T01:55:12Z","2025-02-22T03:55:12Z","2025-02-22T04:30:12Z"
"SRC8004E3D9C9B8A4A1","vehicle_assessment","BAT0EFEC9A5D5DA","1.0","SYNVEH41826044311","REQAC3351827C606B1F","2025-02-22T10:43:24Z","2025-02-22T11:13:24Z","ASM701303A6C273DAA6","1","usable","method_baseline","ford_f150_lightning","pickup","2022","38975","mi","91.3","percent","clean","2025-02-22T08:38:24Z","2025-02-22T10:38:24Z","2025-02-22T12:13:24Z"
"SRCA7ADD021BCA364D8","vehicle_assessment","BAT0EFEC9A5D5DA","1.0","SYNVEH50777270007","REQ608B32FDAC8A78C0","2025-02-22T17:26:36Z","2025-02-22T18:56:36Z","ASM96FA8E4A1B7D801B","1","usable","method_baseline","chevrolet_bolt_ev","hatchback","2023","39112","km","85.7","percent","average","2025-02-22T15:21:36Z","2025-02-22T17:21:36Z","2025-02-22T17:56:36Z"
"SRC3A99F91A9382839B","vehicle_assessment","BAT0EFEC9A5D5DA","1.0","SYNVEH60419262587","REQ5154377242A80C55","2025-02-23T00:09:48Z","2025-02-23T00:39:48Z","ASMA6DED0E13780A607","1","usable","method_baseline","nissan_leaf","hatchback","2024","39249","mi","96.9","percent","rough","2025-02-22T22:04:48Z","2025-02-23T00:04:48Z","2025-02-23T01:39:48Z"
"SRC62C00F7DF73E75C4","vehicle_assessment","BAT0EFEC9A5D5DA","1.0","SYNVEH97746440856","REQEF00298BB6B36571","2025-02-23T06:53:00Z","2025-02-23T08:23:00Z","ASMC6CE4EC0D6686C73","1","usable","method_baseline","tesla_model_3","sedan","2025","39386","km","90.1","percent","clean","2025-02-23T04:48:00Z","2025-02-23T06:48:00Z","2025-02-23T07:23:00Z"
"SRCA9FF531F39A721BB","vehicle_assessment","BAT0EFEC9A5D5DA","1.0","SYNVEH14545335981","REQ50B5994BC1F90C26","2025-02-23T13:36:12Z","2025-02-23T14:06:12Z","ASM189E1B8476DA6635","1","usable","method_baseline","tesla_model_y","crossover","2026","39523","mi","95.3","percent","average","2025-02-23T11:31:12Z","2025-02-23T13:31:12Z","2025-02-23T15:06:12Z"
"SRC4F9505DFBF3593CE","vehicle_assessment","BAT0EFEC9A5D5DA","1.0","SYNVEH47781025171","REQFF6295D08F14CCDA","2025-02-23T20:19:24Z","2025-02-23T21:49:24Z","ASM691971ACB1DA7E0F","1","usable","method_baseline","hyundai_ioniq_5","crossover","2018","39660","km","89.4","percent","rough","2025-02-23T18:14:24Z","2025-02-23T20:14:24Z","2025-02-23T20:49:24Z"
"SRC628F92FA676E3164","vehicle_assessment","BAT0EFEC9A5D5DA","1.0","SYNVEH01133421739","REQ8CCA08EFE1CBDBD0","2025-02-24T03:02:36Z","2025-02-24T03:32:36Z","ASM4CEC1453CCFEC2D6","1","usable","method_baseline","ford_mustang_mach_e","crossover","2019","39797","mi","88.0","percent","clean","2025-02-24T00:57:36Z","2025-02-24T02:57:36Z","2025-02-24T04:32:36Z"
"SRCA7A9CBA92B3ED16C","vehicle_assessment","BAT0EFEC9A5D5DA","1.0","SYNVEH26263404956","REQ594C792EA5B79FB6","2025-02-24T09:45:48Z","2025-02-24T11:15:48Z","ASM15ED213EC85E93FD","1","usable","method_baseline","ford_f150_lightning","pickup","2020","39934","km","95.7","percent","average","2025-02-24T07:40:48Z","2025-02-24T09:40:48Z","2025-02-24T10:15:48Z"
"SRC3A9520A32B2BAA1A","vehicle_assessment","BAT0EFEC9A5D5DA","1.0","SYNVEH32881600900","REQ2928028F17127520","2025-02-24T16:29:00Z","2025-02-24T16:59:00Z","ASMA5A10F086ACFBB71","1","usable","method_baseline","chevrolet_bolt_ev","hatchback","2021","40071","mi","91.6","percent","rough","2025-02-24T14:24:00Z","2025-02-24T16:24:00Z","2025-02-24T17:59:00Z"
"SRCF67CA510BD014CEA","vehicle_assessment","BAT0EFEC9A5D5DA","1.0","SYNVEH37535994537","REQ8D7697A550750D6C","2025-02-24T23:12:12Z","2025-02-25T00:42:12Z","ASME20ED47E43CCA958","1","usable","method_baseline","nissan_leaf","hatchback","2022","40208","km","91.9","percent","clean","2025-02-24T21:07:12Z","2025-02-24T23:07:12Z","2025-02-24T23:42:12Z"
"SRC10BD894C1B92EE66","vehicle_assessment","BAT0EFEC9A5D5DA","1.0","SYNVEH91950889734","REQAEC2A9718479F041","2025-02-25T05:55:24Z","2025-02-25T06:25:24Z","ASME4717A67192C5FBA","1","usable","method_baseline","tesla_model_3","sedan","2023","40345","mi","98.1","percent","average","2025-02-25T03:50:24Z","2025-02-25T05:50:24Z","2025-02-25T07:25:24Z"
"SRCE72C2533E12C362B","vehicle_assessment","BAT0EFEC9A5D5DA","1.0","SYNVEH77059279707","REQ270D63E87C44876C","2025-02-25T12:38:36Z","2025-02-25T14:08:36Z","ASM16B51C82F23DF5DC","1","usable","method_baseline","tesla_model_y","crossover","2024","40482","km","84.2","percent","rough","2025-02-25T10:33:36Z","2025-02-25T12:33:36Z","2025-02-25T13:08:36Z"
"SRC118A00346BCD241A","vehicle_assessment","BAT0EFEC9A5D5DA","1.0","SYNVEH00002774799","REQB63976554C41D30D","2025-02-25T19:21:48Z","2025-02-25T19:51:48Z","ASM5BCA0CE78D49673C","1","usable","method_baseline","hyundai_ioniq_5","crossover","2025","40619","mi","87.4","percent","clean","2025-02-25T17:16:48Z","2025-02-25T19:16:48Z","2025-02-25T20:51:48Z"
"SRC4819EAF8C6C2B1AA","vehicle_assessment","BAT0EFEC9A5D5DA","1.0","SYNVEH47259821190","REQ2CCC62F7D6459911","2025-02-26T02:05:00Z","2025-02-26T03:35:00Z","ASM7EB428A05009DFEF","1","usable","method_baseline","ford_mustang_mach_e","crossover","2026","40756","km","96.8","percent","average","2025-02-26T00:00:00Z","2025-02-26T02:00:00Z","2025-02-26T02:35:00Z"
"SRCA8C379A58A02FE94","vehicle_assessment","BAT0EFEC9A5D5DA","1.0","SYNVEH47317832296","REQ411B7D8CC760425D","2025-02-26T08:48:12Z","2025-02-26T09:18:12Z","ASM289ECB354CD29828","1","usable","method_baseline","ford_f150_lightning","pickup","2018","40893","mi","88.9","percent","rough","2025-02-26T06:43:12Z","2025-02-26T08:43:12Z","2025-02-26T10:18:12Z"
"SRCAA5F00ADECCC1163","vehicle_assessment","BAT0EFEC9A5D5DA","1.0","SYNVEH06406908509","REQA5D72CF768932627","2025-02-26T15:31:24Z","2025-02-26T17:01:24Z","ASM848B8740774A130F","1","usable","method_baseline","chevrolet_bolt_ev","hatchback","2019","41030","km","97.5","percent","clean","2025-02-26T13:26:24Z","2025-02-26T15:26:24Z","2025-02-26T16:01:24Z"
"SRC6474660AC814E332","vehicle_assessment","BAT0EFEC9A5D5DA","1.0","SYNVEH89373970585","REQDCD840B8C8426113","2025-02-26T22:14:36Z","2025-02-26T22:44:36Z","ASM66FD9D8A7F1ADD32","1","usable","method_baseline","nissan_leaf","hatchback","2020","41167","mi","98.7","percent","average","2025-02-26T20:09:36Z","2025-02-26T22:09:36Z","2025-02-26T23:44:36Z"
"SRC14D1678773670A73","vehicle_assessment","BAT0EFEC9A5D5DA","1.0","SYNVEH22077025621","REQ756A0E30897A1C23","2025-02-27T04:57:48Z","2025-02-27T06:27:48Z","ASM5F33857E90483404","1","usable","method_baseline","tesla_model_3","sedan","2021","41304","km","85.2","percent","rough","2025-02-27T02:52:48Z","2025-02-27T04:52:48Z","2025-02-27T05:27:48Z"
"SRC6EED4926854B1CF0","vehicle_assessment","BAT0EFEC9A5D5DA","1.0","SYNVEH80552460628","REQ6863E80752F5A9D0","2025-02-27T11:41:00Z","2025-02-27T12:11:00Z","ASM0BF859D7C661A026","1","usable","method_baseline","tesla_model_y","crossover","2022","41441","mi","92.0","percent","clean","2025-02-27T09:36:00Z","2025-02-27T11:36:00Z","2025-02-27T13:11:00Z"
"SRCB37A197A5172A223","vehicle_assessment","BAT0EFEC9A5D5DA","1.0","SYNVEH73958780210","REQB55380D346B322EB","2025-02-27T18:24:12Z","2025-02-27T19:54:12Z","ASM1938682099CFFD81","1","usable","method_baseline","hyundai_ioniq_5","crossover","2023","41578","km","87.8","percent","average","2025-02-27T16:19:12Z","2025-02-27T18:19:12Z","2025-02-27T18:54:12Z"
"SRCBF944171379EA5C6","vehicle_assessment","BAT0EFEC9A5D5DA","1.0","SYNVEH61165030988","REQ812C404C4763A037","2025-02-28T01:07:24Z","2025-02-28T01:37:24Z","ASMA0AE5AD606F7BD6D","1","usable","method_baseline","ford_mustang_mach_e","crossover","2024","41715","mi","91.8","percent","rough","2025-02-27T23:02:24Z","2025-02-28T01:02:24Z","2025-02-28T02:37:24Z"
"SRCE74320E20D69540D","vehicle_assessment","BAT0EFEC9A5D5DA","1.0","SYNVEH64222531076","REQ5C380E38DC46E8EB","2025-02-28T07:50:36Z","2025-02-28T09:20:36Z","ASMA63406961A3F5351","1","usable","method_baseline","ford_f150_lightning","pickup","2025","41852","km","94.6","percent","clean","2025-02-28T05:45:36Z","2025-02-28T07:45:36Z","2025-02-28T08:20:36Z"
"SRCAA5571808B962C1E","vehicle_assessment","BAT0EFEC9A5D5DA","1.0","SYNVEH32750335655","REQ62E57CFF93162DC5","2025-02-28T14:33:48Z","2025-02-28T15:03:48Z","ASM1AC5F9775CCD636F","1","usable","method_baseline","chevrolet_bolt_ev","hatchback","2026","41989","mi","93.0","percent","average","2025-02-28T12:28:48Z","2025-02-28T14:28:48Z","2025-02-28T16:03:48Z"
"SRCDD65817DD3595292","vehicle_assessment","BAT0EFEC9A5D5DA","1.0","SYNVEH46732830820","REQ0CA9BB40439E679C","2025-02-28T21:17:00Z","2025-02-28T22:47:00Z","ASMA352EFEC759074C1","1","usable","method_baseline","nissan_leaf","hatchback","2018","42126","km","89.7","percent","rough","2025-02-28T19:12:00Z","2025-02-28T21:12:00Z","2025-02-28T21:47:00Z"
"SRCE47DD91194A64899","vehicle_assessment","BAT0EFEC9A5D5DA","1.0","SYNVEH54366149262","REQF98B448385D6A84A","2025-03-01T04:00:12Z","2025-03-01T04:30:12Z","ASM280A5D0EE8F73168","1","usable","method_baseline","tesla_model_3","sedan","2019","42263","mi","89.3","percent","clean","2025-03-01T01:55:12Z","2025-03-01T03:55:12Z","2025-03-01T05:30:12Z"
"SRC8FB8957CB08F1F05","vehicle_assessment","BAT0EFEC9A5D5DA","1.0","SYNVEH46692198251","REQ8437E38A986E09ED","2025-03-01T10:43:24Z","2025-03-01T12:13:24Z","ASM9FB0E805C1A3279B","1","usable","method_baseline","tesla_model_y","crossover","2020","42400","km","92.2","percent","average","2025-03-01T08:38:24Z","2025-03-01T10:38:24Z","2025-03-01T11:13:24Z"
"SRCBF5D46B1AC401186","vehicle_assessment","BAT0EFEC9A5D5DA","1.0","SYNVEH11432563602","REQ357AE7A8193C5432","2025-03-01T17:48:12Z","2025-03-01T18:18:12Z","ASM1D0AA1C98141018A","1","usable","method_baseline","hyundai_ioniq_5","crossover","2021","42537","mi","91.3","percent","rough","2025-03-01T15:43:12Z","2025-03-01T17:43:12Z","2025-03-01T19:18:12Z"
"SRC67F49D5610291000","vehicle_assessment","BAT0EFEC9A5D5DA","1.0","SYNVEH62110180271","REQ3C95514DE1748E8D","2025-03-02T01:14:36Z","2025-03-02T02:44:36Z","ASMD05D14145FDEAF65","1","usable","method_baseline","ford_mustang_mach_e","crossover","2022","42674","km","95.2","percent","clean","2025-03-01T23:09:36Z","2025-03-02T01:09:36Z","2025-03-02T01:44:36Z"
"SRCBEDF23D7FC3AC6FB","vehicle_assessment","BAT0EFEC9A5D5DA","1.0","SYNVEH15378517828","REQ342BFA9668872D90","2025-03-02T08:41:00Z","2025-03-02T09:11:00Z","ASM3D3A384CA3FCCCB1","1","usable","method_baseline","ford_f150_lightning","pickup","2023","42811","mi","89.9","percent","average","2025-03-02T06:36:00Z","2025-03-02T08:36:00Z","2025-03-02T10:11:00Z"
"SRCE7E2B7631C73914E","vehicle_assessment","BAT0EFEC9A5D5DA","1.0","SYNVEH10168102823","REQ9C34A7E2FECF2862","2025-03-02T16:07:24Z","2025-03-02T17:37:24Z","ASMCF7A6DE9079F80FF","1","usable","method_baseline","chevrolet_bolt_ev","hatchback","2024","42948","km","86.3","percent","rough","2025-03-02T14:02:24Z","2025-03-02T16:02:24Z","2025-03-02T16:37:24Z"
"SRCD37575467E5CABBD","vehicle_assessment","BAT0EFEC9A5D5DA","1.0","SYNVEH58501982211","REQCB0FBEF15B1D8896","2025-03-02T23:33:48Z","2025-03-03T00:03:48Z","ASM1DE10B976356A513","1","usable","method_baseline","nissan_leaf","hatchback","2025","43085","mi","95.4","percent","clean","2025-03-02T21:28:48Z","2025-03-02T23:28:48Z","2025-03-03T01:03:48Z"
"SRC729F76BAE0718E5C","vehicle_assessment","BAT0EFEC9A5D5DA","1.0","SYNVEH32271628758","REQ87756EEB647BE7E6","2025-03-03T07:00:12Z","2025-03-03T08:30:12Z","ASM20D4A94D0A96ECA1","1","usable","method_baseline","tesla_model_3","sedan","2026","43222","km","91.2","percent","average","2025-03-03T04:55:12Z","2025-03-03T06:55:12Z","2025-03-03T07:30:12Z"
"SRC855AC8B5AB526ACC","vehicle_assessment","BAT0EFEC9A5D5DA","1.0","SYNVEH24003304970","REQ16A9705DC78735CC","2025-03-03T14:26:36Z","2025-03-03T14:56:36Z","ASM045A2F0546AF011A","1","usable","method_baseline","tesla_model_y","crossover","2018","43359","mi","97.9","percent","rough","2025-03-03T12:21:36Z","2025-03-03T14:21:36Z","2025-03-03T15:56:36Z"
"SRC07B83F6A296C412E","vehicle_assessment","BAT0EFEC9A5D5DA","1.0","SYNVEH96010815910","REQ114757735281A750","2025-03-03T21:53:00Z","2025-03-03T23:23:00Z","ASMCF7CC2D22715D2C3","1","usable","method_baseline","hyundai_ioniq_5","crossover","2019","43496","km","85.8","percent","clean","2025-03-03T19:48:00Z","2025-03-03T21:48:00Z","2025-03-03T22:23:00Z"
"SRC9A79DBBF7CD75FBD","vehicle_assessment","BAT0EFEC9A5D5DA","1.0","SYNVEH49335975527","REQ6C045BBC24EAC74A","2025-03-04T05:19:24Z","2025-03-04T05:49:24Z","ASMF5A6F05CD13C6E5F","1","usable","method_baseline","ford_mustang_mach_e","crossover","2020","43633","mi","89.4","percent","average","2025-03-04T03:14:24Z","2025-03-04T05:14:24Z","2025-03-04T06:49:24Z"
"SRC67BCE8798B42B8D2","vehicle_assessment","BAT0EFEC9A5D5DA","1.0","SYNVEH11853015439","REQ701C8AE2C775D450","2025-03-04T12:45:48Z","2025-03-04T14:15:48Z","ASMEB4491C835F1EE32","1","usable","method_baseline","ford_f150_lightning","pickup","2021","43770","km","97.5","percent","rough","2025-03-04T10:40:48Z","2025-03-04T12:40:48Z","2025-03-04T13:15:48Z"
"SRCDF45FDD4EFF2AD1F","vehicle_assessment","BAT0EFEC9A5D5DA","1.0","SYNVEH90708953331","REQBBD19265EBCA99B4","2025-03-04T20:12:12Z","2025-03-04T20:42:12Z","ASM4A1BAD8723D68277","1","usable","method_baseline","chevrolet_bolt_ev","hatchback","2022","43907","mi","88.3","percent","clean","2025-03-04T18:07:12Z","2025-03-04T20:07:12Z","2025-03-04T21:42:12Z"
"SRC7ADC260A27718DF7","vehicle_assessment","BAT0EFEC9A5D5DA","1.0","SYNVEH63932133295","REQA1B5763F489888E4","2025-03-05T03:38:36Z","2025-03-05T05:08:36Z","ASM5EE95854E30919C6","1","usable","method_baseline","nissan_leaf","hatchback","2023","44044","km","85.6","percent","average","2025-03-05T01:33:36Z","2025-03-05T03:33:36Z","2025-03-05T04:08:36Z"
"SRC07CCF6C98C4E3B45","vehicle_assessment","BAT0EFEC9A5D5DA","1.0","SYNVEH90825377277","REQF50FA2FAF75094F0","2025-03-05T11:05:00Z","2025-03-05T11:35:00Z","ASM40FFFF02C5D58D72","1","usable","method_baseline","tesla_model_3","sedan","2024","44181","mi","86.8","percent","rough","2025-03-05T09:00:00Z","2025-03-05T11:00:00Z","2025-03-05T12:35:00Z"
"SRCD3F1CB1033FA3F4F","vehicle_assessment","BAT0EFEC9A5D5DA","1.0","SYNVEH44694413412","REQ621FD793D5D2B64E","2025-03-05T18:31:24Z","2025-03-05T20:01:24Z","ASM7425E57ACDCC7F39","1","usable","method_baseline","tesla_model_y","crossover","2025","44318","km","91.1","percent","clean","2025-03-05T16:26:24Z","2025-03-05T18:26:24Z","2025-03-05T19:01:24Z"
"SRC37C2C2B1CECC84B1","vehicle_assessment","BAT0EFEC9A5D5DA","1.0","SYNVEH39422125598","REQ75186EF0EC6E425D","2025-03-06T01:57:48Z","2025-03-06T02:27:48Z","ASME399EDDE020B3C17","1","usable","method_baseline","hyundai_ioniq_5","crossover","2026","44455","mi","89.5","percent","average","2025-03-05T23:52:48Z","2025-03-06T01:52:48Z","2025-03-06T03:27:48Z"
"SRC86272DC7DD98BF96","vehicle_assessment","BAT0EFEC9A5D5DA","1.0","SYNVEH84049338203","REQ53E92B1D7692E6FA","2025-03-06T09:24:12Z","2025-03-06T10:54:12Z","ASM8E7403A5F401490A","1","usable","method_baseline","ford_mustang_mach_e","crossover","2018","44592","km","88.0","percent","rough","2025-03-06T07:19:12Z","2025-03-06T09:19:12Z","2025-03-06T09:54:12Z"
"SRC56DB176CCE57513F","vehicle_assessment","BAT0EFEC9A5D5DA","1.0","SYNVEH83090546604","REQ9664A575C8DF85C4","2025-03-06T16:50:36Z","2025-03-06T17:20:36Z","ASM78B9BA90A0F19D86","1","usable","method_baseline","ford_f150_lightning","pickup","2019","44729","mi","86.9","percent","clean","2025-03-06T14:45:36Z","2025-03-06T16:45:36Z","2025-03-06T18:20:36Z"
"SRC5C69198A870C1CF7","vehicle_assessment","BAT0EFEC9A5D5DA","1.0","SYNVEH61411262221","REQAF1CDED9770A9BF8","2025-03-07T00:17:00Z","2025-03-07T01:47:00Z","ASMCBCB808372B82B7B","1","usable","method_baseline","chevrolet_bolt_ev","hatchback","2020","44866","km","90.9","percent","average","2025-03-06T22:12:00Z","2025-03-07T00:12:00Z","2025-03-07T00:47:00Z"
"SRC0FF6220BAF9ADA6E","vehicle_assessment","BAT0EFEC9A5D5DA","1.0","SYNVEH80808248808","REQ9FD87C6D20A8168C","2025-03-07T07:43:24Z","2025-03-07T08:13:24Z","ASM6172DDFBF6AE8779","1","usable","method_baseline","nissan_leaf","hatchback","2021","45003","mi","90.2","percent","rough","2025-03-07T05:38:24Z","2025-03-07T07:38:24Z","2025-03-07T09:13:24Z"
"SRC537983D867C02BEF","vehicle_assessment","BAT0EFEC9A5D5DA","1.0","SYNVEH58308847598","REQ4952ACEB04D4BB8E","2025-03-07T15:09:48Z","2025-03-07T16:39:48Z","ASM0E4F4CD729036DA9","1","usable","method_baseline","tesla_model_3","sedan","2022","45140","km","95.5","percent","clean","2025-03-07T13:04:48Z","2025-03-07T15:04:48Z","2025-03-07T15:39:48Z"
"SRC2E790CB93F7B071E","vehicle_assessment","BAT0EFEC9A5D5DA","1.0","SYNVEH40060626426","REQ0E469A9826565521","2025-03-07T22:36:12Z","2025-03-07T23:06:12Z","ASM100B4EDC37D22B5A","1","usable","method_baseline","tesla_model_y","crossover","2023","45277","mi","92.3","percent","average","2025-03-07T20:31:12Z","2025-03-07T22:31:12Z","2025-03-08T00:06:12Z"
"SRCEAD002253ED4B4D6","vehicle_assessment","BAT0EFEC9A5D5DA","1.0","SYNVEH73951672598","REQB055CCAE81CB4E33","2025-03-08T06:02:36Z","2025-03-08T07:32:36Z","ASMA11BEFA16C01AC9C","1","usable","method_baseline","hyundai_ioniq_5","crossover","2024","45414","km","84.7","percent","rough","2025-03-08T03:57:36Z","2025-03-08T05:57:36Z","2025-03-08T06:32:36Z"
"SRC9A6BB1774992E219","vehicle_assessment","BAT0EFEC9A5D5DA","1.0","SYNVEH65847299060","REQ0C3521AC83F20455","2025-03-08T13:29:00Z","2025-03-08T13:59:00Z","ASM135699FC1A7243A6","1","usable","method_baseline","ford_mustang_mach_e","crossover","2025","45551","mi","88.4","percent","clean","2025-03-08T11:24:00Z","2025-03-08T13:24:00Z","2025-03-08T14:59:00Z"
"SRC228AA356ACB3C599","vehicle_assessment","BAT0EFEC9A5D5DA","1.0","SYNVEH06497990877","REQA0F86766E18307D6","2025-03-08T20:55:24Z","2025-03-08T22:25:24Z","ASMD6FA8964973E4766","1","usable","method_baseline","ford_f150_lightning","pickup","2026","45688","km","89.0","percent","average","2025-03-08T18:50:24Z","2025-03-08T20:50:24Z","2025-03-08T21:25:24Z"
"SRC162BC142BEE09D64","vehicle_assessment","BAT0EFEC9A5D5DA","1.0","SYNVEH08456220513","REQDA65A587A0068580","2025-03-09T04:21:48Z","2025-03-09T04:51:48Z","ASM4FD06CF05FB257CA","1","usable","method_baseline","chevrolet_bolt_ev","hatchback","2018","45825","mi","83.3","percent","rough","2025-03-09T02:16:48Z","2025-03-09T04:16:48Z","2025-03-09T05:51:48Z"
"SRCBB32A9095E3D1A4B","vehicle_assessment","BAT0EFEC9A5D5DA","1.0","SYNVEH46993551460","REQA0A3F242A9661D31","2025-03-09T11:48:12Z","2025-03-09T13:18:12Z","ASM3EA412F9983831AA","1","usable","method_baseline","nissan_leaf","hatchback","2019","45962","km","88.0","percent","clean","2025-03-09T09:43:12Z","2025-03-09T11:43:12Z","2025-03-09T12:18:12Z"
"SRCF6D189BBD9CE24CB","vehicle_assessment","BAT0EFEC9A5D5DA","1.0","SYNVEH75482669066","REQCF8633A28C7F1F2C","2025-03-09T19:14:36Z","2025-03-09T19:44:36Z","ASMC51CCFC516D1A9B1","1","usable","method_baseline","tesla_model_3","sedan","2020","46099","mi","89.3","percent","average","2025-03-09T17:09:36Z","2025-03-09T19:09:36Z","2025-03-09T20:44:36Z"
"SRC1548A6E1521E1E04","vehicle_assessment","BAT0EFEC9A5D5DA","1.0","SYNVEH77229723249","REQ5A5E64629E8A6277","2025-03-10T02:41:00Z","2025-03-10T04:11:00Z","ASME6B9315258A6058C","1","usable","method_baseline","tesla_model_y","crossover","2021","46236","km","87.8","percent","rough","2025-03-10T00:36:00Z","2025-03-10T02:36:00Z","2025-03-10T03:11:00Z"
"SRC1B654AC1BAED43F0","vehicle_assessment","BAT0EFEC9A5D5DA","1.0","SYNVEH08193335735","REQ762173C284842A8E","2025-03-10T10:07:24Z","2025-03-10T10:37:24Z","ASM4A20AAEEBDA0AB6C","1","usable","method_baseline","hyundai_ioniq_5","crossover","2022","46373","mi","93.4","percent","clean","2025-03-10T08:02:24Z","2025-03-10T10:02:24Z","2025-03-10T11:37:24Z"
"SRC09B138F5D74BAF99","vehicle_assessment","BAT0EFEC9A5D5DA","1.0","SYNVEH76513200966","REQA14D961D153EA6D3","2025-03-10T17:33:48Z","2025-03-10T19:03:48Z","ASM84B2EBA404335C7E","1","usable","method_baseline","ford_mustang_mach_e","crossover","2023","46510","km","84.5","percent","average","2025-03-10T15:28:48Z","2025-03-10T17:28:48Z","2025-03-10T18:03:48Z"
"SRC97D6D72B9FFEB2AD","vehicle_assessment","BAT0EFEC9A5D5DA","1.0","SYNVEH16437088703","REQCE5806CAFA4486F4","2025-03-11T01:00:12Z","2025-03-11T01:30:12Z","ASMC2305E9745FE6130","1","usable","method_baseline","ford_f150_lightning","pickup","2024","46647","mi","88.7","percent","rough","2025-03-10T22:55:12Z","2025-03-11T00:55:12Z","2025-03-11T02:30:12Z"
"SRCC5E0EBCEFEBD729C","vehicle_assessment","BAT0EFEC9A5D5DA","1.0","SYNVEH41255053093","REQ851B498BC3EED3CC","2025-03-11T08:26:36Z","2025-03-11T09:56:36Z","ASM4DB7A2E06CC05283","1","usable","method_baseline","chevrolet_bolt_ev","hatchback","2025","46784","km","96.4","percent","clean","2025-03-11T06:21:36Z","2025-03-11T08:21:36Z","2025-03-11T08:56:36Z"
"SRC3673A2AB0D52B246","vehicle_assessment","BAT0EFEC9A5D5DA","1.0","SYNVEH77004073974","REQE7D1A27E37BECAB8","2025-03-11T15:53:00Z","2025-03-11T16:23:00Z","ASM63CE941C5B8CD2A7","1","usable","method_baseline","nissan_leaf","hatchback","2026","46921","mi","96.6","percent","average","2025-03-11T13:48:00Z","2025-03-11T15:48:00Z","2025-03-11T17:23:00Z"
"SRC9EFFF8D55781D31F","vehicle_assessment","BAT0EFEC9A5D5DA","1.0","SYNVEH65156928458","REQ9437491434940C3A","2025-03-11T23:19:24Z","2025-03-12T00:49:24Z","ASMBF08B9C05E8735DB","1","usable","method_baseline","tesla_model_3","sedan","2018","47058","km","87.2","percent","rough","2025-03-11T21:14:24Z","2025-03-11T23:14:24Z","2025-03-11T23:49:24Z"
"SRC6A2DF19326BCFDE8","vehicle_assessment","BAT0EFEC9A5D5DA","1.0","SYNVEH15624555168","REQ067E112025A715B5","2025-03-12T06:45:48Z","2025-03-12T07:15:48Z","ASME797C876C884CD77","1","usable","method_baseline","tesla_model_y","crossover","2019","47195","mi","98.3","percent","clean","2025-03-12T04:40:48Z","2025-03-12T06:40:48Z","2025-03-12T08:15:48Z"
"SRCB9783FEDB425C0F3","vehicle_assessment","BAT0EFEC9A5D5DA","1.0","SYNVEH26917312532","REQ6FD199FE0BC0EF11","2025-03-12T14:12:12Z","2025-03-12T15:42:12Z","ASMAB28DAD6BA3AF83F","1","usable","method_baseline","hyundai_ioniq_5","crossover","2020","47332","km","92.8","percent","average","2025-03-12T12:07:12Z","2025-03-12T14:07:12Z","2025-03-12T14:42:12Z"
"SRCF2A5B01E7785EBAC","vehicle_assessment","BAT0EFEC9A5D5DA","1.0","SYNVEH63029240827","REQ0B608E073E3D8715","2025-03-12T21:38:36Z","2025-03-12T22:08:36Z","ASMB1242A1A47378990","1","usable","method_baseline","ford_mustang_mach_e","crossover","2021","47469","mi","84.9","percent","rough","2025-03-12T19:33:36Z","2025-03-12T21:33:36Z","2025-03-12T23:08:36Z"
"SRCB9FD55A3E7EC21CC","vehicle_assessment","BAT0EFEC9A5D5DA","1.0","SYNVEH02449918824","REQC472194310AE5C95","2025-03-13T05:05:00Z","2025-03-13T06:35:00Z","ASM5F59A4F81502CA73","1","usable","method_baseline","ford_f150_lightning","pickup","2022","47606","km","89.4","percent","clean","2025-03-13T03:00:00Z","2025-03-13T05:00:00Z","2025-03-13T05:35:00Z"
"SRCA55AE1635D370D33","vehicle_assessment","BAT0EFEC9A5D5DA","1.0","SYNVEH69565452604","REQ1C0D8CD2E9EE5DA7","2025-03-13T12:31:24Z","2025-03-13T13:01:24Z","ASM19E6C1A28D92D898","1","usable","method_baseline","chevrolet_bolt_ev","hatchback","2023","47743","mi","87.9","percent","average","2025-03-13T10:26:24Z","2025-03-13T12:26:24Z","2025-03-13T14:01:24Z"
"SRC6CF4812513A9447E","vehicle_assessment","BAT0EFEC9A5D5DA","1.0","SYNVEH88172900723","REQA30D1FB8C225A3E9","2025-03-13T19:57:48Z","2025-03-13T21:27:48Z","ASM7EF7549E2763F442","1","usable","method_baseline","nissan_leaf","hatchback","2024","47880","km","94.1","percent","rough","2025-03-13T17:52:48Z","2025-03-13T19:52:48Z","2025-03-13T20:27:48Z"
"SRC719A7B29DF396D0F","vehicle_assessment","BAT0EFEC9A5D5DA","1.0","SYNVEH71543291942","REQ18E4E715B1DCCAB2","2025-03-14T03:24:12Z","2025-03-14T03:54:12Z","ASM1BF9A62F1D6E64F3","1","usable","method_baseline","tesla_model_3","sedan","2025","48017","mi","95.8","percent","clean","2025-03-14T01:19:12Z","2025-03-14T03:19:12Z","2025-03-14T04:54:12Z"
"SRC48074F284623E601","vehicle_assessment","BAT0EFEC9A5D5DA","1.0","SYNVEH17922215222","REQ67EAFB002BB03ABE","2025-03-14T10:50:36Z","2025-03-14T12:20:36Z","ASM6D80E0800AD440D1","1","usable","method_baseline","tesla_model_y","crossover","2026","48154","km","93.6","percent","average","2025-03-14T08:45:36Z","2025-03-14T10:45:36Z","2025-03-14T11:20:36Z"
"SRC67D05650403E1C07","vehicle_assessment","BAT0EFEC9A5D5DA","1.0","SYNVEH31193077824","REQ8123F68A9E3CBD79","2025-03-14T18:17:00Z","2025-03-14T18:47:00Z","ASMCD78EE8D082570DB","1","usable","method_baseline","hyundai_ioniq_5","crossover","2018","48291","mi","84.7","percent","rough","2025-03-14T16:12:00Z","2025-03-14T18:12:00Z","2025-03-14T19:47:00Z"
"SRCC7F949A112932522","vehicle_assessment","BAT0EFEC9A5D5DA","1.0","SYNVEH53941539085","REQ872DE843F1701D98","2025-03-15T01:43:24Z","2025-03-15T03:13:24Z","ASM4B44F14713D17804","1","usable","method_baseline","ford_mustang_mach_e","crossover","2019","48428","km","94.4","percent","clean","2025-03-14T23:38:24Z","2025-03-15T01:38:24Z","2025-03-15T02:13:24Z"
"SRC2F8BABDCBF0733CA","vehicle_assessment","BAT0EFEC9A5D5DA","1.0","SYNVEH55656727703","REQ05040CA7A14EC7A6","2025-03-15T09:09:48Z","2025-03-15T09:39:48Z","ASMC2AA69828F97242F","1","usable","method_baseline","ford_f150_lightning","pickup","2020","48565","mi","97.0","percent","average","2025-03-15T07:04:48Z","2025-03-15T09:04:48Z","2025-03-15T10:39:48Z"
"SRC73D7150C1764614D","vehicle_assessment","BAT0EFEC9A5D5DA","1.0","SYNVEH69235246053","REQ70081CDECEA81E08","2025-03-15T16:36:12Z","2025-03-15T18:06:12Z","ASMC06B719B05674716","1","usable","method_baseline","chevrolet_bolt_ev","hatchback","2021","48702","km","93.2","percent","rough","2025-03-15T14:31:12Z","2025-03-15T16:31:12Z","2025-03-15T17:06:12Z"
"SRCD3E337FEAF25F518","vehicle_assessment","BAT0EFEC9A5D5DA","1.0","SYNVEH90824006216","REQEDC5518607F6C529","2025-03-16T00:02:36Z","2025-03-16T00:32:36Z","ASM3A0AF547442126C3","1","usable","method_baseline","nissan_leaf","hatchback","2022","48839","mi","94.0","percent","clean","2025-03-15T21:57:36Z","2025-03-15T23:57:36Z","2025-03-16T01:32:36Z"
"SRCC259D8403190ADAA","vehicle_assessment","BAT0EFEC9A5D5DA","1.0","SYNVEH34097825097","REQ05DC6F028015F5D1","2025-03-16T07:29:00Z","2025-03-16T08:59:00Z","ASMECF60B6474C248E7","1","usable","method_baseline","tesla_model_3","sedan","2023","48976","km","87.1","percent","average","2025-03-16T05:24:00Z","2025-03-16T07:24:00Z","2025-03-16T07:59:00Z"
"SRCE424ADF8498EBCAD","vehicle_assessment","BAT0EFEC9A5D5DA","1.0","SYNVEH09816668390","REQA9414A3BF615CF11","2025-03-16T14:55:24Z","2025-03-16T15:25:24Z","ASM324D604E6D6B0F91","1","usable","method_baseline","tesla_model_y","crossover","2024","49113","mi","89.4","percent","rough","2025-03-16T12:50:24Z","2025-03-16T14:50:24Z","2025-03-16T16:25:24Z"
"SRCEA91DBB210E72A97","vehicle_assessment","BAT0EFEC9A5D5DA","1.0","SYNVEH08035410381","REQB10FEF0C7582AAA2","2025-03-16T22:21:48Z","2025-03-16T23:51:48Z","ASMF2BA2E70B9CD28F4","1","usable","method_baseline","hyundai_ioniq_5","crossover","2025","49250","km","94.6","percent","clean","2025-03-16T20:16:48Z","2025-03-16T22:16:48Z","2025-03-16T22:51:48Z"
"SRCBDB8EB655D57CDA4","vehicle_assessment","BAT0EFEC9A5D5DA","1.0","SYNVEH52695097976","REQ66AB36D3CF732258","2025-03-17T05:48:12Z","2025-03-17T06:18:12Z","ASMA8D66B88C7BFA65D","1","usable","method_baseline","ford_mustang_mach_e","crossover","2026","49387","mi","90.6","percent","average","2025-03-17T03:43:12Z","2025-03-17T05:43:12Z","2025-03-17T07:18:12Z"
"SRCC6D0CE2FC91699F1","vehicle_assessment","BAT0EFEC9A5D5DA","1.0","SYNVEH43003144276","REQEA10A9250DE2677C","2025-03-17T13:14:36Z","2025-03-17T14:44:36Z","ASMDEB76093D29FBEBE","1","usable","method_baseline","ford_f150_lightning","pickup","2018","49524","km","96.0","percent","rough","2025-03-17T11:09:36Z","2025-03-17T13:09:36Z","2025-03-17T13:44:36Z"
"SRCC602D623E02A625C","vehicle_assessment","BAT0EFEC9A5D5DA","1.0","SYNVEH50897872606","REQ5C8694ABFDECB17A","2025-03-17T20:41:00Z","2025-03-17T21:11:00Z","ASMD7EA7F7789EEE78C","1","usable","method_baseline","chevrolet_bolt_ev","hatchback","2019","49661","mi","95.7","percent","clean","2025-03-17T18:36:00Z","2025-03-17T20:36:00Z","2025-03-17T22:11:00Z"
"SRC728D5E3B590A8D4B","vehicle_assessment","BAT0EFEC9A5D5DA","1.0","SYNVEH82825292090","REQE8A2F22F8B8E927B","2025-03-18T04:07:24Z","2025-03-18T05:37:24Z","ASM524D407199506238","1","usable","method_baseline","nissan_leaf","hatchback","2020","49798","km","84.6","percent","average","2025-03-18T02:02:24Z","2025-03-18T04:02:24Z","2025-03-18T04:37:24Z"
"SRC3BFAF8D141885ED3","vehicle_assessment","BAT0EFEC9A5D5DA","1.0","SYNVEH69923065185","REQC0F13F71DF5CD4B6","2025-03-18T11:33:48Z","2025-03-18T12:03:48Z","ASM9759308D54086462","1","usable","method_baseline","tesla_model_3","sedan","2021","49935","mi","83.8","percent","rough","2025-03-18T09:28:48Z","2025-03-18T11:28:48Z","2025-03-18T13:03:48Z"
"SRC8058572BB6A29A47","vehicle_assessment","BAT0EFEC9A5D5DA","1.0","SYNVEH59251974427","REQEDF073FE300E98B1","2025-03-18T19:00:12Z","2025-03-18T20:30:12Z","ASM1A3F7166AE6EAE86","1","usable","method_baseline","tesla_model_y","crossover","2022","50072","km","95.5","percent","clean","2025-03-18T16:55:12Z","2025-03-18T18:55:12Z","2025-03-18T19:30:12Z"
"SRC6749E8444E512D5E","vehicle_assessment","BAT0EFEC9A5D5DA","1.0","SYNVEH96343117763","REQ997E2DE819DE216C","2025-03-19T02:26:36Z","2025-03-19T02:56:36Z","ASM56998890D3060ADB","1","usable","method_baseline","hyundai_ioniq_5","crossover","2023","50209","mi","95.1","percent","average","2025-03-19T00:21:36Z","2025-03-19T02:21:36Z","2025-03-19T03:56:36Z"
"SRC0C6F11FC191F5B5D","vehicle_assessment","BAT0EFEC9A5D5DA","1.0","SYNVEH95567292096","REQD807DD0C014CB86B","2025-03-19T09:53:00Z","2025-03-19T11:23:00Z","ASM483FECEB09A17A9C","1","usable","method_baseline","ford_mustang_mach_e","crossover","2024","50346","km","90.4","percent","rough","2025-03-19T07:48:00Z","2025-03-19T09:48:00Z","2025-03-19T10:23:00Z"
"SRC1E8112A0B0837FDE","vehicle_assessment","BAT0EFEC9A5D5DA","1.0","SYNVEH33098071122","REQE7965E944CFF832E","2025-03-19T17:19:24Z","2025-03-19T17:49:24Z","ASM3EC9511FA3D264D3","1","usable","method_baseline","ford_f150_lightning","pickup","2025","50483","mi","84.8","percent","clean","2025-03-19T15:14:24Z","2025-03-19T17:14:24Z","2025-03-19T18:49:24Z"
"SRC474C0A9212DC93BF","vehicle_assessment","BAT0EFEC9A5D5DA","1.0","SYNVEH91457550089","REQCF1911EBA5124D78","2025-03-20T00:45:48Z","2025-03-20T02:15:48Z","ASM5C9C4DD9D149EED8","1","usable","method_baseline","chevrolet_bolt_ev","hatchback","2026","50620","km","95.7","percent","average","2025-03-19T22:40:48Z","2025-03-20T00:40:48Z","2025-03-20T01:15:48Z"
"SRC2A839D9E563F2AD7","vehicle_assessment","BAT0EFEC9A5D5DA","1.0","SYNVEH97995355166","REQEE6BA06674F376CD","2025-03-20T08:12:12Z","2025-03-20T08:42:12Z","ASMABA84355AC5A7065","1","usable","method_baseline","nissan_leaf","hatchback","2018","50757","mi","98.3","percent","rough","2025-03-20T06:07:12Z","2025-03-20T08:07:12Z","2025-03-20T09:42:12Z"
"SRCF64B40C9D2EE1B3E","vehicle_assessment","BAT0EFEC9A5D5DA","1.0","SYNVEH58749702460","REQ28F517ED32449EF9","2025-03-20T15:38:36Z","2025-03-20T17:08:36Z","ASM59082B446C2E4BB8","1","usable","method_baseline","tesla_model_3","sedan","2019","50894","km","95.6","percent","clean","2025-03-20T13:33:36Z","2025-03-20T15:33:36Z","2025-03-20T16:08:36Z"
"SRC54102F61ABFF044F","vehicle_assessment","BAT0EFEC9A5D5DA","1.0","SYNVEH88392839998","REQ67636CFC208EB89A","2025-03-20T23:05:00Z","2025-03-20T23:35:00Z","ASM1A8C8F6B1457EDB0","1","usable","method_baseline","tesla_model_y","crossover","2020","51031","mi","95.0","percent","average","2025-03-20T21:00:00Z","2025-03-20T23:00:00Z","2025-03-21T00:35:00Z"
"SRC5582E89DE896B804","vehicle_assessment","BAT0EFEC9A5D5DA","1.0","SYNVEH43660485023","REQF9611325BDFA10ED","2025-03-21T06:31:24Z","2025-03-21T08:01:24Z","ASM6A54C3F2EF18E5ED","1","usable","method_baseline","hyundai_ioniq_5","crossover","2021","51168","km","94.0","percent","rough","2025-03-21T04:26:24Z","2025-03-21T06:26:24Z","2025-03-21T07:01:24Z"
"SRC8B6B325BE0402584","vehicle_assessment","BAT0EFEC9A5D5DA","1.0","SYNVEH57836831753","REQ4719328A2243DE71","2025-03-21T13:57:48Z","2025-03-21T14:27:48Z","ASMC0AD11DC1CF1FEC3","1","usable","method_baseline","ford_mustang_mach_e","crossover","2022","51305","mi","84.6","percent","clean","2025-03-21T11:52:48Z","2025-03-21T13:52:48Z","2025-03-21T15:27:48Z"
"SRC933ACC60AD4ED789","vehicle_assessment","BAT0EFEC9A5D5DA","1.0","SYNVEH33694947641","REQEA133B999C73BF0C","2025-03-21T21:24:12Z","2025-03-21T22:54:12Z","ASMC7DFBCFF20D8C646","1","usable","method_baseline","ford_f150_lightning","pickup","2023","51442","km","89.4","percent","average","2025-03-21T19:19:12Z","2025-03-21T21:19:12Z","2025-03-21T21:54:12Z"
"SRC2F01FFD0142F58EE","vehicle_assessment","BAT0EFEC9A5D5DA","1.0","SYNVEH81898544157","REQFD94F663990D50AB","2025-03-22T04:50:36Z","2025-03-22T05:20:36Z","ASMF7DBCE635C04F052","1","usable","method_baseline","chevrolet_bolt_ev","hatchback","2024","51579","mi","98.2","percent","rough","2025-03-22T02:45:36Z","2025-03-22T04:45:36Z","2025-03-22T06:20:36Z"
"SRC2F6E0A04B6F342DF","vehicle_assessment","BAT0EFEC9A5D5DA","1.0","SYNVEH13814041806","REQ98CAEF9E304C9C6E","2025-03-22T12:17:00Z","2025-03-22T13:47:00Z","ASMBD04E575496E4F09","1","usable","method_baseline","nissan_leaf","hatchback","2025","51716","km","93.0","percent","clean","2025-03-22T10:12:00Z","2025-03-22T12:12:00Z","2025-03-22T12:47:00Z"
"SRC29C48C0C1CD19CEB","vehicle_assessment","BAT0EFEC9A5D5DA","1.0","SYNVEH47361449015","REQ7F065C9F55D7AA32","2025-03-22T19:43:24Z","2025-03-22T20:13:24Z","ASM9BE519A5C1C801A2","1","usable","method_baseline","tesla_model_3","sedan","2026","51853","mi","89.1","percent","average","2025-03-22T17:38:24Z","2025-03-22T19:38:24Z","2025-03-22T21:13:24Z"
"SRCB1782D9D5B621F72","vehicle_assessment","BAT0EFEC9A5D5DA","1.0","SYNVEH13669317048","REQ5C072F910BFEF91A","2025-03-23T03:09:48Z","2025-03-23T04:39:48Z","ASM5BACD6330202650E","1","usable","method_baseline","tesla_model_y","crossover","2018","51990","km","83.5","percent","rough","2025-03-23T01:04:48Z","2025-03-23T03:04:48Z","2025-03-23T03:39:48Z"
"SRCE89B0B34102537E2","vehicle_assessment","BAT0EFEC9A5D5DA","1.0","SYNVEH15727520216","REQ9BF9A2844AD5EB6C","2025-03-23T10:36:12Z","2025-03-23T11:06:12Z","ASMF4F0103863B90949","1","usable","method_baseline","hyundai_ioniq_5","crossover","2019","52127","mi","85.6","percent","clean","2025-03-23T08:31:12Z","2025-03-23T10:31:12Z","2025-03-23T12:06:12Z"
"SRC519B6100A1E4030A","vehicle_assessment","BAT0EFEC9A5D5DA","1.0","SYNVEH46890570524","REQ03E596ADF95097D9","2025-03-23T18:02:36Z","2025-03-23T19:32:36Z","ASM2E6E912368D89BA8","1","usable","method_baseline","ford_mustang_mach_e","crossover","2020","52264","km","84.7","percent","average","2025-03-23T15:57:36Z","2025-03-23T17:57:36Z","2025-03-23T18:32:36Z"
"SRC15C9CBE46C6CCD00","vehicle_assessment","BAT0EFEC9A5D5DA","1.0","SYNVEH72739403661","REQC50993A61E0A43EA","2025-03-24T01:29:00Z","2025-03-24T01:59:00Z","ASM386237935423F43B","1","usable","method_baseline","ford_f150_lightning","pickup","2021","52401","mi","85.1","percent","rough","2025-03-23T23:24:00Z","2025-03-24T01:24:00Z","2025-03-24T02:59:00Z"
"SRCF642F148D71F9AF6","vehicle_assessment","BAT0EFEC9A5D5DA","1.0","SYNVEH71680241784","REQB23E0E54619D419A","2025-03-24T08:55:24Z","2025-03-24T10:25:24Z","ASM782D28B227CC43F7","1","usable","method_baseline","chevrolet_bolt_ev","hatchback","2022","52538","km","89.0","percent","clean","2025-03-24T06:50:24Z","2025-03-24T08:50:24Z","2025-03-24T09:25:24Z"
"SRCB1B059B670A1F30F","vehicle_assessment","BAT0EFEC9A5D5DA","1.0","SYNVEH47937461280","REQD4E184138BED3530","2025-03-24T16:21:48Z","2025-03-24T16:51:48Z","ASM6183BCB725AAA682","1","usable","method_baseline","nissan_leaf","hatchback","2023","52675","mi","97.0","percent","average","2025-03-24T14:16:48Z","2025-03-24T16:16:48Z","2025-03-24T17:51:48Z"
"SRC947F1651EDC9F8E4","vehicle_assessment","BAT0EFEC9A5D5DA","1.0","SYNVEH36730873448","REQ30ED1CC5DD640F93","2025-03-24T23:48:12Z","2025-03-25T01:18:12Z","ASM3D56C2DCCA9B8855","1","usable","method_baseline","tesla_model_3","sedan","2024","52812","km","87.6","percent","rough","2025-03-24T21:43:12Z","2025-03-24T23:43:12Z","2025-03-25T00:18:12Z"
"SRCCC8F6D5734EB5BCC","vehicle_assessment","BAT0EFEC9A5D5DA","1.0","SYNVEH58728473770","REQ3DE8BFE5AB93CEA2","2025-03-25T07:14:36Z","2025-03-25T07:44:36Z","ASM9B827A4373C4C715","1","usable","method_baseline","tesla_model_y","crossover","2025","52949","mi","88.5","percent","clean","2025-03-25T05:09:36Z","2025-03-25T07:09:36Z","2025-03-25T08:44:36Z"
"SRC7B5F89A9ABD9BC2A","vehicle_assessment","BAT0EFEC9A5D5DA","1.0","SYNVEH53777176239","REQ5D672C003E150DE9","2025-03-25T14:41:00Z","2025-03-25T16:11:00Z","ASM469A70810D8D7E2E","1","usable","method_baseline","hyundai_ioniq_5","crossover","2026","53086","km","89.3","percent","average","2025-03-25T12:36:00Z","2025-03-25T14:36:00Z","2025-03-25T15:11:00Z"
"SRC10571BBBE15289EF","vehicle_assessment","BAT0EFEC9A5D5DA","1.0","SYNVEH54216527719","REQ658928D805B914DF","2025-03-25T22:07:24Z","2025-03-25T22:37:24Z","ASM54951136CADC6B1A","1","usable","method_baseline","ford_mustang_mach_e","crossover","2018","53223","mi","89.0","percent","rough","2025-03-25T20:02:24Z","2025-03-25T22:02:24Z","2025-03-25T23:37:24Z"
"SRCAC750B451E1B2601","vehicle_assessment","BAT0EFEC9A5D5DA","1.0","SYNVEH62437441265","REQDA9CBF1BCDDBFA27","2025-03-26T05:33:48Z","2025-03-26T07:03:48Z","ASM5FAB99F6FDE1DAE7","1","usable","method_baseline","ford_f150_lightning","pickup","2019","53360","km","93.9","percent","clean","2025-03-26T03:28:48Z","2025-03-26T05:28:48Z","2025-03-26T06:03:48Z"
"SRC51CF1D2DAD675A4E","vehicle_assessment","BAT0EFEC9A5D5DA","1.0","SYNVEH60888109221","REQE7D0702B2DEDC106","2025-03-26T13:00:12Z","2025-03-26T13:30:12Z","ASM294BF08BEEDDDD42","1","usable","method_baseline","chevrolet_bolt_ev","hatchback","2020","53497","mi","93.3","percent","average","2025-03-26T10:55:12Z","2025-03-26T12:55:12Z","2025-03-26T14:30:12Z"
"SRCE01B46937E7AAF2A","vehicle_assessment","BAT0EFEC9A5D5DA","1.0","SYNVEH52840277409","REQCFF363D4C0B8BDCE","2025-03-26T20:26:36Z","2025-03-26T21:56:36Z","ASM4D2A6C30F8CAEDB7","1","usable","method_baseline","nissan_leaf","hatchback","2021","53634","km","97.8","percent","rough","2025-03-26T18:21:36Z","2025-03-26T20:21:36Z","2025-03-26T20:56:36Z"
"SRC12AB00C169548F92","vehicle_assessment","BAT0EFEC9A5D5DA","1.0","SYNVEH59888730919","REQ55E59F0B2CDE5267","2025-03-27T03:53:00Z","2025-03-27T04:23:00Z","ASM524F7E3F9E28B991","1","usable","method_baseline","tesla_model_3","sedan","2022","53771","mi","86.6","percent","clean","2025-03-27T01:48:00Z","2025-03-27T03:48:00Z","2025-03-27T05:23:00Z"
"SRC10C648ABB7BA85E4","vehicle_assessment","BAT0EFEC9A5D5DA","1.0","SYNVEH79488439026","REQ69F77BB29B67DB78","2025-03-27T11:19:24Z","2025-03-27T12:49:24Z","ASM06FE7D8C0D4F4D37","1","usable","method_baseline","tesla_model_y","crossover","2023","53908","km","92.4","percent","average","2025-03-27T09:14:24Z","2025-03-27T11:14:24Z","2025-03-27T11:49:24Z"
"SRC825FDC782AD06105","vehicle_assessment","BAT0EFEC9A5D5DA","1.0","SYNVEH04581164713","REQ0710EB1D1087E7E4","2025-03-27T18:45:48Z","2025-03-27T19:15:48Z","ASME9B221173A681B3C","1","usable","method_baseline","hyundai_ioniq_5","crossover","2024","54045","mi","96.9","percent","rough","2025-03-27T16:40:48Z","2025-03-27T18:40:48Z","2025-03-27T20:15:48Z"
"SRC9FC3415A5D10522F","vehicle_assessment","BAT0EFEC9A5D5DA","1.0","SYNVEH96290917691","REQDE5F795524B2A1DA","2025-03-28T02:12:12Z","2025-03-28T03:42:12Z","ASMB62390CE2C304A5A","1","usable","method_baseline","ford_mustang_mach_e","crossover","2025","54182","km","92.1","percent","clean","2025-03-28T00:07:12Z","2025-03-28T02:07:12Z","2025-03-28T02:42:12Z"
"SRCC989AFB484C5E31C","vehicle_assessment","BAT0EFEC9A5D5DA","1.0","SYNVEH08388822537","REQ619659BA89AE0782","2025-03-28T09:38:36Z","2025-03-28T10:08:36Z","ASMA9B631221827DC23","1","usable","method_baseline","ford_f150_lightning","pickup","2026","54319","mi","87.8","percent","average","2025-03-28T07:33:36Z","2025-03-28T09:33:36Z","2025-03-28T11:08:36Z"
"SRCB2ED2E018D713C43","vehicle_assessment","BAT0EFEC9A5D5DA","1.0","SYNVEH99927892035","REQ5BCBB873BDA9986D","2025-03-28T17:05:00Z","2025-03-28T18:35:00Z","ASM59630ECF51DF15E2","1","usable","method_baseline","chevrolet_bolt_ev","hatchback","2018","54456","km","95.6","percent","rough","2025-03-28T15:00:00Z","2025-03-28T17:00:00Z","2025-03-28T17:35:00Z"
"SRCBA8C582BEC7C75F2","vehicle_assessment","BAT0EFEC9A5D5DA","1.0","SYNVEH78881942146","REQ3B3BD5DE8D6ADD38","2025-03-29T00:31:24Z","2025-03-29T01:01:24Z","ASMDF1E761E1549A2B3","1","usable","method_baseline","nissan_leaf","hatchback","2019","54593","mi","89.9","percent","clean","2025-03-28T22:26:24Z","2025-03-29T00:26:24Z","2025-03-29T02:01:24Z"
"SRC2337DC8FC7A04962","vehicle_assessment","BAT0EFEC9A5D5DA","1.0","SYNVEH59916409429","REQ2473B206CA8BAC04","2025-03-29T07:57:48Z","2025-03-29T09:27:48Z","ASM3869F344B32F07C3","1","usable","method_baseline","tesla_model_3","sedan","2020","54730","km","85.8","percent","average","2025-03-29T05:52:48Z","2025-03-29T07:52:48Z","2025-03-29T08:27:48Z"
"SRC04D185E658EF19E2","vehicle_assessment","BAT0EFEC9A5D5DA","1.0","SYNVEH56305701337","REQA2E01F32E143D556","2025-03-29T15:24:12Z","2025-03-29T15:54:12Z","ASMD644539A2D522812","1","usable","method_baseline","tesla_model_y","crossover","2021","54867","mi","90.4","percent","rough","2025-03-29T13:19:12Z","2025-03-29T15:19:12Z","2025-03-29T16:54:12Z"
"SRCF403DF96F7AD5F6C","vehicle_assessment","BAT0EFEC9A5D5DA","1.0","SYNVEH73048131743","REQ3579A02338B50DCB","2025-03-29T22:50:36Z","2025-03-30T00:20:36Z","ASMA9FF3B0093EA9ADB","1","usable","method_baseline","hyundai_ioniq_5","crossover","2022","55004","km","84.9","percent","clean","2025-03-29T20:45:36Z","2025-03-29T22:45:36Z","2025-03-29T23:20:36Z"
"SRC0A066386F4D4CB6E","vehicle_assessment","BAT0EFEC9A5D5DA","1.0","SYNVEH24766160594","REQ4F710BE1856F6CA0","2025-03-30T06:17:00Z","2025-03-30T06:47:00Z","ASM3757A9C6D95D11EC","1","usable","method_baseline","ford_mustang_mach_e","crossover","2023","55141","mi","84.1","percent","average","2025-03-30T04:12:00Z","2025-03-30T06:12:00Z","2025-03-30T07:47:00Z"
"SRC877358C38C821E66","vehicle_assessment","BAT0EFEC9A5D5DA","1.0","SYNVEH10136552278","REQ5CB3756FD3ED379F","2025-03-30T13:43:24Z","2025-03-30T15:13:24Z","ASM71FAEA66A5BFBB8C","1","usable","method_baseline","ford_f150_lightning","pickup","2024","55278","km","85.9","percent","rough","2025-03-30T11:38:24Z","2025-03-30T13:38:24Z","2025-03-30T14:13:24Z"
"SRCDE3A25B8AA850336","vehicle_assessment","BAT0EFEC9A5D5DA","1.0","SYNVEH50594182136","REQ53E158AE81F5CDEF","2025-03-30T21:09:48Z","2025-03-30T21:39:48Z","ASM05A8092FF899FED5","1","usable","method_baseline","chevrolet_bolt_ev","hatchback","2025","55415","mi","96.9","percent","clean","2025-03-30T19:04:48Z","2025-03-30T21:04:48Z","2025-03-30T22:39:48Z"
"SRCD266555DAD2FBF93","vehicle_assessment","BAT0EFEC9A5D5DA","1.0","SYNVEH32825772063","REQ97E3E5052411D506","2025-03-31T04:36:12Z","2025-03-31T06:06:12Z","ASM3EB48ABC06F3112D","1","usable","method_baseline","nissan_leaf","hatchback","2026","55552","km","94.7","percent","average","2025-03-31T02:31:12Z","2025-03-31T04:31:12Z","2025-03-31T05:06:12Z"
"SRCCAB434DFA984DFFA","vehicle_assessment","BAT0EFEC9A5D5DA","1.0","SYNVEH06136490633","REQ1DDA06B46DF3DEEE","2025-03-31T12:02:36Z","2025-03-31T12:32:36Z","ASMDB42DBBA529C296D","1","usable","method_baseline","tesla_model_3","sedan","2018","55689","mi","86.6","percent","rough","2025-03-31T09:57:36Z","2025-03-31T11:57:36Z","2025-03-31T13:32:36Z"
"SRCAFBBA4E3CCDBD3DF","vehicle_assessment","BAT0EFEC9A5D5DA","1.0","SYNVEH63723938273","REQ09C9ED76CEBDE68A","2025-03-31T19:29:00Z","2025-03-31T20:59:00Z","ASMB4C294C296C05F73","1","usable","method_baseline","tesla_model_y","crossover","2019","55826","km","94.5","percent","clean","2025-03-31T17:24:00Z","2025-03-31T19:24:00Z","2025-03-31T19:59:00Z"
"SRC384C47FFFC4E235D","vehicle_assessment","BAT0EFEC9A5D5DA","1.0","SYNVEH95637882220","REQD6B82364B1D21ED5","2025-04-01T02:55:24Z","2025-04-01T03:25:24Z","ASMD8E0859933D9C740","1","usable","method_baseline","hyundai_ioniq_5","crossover","2020","55963","mi","97.0","percent","average","2025-04-01T00:50:24Z","2025-04-01T02:50:24Z","2025-04-01T04:25:24Z"
"SRC461E30A3C21C4DDC","vehicle_assessment","BAT0EFEC9A5D5DA","1.0","SYNVEH91561722671","REQCF11B356D2AB450C","2025-04-01T10:21:48Z","2025-04-01T11:51:48Z","ASMA5C340F6C144DB8E","1","usable","method_baseline","ford_mustang_mach_e","crossover","2021","56100","km","97.4","percent","rough","2025-04-01T08:16:48Z","2025-04-01T10:16:48Z","2025-04-01T10:51:48Z"
"SRC99B6191D690BF60D","vehicle_assessment","BAT0EFEC9A5D5DA","1.0","SYNVEH68728190102","REQDC52AC7DD1797FE0","2025-04-01T17:41:00Z","2025-04-01T18:11:00Z","ASM3D3726E8C540CFEB","1","usable","method_baseline","ford_f150_lightning","pickup","2022","56237","mi","96.7","percent","clean","2025-04-01T15:36:00Z","2025-04-01T17:36:00Z","2025-04-01T19:11:00Z"
"SRC68F1DDB03A29C540","vehicle_assessment","BAT0EFEC9A5D5DA","1.0","SYNVEH37440585508","REQ696EEFB1AFBC2E8D","2025-04-02T00:53:00Z","2025-04-02T02:23:00Z","ASM8D5AC89986279D79","1","usable","method_baseline","chevrolet_bolt_ev","hatchback","2023","56374","km","95.8","percent","average","2025-04-01T22:48:00Z","2025-04-02T00:48:00Z","2025-04-02T01:23:00Z"
"SRC6E7FCB4A05F5D509","vehicle_assessment","BAT0EFEC9A5D5DA","1.0","SYNVEH13841317068","REQ85064DFD6B61DAD5","2025-04-02T08:05:00Z","2025-04-02T08:35:00Z","ASMAD0B4A15EDF51585","1","usable","method_baseline","nissan_leaf","hatchback","2024","56511","mi","88.9","percent","rough","2025-04-02T06:00:00Z","2025-04-02T08:00:00Z","2025-04-02T09:35:00Z"
"SRC377BE570C2982D3D","vehicle_assessment","BAT0EFEC9A5D5DA","1.0","SYNVEH57999778006","REQC78320E0FB73E99D","2025-04-02T15:17:00Z","2025-04-02T16:47:00Z","ASMB7BAC0F309EEF381","1","usable","method_baseline","tesla_model_3","sedan","2025","56648","km","97.7","percent","clean","2025-04-02T13:12:00Z","2025-04-02T15:12:00Z","2025-04-02T15:47:00Z"
"SRC4D6AF72083654123","vehicle_assessment","BAT0EFEC9A5D5DA","1.0","SYNVEH54628149579","REQD9B12920135A0A21","2025-04-02T22:29:00Z","2025-04-02T22:59:00Z","ASM09F08AC19930ECE8","1","usable","method_baseline","tesla_model_y","crossover","2026","56785","mi","98.2","percent","average","2025-04-02T20:24:00Z","2025-04-02T22:24:00Z","2025-04-02T23:59:00Z"
"SRC5C1F05DDF9F69CE5","vehicle_assessment","BAT0EFEC9A5D5DA","1.0","SYNVEH89583552150","REQE5B0965EBD3BC954","2025-04-03T05:41:00Z","2025-04-03T07:11:00Z","ASM137C504DBC7FB228","1","usable","method_baseline","hyundai_ioniq_5","crossover","2018","56922","km","94.9","percent","rough","2025-04-03T03:36:00Z","2025-04-03T05:36:00Z","2025-04-03T06:11:00Z"
"SRCBA6311511E4FD300","vehicle_assessment","BAT0EFEC9A5D5DA","1.0","SYNVEH38427574052","REQ2EE11E796DDDFDD1","2025-04-03T12:53:00Z","2025-04-03T13:23:00Z","ASM79C0D89D050D7459","1","usable","method_baseline","ford_mustang_mach_e","crossover","2019","57059","mi","87.2","percent","clean","2025-04-03T10:48:00Z","2025-04-03T12:48:00Z","2025-04-03T14:23:00Z"
"SRCFF2EE8EF3EB67BCB","vehicle_assessment","BAT0EFEC9A5D5DA","1.0","SYNVEH65497048502","REQ960591DA766B9461","2025-04-03T20:05:00Z","2025-04-03T21:35:00Z","ASMC6B677A06517E54C","1","usable","method_baseline","ford_f150_lightning","pickup","2020","57196","km","84.6","percent","average","2025-04-03T18:00:00Z","2025-04-03T20:00:00Z","2025-04-03T20:35:00Z"
"SRC305AFDAA9EDF9FBE","vehicle_assessment","BAT0EFEC9A5D5DA","1.0","SYNVEH95243993152","REQ276E42AEAFA661CB","2025-04-04T03:17:00Z","2025-04-04T03:47:00Z","ASMC4FA691477589A02","1","usable","method_baseline","chevrolet_bolt_ev","hatchback","2021","57333","mi","97.1","percent","rough","2025-04-04T01:12:00Z","2025-04-04T03:12:00Z","2025-04-04T04:47:00Z"
"SRC43E7732D48356CD4","vehicle_assessment","BAT0EFEC9A5D5DA","1.0","SYNVEH93127634845","REQ802423EDE1A999A5","2025-04-04T10:29:00Z","2025-04-04T11:59:00Z","ASM5C295535B115D36C","1","usable","method_baseline","nissan_leaf","hatchback","2022","57470","km","92.7","percent","clean","2025-04-04T08:24:00Z","2025-04-04T10:24:00Z","2025-04-04T10:59:00Z"
"SRC9C4F6F162E138113","vehicle_assessment","BAT0EFEC9A5D5DA","1.0","SYNVEH75213518064","REQ90F959E86B456AB9","2025-04-04T17:41:00Z","2025-04-04T18:11:00Z","ASM4590169429899A4B","1","usable","method_baseline","tesla_model_3","sedan","2023","57607","mi","92.5","percent","average","2025-04-04T15:36:00Z","2025-04-04T17:36:00Z","2025-04-04T19:11:00Z"
"SRCC0303BD0DC6F8B47","vehicle_assessment","BAT0EFEC9A5D5DA","1.0","SYNVEH22090399674","REQ663C5925F263B103","2025-04-05T00:53:00Z","2025-04-05T02:23:00Z","ASM5B9643BF418A33BC","1","usable","method_baseline","tesla_model_y","crossover","2024","57744","km","97.1","percent","rough","2025-04-04T22:48:00Z","2025-04-05T00:48:00Z","2025-04-05T01:23:00Z"
"SRCC8ECC9FCF1940BE9","vehicle_assessment","BAT0EFEC9A5D5DA","1.0","SYNVEH10775818958","REQ3D002A64A584BD1F","2025-04-05T08:05:00Z","2025-04-05T08:35:00Z","ASM1D0D92EED11B6CD4","1","usable","method_baseline","hyundai_ioniq_5","crossover","2025","57881","mi","94.9","percent","clean","2025-04-05T06:00:00Z","2025-04-05T08:00:00Z","2025-04-05T09:35:00Z"
"SRCC5DAE42EAEFA2500","vehicle_assessment","BAT0EFEC9A5D5DA","1.0","SYNVEH50260630318","REQ24CFC0DB10B69ECE","2025-04-05T15:17:00Z","2025-04-05T16:47:00Z","ASM81AADB8AE72C5DCC","1","usable","method_baseline","ford_mustang_mach_e","crossover","2026","58018","km","91.0","percent","average","2025-04-05T13:12:00Z","2025-04-05T15:12:00Z","2025-04-05T15:47:00Z"
"SRC12E815A674E51E12","vehicle_assessment","BAT0EFEC9A5D5DA","1.0","SYNVEH06924182432","REQB558A9BC05674F77","2025-04-05T22:29:00Z","2025-04-05T22:59:00Z","ASM592D51F3F1134F15","1","usable","method_baseline","ford_f150_lightning","pickup","2018","58155","mi","90.2","percent","rough","2025-04-05T20:24:00Z","2025-04-05T22:24:00Z","2025-04-05T23:59:00Z"
"SRC5E40B314A6AC2407","vehicle_assessment","BAT0EFEC9A5D5DA","1.0","SYNVEH94236246442","REQE1323B5D7834D3F7","2025-04-06T05:41:00Z","2025-04-06T07:11:00Z","ASM4446C471D13AF282","1","usable","method_baseline","chevrolet_bolt_ev","hatchback","2019","58292","km","85.7","percent","clean","2025-04-06T03:36:00Z","2025-04-06T05:36:00Z","2025-04-06T06:11:00Z"
"SRC9526B24223BF0B59","vehicle_assessment","BAT0EFEC9A5D5DA","1.0","SYNVEH45837983297","REQ0B019852B288F849","2025-04-06T12:53:00Z","2025-04-06T13:23:00Z","ASMC32824EF1A18A7E6","1","usable","method_baseline","nissan_leaf","hatchback","2020","58429","mi","90.7","percent","average","2025-04-06T10:48:00Z","2025-04-06T12:48:00Z","2025-04-06T14:23:00Z"
"SRC8219F9AAE00E462A","vehicle_assessment","BAT0EFEC9A5D5DA","1.0","SYNVEH75906973563","REQF90323AE9ADD2248","2025-04-06T20:05:00Z","2025-04-06T21:35:00Z","ASM89C184FFCC55AC9A","1","usable","method_baseline","tesla_model_3","sedan","2021","58566","km","83.8","percent","rough","2025-04-06T18:00:00Z","2025-04-06T20:00:00Z","2025-04-06T20:35:00Z"
"SRC7D840C4ACBB0FDE6","vehicle_assessment","BAT0EFEC9A5D5DA","1.0","SYNVEH23277642884","REQ25EB65DCE7FD5D66","2025-04-07T03:17:00Z","2025-04-07T03:47:00Z","ASMFE2B6B2992BB9546","1","usable","method_baseline","tesla_model_y","crossover","2022","58703","mi","95.8","percent","clean","2025-04-07T01:12:00Z","2025-04-07T03:12:00Z","2025-04-07T04:47:00Z"
"SRC7C04864554534C6A","vehicle_assessment","BAT0EFEC9A5D5DA","1.0","SYNVEH28584516943","REQC7C39C8EF2CD843F","2025-04-07T10:29:00Z","2025-04-07T11:59:00Z","ASM23554D96A67D8C79","1","usable","method_baseline","hyundai_ioniq_5","crossover","2023","58840","km","88.7","percent","average","2025-04-07T08:24:00Z","2025-04-07T10:24:00Z","2025-04-07T10:59:00Z"
"SRCCCE7D964E48B5151","vehicle_assessment","BAT0EFEC9A5D5DA","1.0","SYNVEH22829479117","REQE5BCEC585E694305","2025-04-07T17:41:00Z","2025-04-07T18:11:00Z","ASM6048A61D7725C490","1","usable","method_baseline","ford_mustang_mach_e","crossover","2024","58977","mi","90.0","percent","rough","2025-04-07T15:36:00Z","2025-04-07T17:36:00Z","2025-04-07T19:11:00Z"
"SRCDD9B11B9036CFB06","vehicle_assessment","BAT0EFEC9A5D5DA","1.0","SYNVEH66549770451","REQ1E72E35978AD6F67","2025-04-08T00:53:00Z","2025-04-08T02:23:00Z","ASM9D17C2C8AD2B9449","1","usable","method_baseline","ford_f150_lightning","pickup","2025","59114","km","88.9","percent","clean","2025-04-07T22:48:00Z","2025-04-08T00:48:00Z","2025-04-08T01:23:00Z"
"SRC7AC46ADEDB9692D6","vehicle_assessment","BAT0EFEC9A5D5DA","1.0","SYNVEH26395077844","REQEFE0C33999A18124","2025-04-08T08:05:00Z","2025-04-08T08:35:00Z","ASM711CB8802A0DD4BE","1","usable","method_baseline","chevrolet_bolt_ev","hatchback","2026","59251","mi","87.6","percent","average","2025-04-08T06:00:00Z","2025-04-08T08:00:00Z","2025-04-08T09:35:00Z"
"SRC789A800EF38AFF49","vehicle_assessment","BAT0EFEC9A5D5DA","1.0","SYNVEH81445504614","REQCA6333B643AA7568","2025-04-08T15:17:00Z","2025-04-08T16:47:00Z","ASMB2C4328617077219","1","usable","method_baseline","nissan_leaf","hatchback","2018","59388","km","94.3","percent","rough","2025-04-08T13:12:00Z","2025-04-08T15:12:00Z","2025-04-08T15:47:00Z"
"SRC33F6D1E3186155FE","vehicle_assessment","BAT0EFEC9A5D5DA","1.0","SYNVEH92208051892","REQ3ABE0C9597C74FD5","2025-04-08T22:29:00Z","2025-04-08T22:59:00Z","ASM20486339BF478419","1","usable","method_baseline","tesla_model_3","sedan","2019","59525","mi","91.9","percent","clean","2025-04-08T20:24:00Z","2025-04-08T22:24:00Z","2025-04-08T23:59:00Z"
"SRC7D89349FE8BE4C84","vehicle_assessment","BAT0EFEC9A5D5DA","1.0","SYNVEH56436306911","REQ8AC400D18F5FB143","2025-04-09T05:41:00Z","2025-04-09T07:11:00Z","ASMF587A871731FFD95","1","usable","method_baseline","tesla_model_y","crossover","2020","59662","km","88.5","percent","average","2025-04-09T03:36:00Z","2025-04-09T05:36:00Z","2025-04-09T06:11:00Z"
"SRCD1EDEF08C1A55B2A","vehicle_assessment","BAT0EFEC9A5D5DA","1.0","SYNVEH23606451098","REQD6A1DFFE94027DE8","2025-04-09T12:53:00Z","2025-04-09T13:23:00Z","ASM4AFA32724A1337AA","1","usable","method_baseline","hyundai_ioniq_5","crossover","2021","59799","mi","85.8","percent","rough","2025-04-09T10:48:00Z","2025-04-09T12:48:00Z","2025-04-09T14:23:00Z"
"SRC0B65B7F8F972494B","vehicle_assessment","BAT0EFEC9A5D5DA","1.0","SYNVEH55204574511","REQC936C83B2786E1D2","2025-04-09T20:05:00Z","2025-04-09T21:35:00Z","ASMD950E601B7C6FB6E","1","usable","method_baseline","ford_mustang_mach_e","crossover","2022","59936","km","85.1","percent","clean","2025-04-09T18:00:00Z","2025-04-09T20:00:00Z","2025-04-09T20:35:00Z"
"SRC6D3E801969126CB6","vehicle_assessment","BAT0EFEC9A5D5DA","1.0","SYNVEH74823938178","REQ76FC02F53DF966DD","2025-04-10T03:17:00Z","2025-04-10T03:47:00Z","ASMB9CD1DAF2FCA0896","1","usable","method_baseline","ford_f150_lightning","pickup","2023","60073","mi","94.2","percent","average","2025-04-10T01:12:00Z","2025-04-10T03:12:00Z","2025-04-10T04:47:00Z"
"SRCC95AA2638AD670FE","vehicle_assessment","BAT0EFEC9A5D5DA","1.0","SYNVEH36586587521","REQ4F64D3065018FA3E","2025-04-10T10:29:00Z","2025-04-10T11:59:00Z","ASM2791347A4E0D1283","1","usable","method_baseline","chevrolet_bolt_ev","hatchback","2024","60210","km","89.0","percent","rough","2025-04-10T08:24:00Z","2025-04-10T10:24:00Z","2025-04-10T10:59:00Z"
"SRC92AF15941A3AD87B","vehicle_assessment","BAT0EFEC9A5D5DA","1.0","SYNVEH54484764261","REQD6772C72A495FD9C","2025-04-10T17:41:00Z","2025-04-10T18:11:00Z","ASMF3E8359526099A47","1","usable","method_baseline","nissan_leaf","hatchback","2025","60347","mi","90.9","percent","clean","2025-04-10T15:36:00Z","2025-04-10T17:36:00Z","2025-04-10T19:11:00Z"
"SRCE833B26C8A1704F4","vehicle_assessment","BAT0EFEC9A5D5DA","1.0","SYNVEH40422087692","REQ631A6173D9DFE49C","2025-04-11T00:53:00Z","2025-04-11T02:23:00Z","ASM532F264829D95922","1","usable","method_baseline","tesla_model_3","sedan","2026","60484","km","94.8","percent","average","2025-04-10T22:48:00Z","2025-04-11T00:48:00Z","2025-04-11T01:23:00Z"
"SRCBB8E9D787769007A","vehicle_assessment","BAT0EFEC9A5D5DA","1.0","SYNVEH96992466702","REQA2883FFF47B61A4A","2025-04-11T08:05:00Z","2025-04-11T08:35:00Z","ASMCB012FBA10105453","1","usable","method_baseline","tesla_model_y","crossover","2018","60621","mi","97.5","percent","rough","2025-04-11T06:00:00Z","2025-04-11T08:00:00Z","2025-04-11T09:35:00Z"
"SRC35E7079F1C5C6E05","vehicle_assessment","BAT0EFEC9A5D5DA","1.0","SYNVEH09542370056","REQ9F85DEF8578EF82D","2025-04-11T15:17:00Z","2025-04-11T16:47:00Z","ASM47086B206A476445","1","usable","method_baseline","hyundai_ioniq_5","crossover","2019","60758","km","91.4","percent","clean","2025-04-11T13:12:00Z","2025-04-11T15:12:00Z","2025-04-11T15:47:00Z"
"SRC14A4E42A24A0FD4E","vehicle_assessment","BAT0EFEC9A5D5DA","1.0","SYNVEH12545287981","REQD5AA8F6122CDAC48","2025-04-11T22:29:00Z","2025-04-11T22:59:00Z","ASMDC79855F83308D57","1","usable","method_baseline","ford_mustang_mach_e","crossover","2020","60895","mi","84.7","percent","average","2025-04-11T20:24:00Z","2025-04-11T22:24:00Z","2025-04-11T23:59:00Z"
"SRC0F4213C278C8AA06","vehicle_assessment","BAT0EFEC9A5D5DA","1.0","SYNVEH85088072879","REQE3B53BF930D294AD","2025-04-12T05:41:00Z","2025-04-12T07:11:00Z","ASM9D86631D78B857D9","1","usable","method_baseline","ford_f150_lightning","pickup","2021","61032","km","94.8","percent","rough","2025-04-12T03:36:00Z","2025-04-12T05:36:00Z","2025-04-12T06:11:00Z"
"SRC917EB2703E8580E7","vehicle_assessment","BAT0EFEC9A5D5DA","1.0","SYNVEH75104370179","REQA9442B4257A48F6C","2025-04-12T12:53:00Z","2025-04-12T13:23:00Z","ASM50D8ED44A082488C","1","usable","method_baseline","chevrolet_bolt_ev","hatchback","2022","61169","mi","88.3","percent","clean","2025-04-12T10:48:00Z","2025-04-12T12:48:00Z","2025-04-12T14:23:00Z"
"SRC5EBDABC9B8CD8794","vehicle_assessment","BAT0EFEC9A5D5DA","1.0","SYNVEH23586390593","REQ8D5708A38E96F97F","2025-04-12T20:05:00Z","2025-04-12T21:35:00Z","ASMC5295300882315DA","1","usable","method_baseline","nissan_leaf","hatchback","2023","61306","km","87.2","percent","average","2025-04-12T18:00:00Z","2025-04-12T20:00:00Z","2025-04-12T20:35:00Z"
"SRC6846420DD5B36C74","vehicle_assessment","BAT0EFEC9A5D5DA","1.0","SYNVEH70416610139","REQF00E88D86D4C9FEA","2025-04-13T03:17:00Z","2025-04-13T03:47:00Z","ASM974ED0805F3ECEE8","1","usable","method_baseline","tesla_model_3","sedan","2024","61443","mi","86.1","percent","rough","2025-04-13T01:12:00Z","2025-04-13T03:12:00Z","2025-04-13T04:47:00Z"
"SRCB97F4079734C4E6C","vehicle_assessment","BAT0EFEC9A5D5DA","1.0","SYNVEH83586613808","REQ456D44446CE270B8","2025-04-13T10:29:00Z","2025-04-13T11:59:00Z","ASM7DC916AB730DB4A5","1","usable","method_baseline","tesla_model_y","crossover","2025","61580","km","86.6","percent","clean","2025-04-13T08:24:00Z","2025-04-13T10:24:00Z","2025-04-13T10:59:00Z"
"SRC84353D2F8841CC06","vehicle_assessment","BAT0EFEC9A5D5DA","1.0","SYNVEH32237242935","REQ744461DB2CC5F433","2025-04-13T17:41:00Z","2025-04-13T18:11:00Z","ASM12E5855CC2EDAEB2","1","usable","method_baseline","hyundai_ioniq_5","crossover","2026","61717","mi","85.0","percent","average","2025-04-13T15:36:00Z","2025-04-13T17:36:00Z","2025-04-13T19:11:00Z"
"SRC302F4AFFFD332280","vehicle_assessment","BAT0EFEC9A5D5DA","1.0","SYNVEH49097269902","REQA300CA41453FC8AA","2025-04-14T00:53:00Z","2025-04-14T02:23:00Z","ASM0937E0827B701973","1","usable","method_baseline","ford_mustang_mach_e","crossover","2018","61854","km","84.8","percent","rough","2025-04-13T22:48:00Z","2025-04-14T00:48:00Z","2025-04-14T01:23:00Z"
"SRC01B1B68DD442F422","vehicle_assessment","BAT0EFEC9A5D5DA","1.0","SYNVEH81835682735","REQEAE69EFB0B052CAF","2025-04-14T08:05:00Z","2025-04-14T08:35:00Z","ASM841217EFCAB09E60","1","usable","method_baseline","ford_f150_lightning","pickup","2019","61991","mi","93.1","percent","clean","2025-04-14T06:00:00Z","2025-04-14T08:00:00Z","2025-04-14T09:35:00Z"
"SRC829CFDECC4B4A437","vehicle_assessment","BAT0EFEC9A5D5DA","1.0","SYNVEH90871573018","REQBACCF91D29CE2F09","2025-04-14T15:17:00Z","2025-04-14T16:47:00Z","ASM995946865E090BAF","1","usable","method_baseline","chevrolet_bolt_ev","hatchback","2020","62128","km","97.4","percent","average","2025-04-14T13:12:00Z","2025-04-14T15:12:00Z","2025-04-14T15:47:00Z"
"SRCD416F4608DE0E9BD","vehicle_assessment","BAT0EFEC9A5D5DA","1.0","SYNVEH64619592155","REQCE9C5132E4A577D6","2025-04-14T22:29:00Z","2025-04-14T22:59:00Z","ASMF138D64AC130C9BC","1","usable","method_baseline","nissan_leaf","hatchback","2021","62265","mi","89.7","percent","rough","2025-04-14T20:24:00Z","2025-04-14T22:24:00Z","2025-04-14T23:59:00Z"
"SRC48CC87B2D44EAFA4","vehicle_assessment","BAT0EFEC9A5D5DA","1.0","SYNVEH62033888303","REQ6A7BD313D128733E","2025-04-15T05:41:00Z","2025-04-15T07:11:00Z","ASM82C64031B92DA73C","1","usable","method_baseline","tesla_model_3","sedan","2022","62402","km","95.5","percent","clean","2025-04-15T03:36:00Z","2025-04-15T05:36:00Z","2025-04-15T06:11:00Z"
"SRC70405F8942B143B4","vehicle_assessment","BAT0EFEC9A5D5DA","1.0","SYNVEH81164445690","REQ00FCCB69868A8662","2025-04-15T12:53:00Z","2025-04-15T13:23:00Z","ASM5177021C94155D42","1","usable","method_baseline","tesla_model_y","crossover","2023","62539","mi","85.1","percent","average","2025-04-15T10:48:00Z","2025-04-15T12:48:00Z","2025-04-15T14:23:00Z"
"SRCA97608E8C4375243","vehicle_assessment","BAT0EFEC9A5D5DA","1.0","SYNVEH30173825848","REQDD39DAD4B148FD7E","2025-04-15T20:05:00Z","2025-04-15T21:35:00Z","ASMF1B4A5350D18F5B7","1","usable","method_baseline","hyundai_ioniq_5","crossover","2024","62676","km","88.8","percent","rough","2025-04-15T18:00:00Z","2025-04-15T20:00:00Z","2025-04-15T20:35:00Z"
"SRC3428B1E663705176","vehicle_assessment","BAT0EFEC9A5D5DA","1.0","SYNVEH40175469948","REQ696BE697E3853B9A","2025-04-16T03:17:00Z","2025-04-16T03:47:00Z","ASM7E3B0309A0277154","1","usable","method_baseline","ford_mustang_mach_e","crossover","2025","62813","mi","89.4","percent","clean","2025-04-16T01:12:00Z","2025-04-16T03:12:00Z","2025-04-16T04:47:00Z"
"SRC950FEBA58764EF60","vehicle_assessment","BAT0EFEC9A5D5DA","1.0","SYNVEH42052520126","REQE6A6AD0DC035FC9B","2025-04-16T10:29:00Z","2025-04-16T11:59:00Z","ASM2F17B7151B562B42","1","usable","method_baseline","ford_f150_lightning","pickup","2026","62950","km","95.8","percent","average","2025-04-16T08:24:00Z","2025-04-16T10:24:00Z","2025-04-16T10:59:00Z"
"SRC88744B2B48976C82","vehicle_assessment","BAT0EFEC9A5D5DA","1.0","SYNVEH16310798884","REQ6523EE0D219F4D53","2025-04-16T17:41:00Z","2025-04-16T18:11:00Z","ASMFCF8E074647FCDD8","1","usable","method_baseline","chevrolet_bolt_ev","hatchback","2018","63087","mi","96.4","percent","rough","2025-04-16T15:36:00Z","2025-04-16T17:36:00Z","2025-04-16T19:11:00Z"
"SRC5E71A87EE1B70EA8","vehicle_assessment","BAT0EFEC9A5D5DA","1.0","SYNVEH44138490416","REQA32E486B9A69703C","2025-04-17T00:53:00Z","2025-04-17T02:23:00Z","ASMD51A9411C31643D1","1","usable","method_baseline","nissan_leaf","hatchback","2019","63224","km","90.5","percent","clean","2025-04-16T22:48:00Z","2025-04-17T00:48:00Z","2025-04-17T01:23:00Z"
"SRC73489672BCB7D0CD","vehicle_assessment","BAT0EFEC9A5D5DA","1.0","SYNVEH72726834543","REQ868F7608CFA97E4C","2025-04-17T08:05:00Z","2025-04-17T08:35:00Z","ASMC98C8715F5B052F2","1","usable","method_baseline","tesla_model_3","sedan","2020","63361","mi","84.2","percent","average","2025-04-17T06:00:00Z","2025-04-17T08:00:00Z","2025-04-17T09:35:00Z"
"SRCB28FF474DAC18F38","vehicle_assessment","BAT0EFEC9A5D5DA","1.0","SYNVEH69185813874","REQDB70514F0EC8BCE2","2025-04-17T15:17:00Z","2025-04-17T16:47:00Z","ASM3CE67E970FAB9ED9","1","usable","method_baseline","tesla_model_y","crossover","2021","63498","km","92.2","percent","rough","2025-04-17T13:12:00Z","2025-04-17T15:12:00Z","2025-04-17T15:47:00Z"
"SRCD81574223EE04EF7","vehicle_assessment","BAT0EFEC9A5D5DA","1.0","SYNVEH81129062042","REQF8ECBA8B0C68F89F","2025-04-17T22:29:00Z","2025-04-17T22:59:00Z","ASMCD698A75662C19C7","1","usable","method_baseline","hyundai_ioniq_5","crossover","2022","63635","mi","89.7","percent","clean","2025-04-17T20:24:00Z","2025-04-17T22:24:00Z","2025-04-17T23:59:00Z"
"SRC9EB0E727D0522CD3","vehicle_assessment","BAT0EFEC9A5D5DA","1.0","SYNVEH66363226639","REQ267316BAB2DDE656","2025-04-18T05:41:00Z","2025-04-18T07:11:00Z","ASM413414C011759223","1","usable","method_baseline","ford_mustang_mach_e","crossover","2023","63772","km","86.5","percent","average","2025-04-18T03:36:00Z","2025-04-18T05:36:00Z","2025-04-18T06:11:00Z"
"SRC93A41CCDB5FB5BAD","vehicle_assessment","BAT0EFEC9A5D5DA","1.0","SYNVEH35282400120","REQ25645CB69C8A8840","2025-04-18T12:53:00Z","2025-04-18T13:23:00Z","ASM19D7B264B34327AB","1","usable","method_baseline","ford_f150_lightning","pickup","2024","63909","mi","91.3","percent","rough","2025-04-18T10:48:00Z","2025-04-18T12:48:00Z","2025-04-18T14:23:00Z"
"SRCF06F61E944C6C9FC","vehicle_assessment","BAT0EFEC9A5D5DA","1.0","SYNVEH65604961651","REQDFAFAC74CF63DEAE","2025-04-18T20:05:00Z","2025-04-18T21:35:00Z","ASMF93A7A478FD46A8B","1","usable","method_baseline","chevrolet_bolt_ev","hatchback","2025","64046","km","85.3","percent","clean","2025-04-18T18:00:00Z","2025-04-18T20:00:00Z","2025-04-18T20:35:00Z"
"SRCADDAF781EDE3BA4D","vehicle_assessment","BAT0EFEC9A5D5DA","1.0","SYNVEH24110515414","REQ98DD3C05ABCFE708","2025-04-19T03:17:00Z","2025-04-19T03:47:00Z","ASM50CE79B406CB71C4","1","usable","method_baseline","nissan_leaf","hatchback","2026","64183","mi","97.1","percent","average","2025-04-19T01:12:00Z","2025-04-19T03:12:00Z","2025-04-19T04:47:00Z"
"SRC4F57CA7B04B58A48","vehicle_assessment","BAT0EFEC9A5D5DA","1.0","SYNVEH49437299807","REQF6F18058BA4EECE8","2025-04-19T10:29:00Z","2025-04-19T11:59:00Z","ASM02941BF97E6E772C","1","usable","method_baseline","tesla_model_3","sedan","2018","64320","km","84.1","percent","rough","2025-04-19T08:24:00Z","2025-04-19T10:24:00Z","2025-04-19T10:59:00Z"
"SRCA2D6F2BABB991AA2","vehicle_assessment","BAT0EFEC9A5D5DA","1.0","SYNVEH13377957990","REQA8F6B8C4B199A7A2","2025-04-19T17:41:00Z","2025-04-19T18:11:00Z","ASMB51AE3AACE3C66B0","1","usable","method_baseline","tesla_model_y","crossover","2019","64457","mi","92.0","percent","clean","2025-04-19T15:36:00Z","2025-04-19T17:36:00Z","2025-04-19T19:11:00Z"
"SRCA27953FF9FA823C3","vehicle_assessment","BAT0EFEC9A5D5DA","1.0","SYNVEH67030859760","REQ2FB8883546BE7DB0","2025-04-20T00:53:00Z","2025-04-20T02:23:00Z","ASMF39430340243F5FC","1","usable","method_baseline","hyundai_ioniq_5","crossover","2020","64594","km","95.8","percent","average","2025-04-19T22:48:00Z","2025-04-20T00:48:00Z","2025-04-20T01:23:00Z"
"SRC435C158D69A19702","vehicle_assessment","BAT0EFEC9A5D5DA","1.0","SYNVEH13546322518","REQ1F9AC8565C7A3FA0","2025-04-20T08:05:00Z","2025-04-20T08:35:00Z","ASM8548BC5BF3D01483","1","usable","method_baseline","ford_mustang_mach_e","crossover","2021","64731","mi","94.8","percent","rough","2025-04-20T06:00:00Z","2025-04-20T08:00:00Z","2025-04-20T09:35:00Z"
"SRCE1ADB2081CC4F84B","vehicle_assessment","BAT0EFEC9A5D5DA","1.0","SYNVEH35001931107","REQA5CC85DA011DA0D6","2025-04-20T15:17:00Z","2025-04-20T16:47:00Z","ASM7BBCE39CC763A20E","1","usable","method_baseline","ford_f150_lightning","pickup","2022","64868","km","93.3","percent","clean","2025-04-20T13:12:00Z","2025-04-20T15:12:00Z","2025-04-20T15:47:00Z"
"SRC3AF600DCB53EF2EC","vehicle_assessment","BAT0EFEC9A5D5DA","1.0","SYNVEH24351653016","REQ409A8B5DC2CE55F6","2025-04-20T22:29:00Z","2025-04-20T22:59:00Z","ASMD52B7E2810FD55F4","1","usable","method_baseline","chevrolet_bolt_ev","hatchback","2023","65005","mi","83.2","percent","average","2025-04-20T20:24:00Z","2025-04-20T22:24:00Z","2025-04-20T23:59:00Z"
"SRC07E6308271484817","vehicle_assessment","BAT0EFEC9A5D5DA","1.0","SYNVEH42199855739","REQ2D9AA6054961AACF","2025-04-21T05:41:00Z","2025-04-21T07:11:00Z","ASM0D3B8D76195846A6","1","usable","method_baseline","nissan_leaf","hatchback","2024","65142","km","88.0","percent","rough","2025-04-21T03:36:00Z","2025-04-21T05:36:00Z","2025-04-21T06:11:00Z"
"SRC745B1D2C97306529","vehicle_assessment","BAT0EFEC9A5D5DA","1.0","SYNVEH37453973616","REQC5824DD0C8E8A257","2025-04-21T12:53:00Z","2025-04-21T13:23:00Z","ASMCBA8A08E4768027D","1","usable","method_baseline","tesla_model_3","sedan","2025","65279","mi","87.2","percent","clean","2025-04-21T10:48:00Z","2025-04-21T12:48:00Z","2025-04-21T14:23:00Z"
"SRC45B3D1322B02730F","vehicle_assessment","BAT0EFEC9A5D5DA","1.0","SYNVEH36143663778","REQ682897D0503114FA","2025-04-21T20:05:00Z","2025-04-21T21:35:00Z","ASM13F05181ED5ACB4C","1","usable","method_baseline","tesla_model_y","crossover","2026","65416","km","85.5","percent","average","2025-04-21T18:00:00Z","2025-04-21T20:00:00Z","2025-04-21T20:35:00Z"
"SRC781431B20C07E54D","vehicle_assessment","BAT0EFEC9A5D5DA","1.0","SYNVEH99616632959","REQ4FD5269D344B850A","2025-04-22T03:17:00Z","2025-04-22T03:47:00Z","ASM1F33AD00C87D7E06","1","usable","method_baseline","hyundai_ioniq_5","crossover","2018","65553","mi","85.7","percent","rough","2025-04-22T01:12:00Z","2025-04-22T03:12:00Z","2025-04-22T04:47:00Z"
"SRCA33B28290F2DAD85","vehicle_assessment","BAT0EFEC9A5D5DA","1.0","SYNVEH27731728914","REQEC7A3EB52A37A81E","2025-04-22T10:29:00Z","2025-04-22T11:59:00Z","ASM72969F91EA08DCEE","1","usable","method_baseline","ford_mustang_mach_e","crossover","2019","65690","km","89.9","percent","clean","2025-04-22T08:24:00Z","2025-04-22T10:24:00Z","2025-04-22T10:59:00Z"
"SRCA16B6EE012311F8B","vehicle_assessment","BAT0EFEC9A5D5DA","1.0","SYNVEH40729068186","REQFA29FF7BA727A022","2025-04-22T17:41:00Z","2025-04-22T18:11:00Z","ASM0BCF3BF85D4374B4","1","usable","method_baseline","ford_f150_lightning","pickup","2020","65827","mi","90.7","percent","average","2025-04-22T15:36:00Z","2025-04-22T17:36:00Z","2025-04-22T19:11:00Z"
"SRCB7D14C81E59850A7","vehicle_assessment","BAT0EFEC9A5D5DA","1.0","SYNVEH87976195267","REQ3C8EFC678B2EEE80","2025-04-23T00:53:00Z","2025-04-23T02:23:00Z","ASM659AF3D18A362DA0","1","usable","method_baseline","chevrolet_bolt_ev","hatchback","2021","65964","km","87.5","percent","rough","2025-04-22T22:48:00Z","2025-04-23T00:48:00Z","2025-04-23T01:23:00Z"
"SRCA2A173549AE7567C","vehicle_assessment","BAT0EFEC9A5D5DA","1.0","SYNVEH75736273741","REQCB6C7F50B3E8FB76","2025-04-23T08:05:00Z","2025-04-23T08:35:00Z","ASMC488F39539F0077D","1","usable","method_baseline","nissan_leaf","hatchback","2022","66101","mi","94.4","percent","clean","2025-04-23T06:00:00Z","2025-04-23T08:00:00Z","2025-04-23T09:35:00Z"
"SRC252B6755BF08AF52","vehicle_assessment","BAT0EFEC9A5D5DA","1.0","SYNVEH69229282799","REQ935DEA09DD58FEB8","2025-04-23T15:17:00Z","2025-04-23T16:47:00Z","ASM571C841F87E2952F","1","usable","method_baseline","tesla_model_3","sedan","2023","66238","km","95.7","percent","average","2025-04-23T13:12:00Z","2025-04-23T15:12:00Z","2025-04-23T15:47:00Z"
"SRC472E8E6FB6945246","vehicle_assessment","BAT0EFEC9A5D5DA","1.0","SYNVEH39768682679","REQ6B796E07DB5A7221","2025-04-23T22:29:00Z","2025-04-23T22:59:00Z","ASM512AC1E1DE14167A","1","usable","method_baseline","tesla_model_y","crossover","2024","66375","mi","94.7","percent","rough","2025-04-23T20:24:00Z","2025-04-23T22:24:00Z","2025-04-23T23:59:00Z"
"SRC6FCF1B21BDC4C624","vehicle_assessment","BAT0EFEC9A5D5DA","1.0","SYNVEH30822416433","REQB34E738AB3AE64C2","2025-04-24T05:41:00Z","2025-04-24T07:11:00Z","ASM54585561F2E3D0A3","1","usable","method_baseline","hyundai_ioniq_5","crossover","2025","66512","km","94.3","percent","clean","2025-04-24T03:36:00Z","2025-04-24T05:36:00Z","2025-04-24T06:11:00Z"
"SRCC3650BDCA4D20F2B","vehicle_assessment","BAT0EFEC9A5D5DA","1.0","SYNVEH28028732459","REQ6D697590EC5DA01D","2025-04-24T12:53:00Z","2025-04-24T13:23:00Z","ASM0B48C44D94A6B1EE","1","usable","method_baseline","ford_mustang_mach_e","crossover","2026","66649","mi","89.1","percent","average","2025-04-24T10:48:00Z","2025-04-24T12:48:00Z","2025-04-24T14:23:00Z"
"SRCA9B4DDFA3DB4AEAB","vehicle_assessment","BAT0EFEC9A5D5DA","1.0","SYNVEH42689488608","REQ38892395A9237813","2025-04-24T20:05:00Z","2025-04-24T21:35:00Z","ASM0CF97F4D8BA2B369","1","usable","method_baseline","ford_f150_lightning","pickup","2018","66786","km","87.9","percent","rough","2025-04-24T18:00:00Z","2025-04-24T20:00:00Z","2025-04-24T20:35:00Z"
"SRCF25AEBA8218AB735","vehicle_assessment","BAT0EFEC9A5D5DA","1.0","SYNVEH17222083501","REQC6CA6F7FE2E0481F","2025-04-25T03:17:00Z","2025-04-25T03:47:00Z","ASM200E5C75F9F11D1D","1","usable","method_baseline","chevrolet_bolt_ev","hatchback","2019","66923","mi","86.5","percent","clean","2025-04-25T01:12:00Z","2025-04-25T03:12:00Z","2025-04-25T04:47:00Z"
"SRC398B2C7D0FA57206","vehicle_assessment","BAT0EFEC9A5D5DA","1.0","SYNVEH01620647504","REQ58938A55FBAA6D2F","2025-04-25T10:29:00Z","2025-04-25T11:59:00Z","ASMC48A035DB2AE7145","1","usable","method_baseline","nissan_leaf","hatchback","2020","67060","km","92.0","percent","average","2025-04-25T08:24:00Z","2025-04-25T10:24:00Z","2025-04-25T10:59:00Z"
"SRCD9FCCAFF79CE2245","vehicle_assessment","BAT0EFEC9A5D5DA","1.0","SYNVEH83904641870","REQ97C3311FBAACFA61","2025-05-01T18:13:00Z","2025-05-01T18:43:00Z","ASM367B78689ECA3648","1","failed","method_baseline","","","","","","","","","","2025-05-01T18:08:00Z","2025-05-01T19:43:00Z"
"SRC2C67461570063077","vehicle_assessment","BAT0EFEC9A5D5DA","1.0","SYNVEH98725844280","REQ8068777E8FD4861F","2025-05-02T02:29:00Z","2025-05-02T03:59:00Z","ASM1DBC9AF3F950ADBB","1","failed","method_baseline","","","","","","","","","","2025-05-02T02:24:00Z","2025-05-02T02:59:00Z"
"SRC29291D9548068CA7","vehicle_assessment","BAT0EFEC9A5D5DA","1.0","SYNVEH88517294627","REQD7AEBAD4DC58A7F7","2025-05-02T10:45:00Z","2025-05-02T11:15:00Z","ASM308B394496175BAE","1","failed","method_baseline","","","","","","","","","","2025-05-02T10:40:00Z","2025-05-02T12:15:00Z"
"SRCC6CFE99B423290C7","vehicle_assessment","BAT0EFEC9A5D5DA","1.0","SYNVEH19642758635","REQ92F90A529866BD76","2025-05-02T19:01:00Z","2025-05-02T20:31:00Z","ASMB613A22B102FC3CB","1","failed","method_baseline","","","","","","","","","","2025-05-02T18:56:00Z","2025-05-02T19:31:00Z"
"SRC71F4F01E39028BFF","vehicle_assessment","BAT0EFEC9A5D5DA","1.0","SYNVEH87716300295","REQC205D1E13D636B66","2025-05-03T03:17:00Z","2025-05-03T03:47:00Z","ASM3E203986B411771F","1","usable","method_baseline","ford_mustang_mach_e","crossover","2018","15485","mi","88.8","percent","rough","2025-05-03T01:12:00Z","2025-05-03T03:12:00Z","2025-05-03T04:47:00Z"
"SRCAA4A608036B861A5","vehicle_assessment","BAT0EFEC9A5D5DA","1.0","SYNVEH04778077661","REQFA3840311061EEBA","2025-05-03T11:33:00Z","2025-05-03T13:03:00Z","ASM7773319BF61DC747","1","usable","method_baseline","ford_f150_lightning","pickup","2019","15622","km","92.3","percent","clean","2025-05-03T09:28:00Z","2025-05-03T11:28:00Z","2025-05-03T12:03:00Z"
"SRCEED7FFD37A7B60BA","vehicle_assessment","BAT0EFEC9A5D5DA","1.0","SYNVEH87716300295","REQC205D1E13D636B66","2025-05-03T13:37:00Z","2025-05-03T14:07:00Z","ASM3E203986B411771F","2","usable","method_baseline","ford_mustang_mach_e","crossover","2018","15485","mi","88.5","percent","rough","2025-05-03T11:32:00Z","2025-05-03T13:32:00Z","2025-05-03T15:07:00Z"
"SRCCC1D3A15AE31A3EB","vehicle_assessment","BAT0EFEC9A5D5DA","1.0","SYNVEH68564919135","REQE1C0A1713C1781FC","2025-05-03T19:49:00Z","2025-05-03T20:19:00Z","ASM97A8715AC82B251F","1","usable","method_baseline","chevrolet_bolt_ev","hatchback","2020","15759","mi","92.9","percent","average","2025-05-03T17:44:00Z","2025-05-03T19:44:00Z","2025-05-03T21:19:00Z"
"SRCDEFC72EE3FC7BC5C","vehicle_assessment","BAT0EFEC9A5D5DA","1.0","SYNVEH04778077661","REQFA3840311061EEBA","2025-05-03T20:53:00Z","2025-05-03T22:23:00Z","ASM7773319BF61DC747","2","usable","method_baseline","ford_f150_lightning","pickup","2019","15622","km","91.7","percent","clean","2025-05-03T18:48:00Z","2025-05-03T20:48:00Z","2025-05-03T21:23:00Z"
"SRC8133FB8E4A67EE3C","vehicle_assessment","BAT0EFEC9A5D5DA","1.0","SYNVEH08792023458","REQ2688802CC82EA85F","2025-05-04T04:05:00Z","2025-05-04T05:35:00Z","ASM0F26B7FE420FDBE0","1","usable","method_baseline","nissan_leaf","hatchback","2021","15896","km","86.7","percent","rough","2025-05-04T02:00:00Z","2025-05-04T04:00:00Z","2025-05-04T04:35:00Z"
"SRC3A93853D6DBA2F6F","vehicle_assessment","BAT0EFEC9A5D5DA","1.0","SYNVEH68564919135","REQE1C0A1713C1781FC","2025-05-04T06:09:00Z","2025-05-04T06:39:00Z","ASM97A8715AC82B251F","2","usable","method_baseline","chevrolet_bolt_ev","hatchback","2020","15759","mi","93.1","percent","average","2025-05-04T04:04:00Z","2025-05-04T06:04:00Z","2025-05-04T07:39:00Z"
"SRC8E30762F61BB1AF2","vehicle_assessment","BAT0EFEC9A5D5DA","1.0","SYNVEH05068707875","REQ1F28A11BF10ABCAA","2025-05-04T12:21:00Z","2025-05-04T12:51:00Z","ASM0D42AAB1730CF0FA","1","usable","method_baseline","tesla_model_3","sedan","2022","16033","mi","97.8","percent","clean","2025-05-04T10:16:00Z","2025-05-04T12:16:00Z","2025-05-04T13:51:00Z"
"SRC645FB1CCF92AAF25","vehicle_assessment","BAT0EFEC9A5D5DA","1.0","SYNVEH50999522743","REQ2CE876DAC3D18EBB","2025-05-04T20:37:00Z","2025-05-04T22:07:00Z","ASM55DF523FC1170542","1","usable","method_baseline","tesla_model_y","crossover","2023","16170","km","97.6","percent","average","2025-05-04T18:32:00Z","2025-05-04T20:32:00Z","2025-05-04T21:07:00Z"
"SRC58E7DF40D00FF421","vehicle_assessment","BAT0EFEC9A5D5DA","1.0","SYNVEH44290036202","REQ286DD813670404BA","2025-05-05T04:53:00Z","2025-05-05T05:23:00Z","ASM78516E30D57A9291","1","usable","method_baseline","hyundai_ioniq_5","crossover","2024","16307","mi","91.2","percent","rough","2025-05-05T02:48:00Z","2025-05-05T04:48:00Z","2025-05-05T06:23:00Z"
"SRCA73DCD094B2C27C4","vehicle_assessment","BAT0EFEC9A5D5DA","1.0","SYNVEH74350381941","REQ2874806AE4766329","2025-05-05T13:09:00Z","2025-05-05T14:39:00Z","ASM61FB3EFA92DE12F5","1","usable","method_baseline","ford_mustang_mach_e","crossover","2025","16444","km","84.9","percent","clean","2025-05-05T11:04:00Z","2025-05-05T13:04:00Z","2025-05-05T13:39:00Z"
"SRC71C4B899EBBB2A06","vehicle_assessment","BAT0EFEC9A5D5DA","1.0","SYNVEH77359407239","REQ0D0FB822ACAE06DA","2025-05-05T21:25:00Z","2025-05-05T21:55:00Z","ASMBAB6DDC3EC00DE84","1","usable","method_baseline","ford_f150_lightning","pickup","2026","16581","mi","92.2","percent","average","2025-05-05T19:20:00Z","2025-05-05T21:20:00Z","2025-05-05T22:55:00Z"
"SRCAF5E01E2CD7CB681","vehicle_assessment","BAT0EFEC9A5D5DA","1.0","SYNVEH29348893970","REQ76D3B5A0C122EBDB","2025-05-06T05:41:00Z","2025-05-06T07:11:00Z","ASM4A8644608758F7C6","1","usable","method_baseline","chevrolet_bolt_ev","hatchback","2018","16718","km","88.5","percent","rough","2025-05-06T03:36:00Z","2025-05-06T05:36:00Z","2025-05-06T06:11:00Z"
"SRC580FD077AB30312A","vehicle_assessment","BAT0EFEC9A5D5DA","1.0","SYNVEH13559905292","REQ8DC0353CCD48DB42","2025-05-06T13:57:00Z","2025-05-06T14:27:00Z","ASM8EBD659377C361B6","1","usable","method_baseline","nissan_leaf","hatchback","2019","16855","mi","91.8","percent","clean","2025-05-06T11:52:00Z","2025-05-06T13:52:00Z","2025-05-06T15:27:00Z"
"SRCE27B17A75FD9E247","vehicle_assessment","BAT0EFEC9A5D5DA","1.0","SYNVEH27021813473","REQ4BF1B5E28EDC510C","2025-05-06T22:13:00Z","2025-05-06T23:43:00Z","ASM361D454A46E704BC","1","usable","method_baseline","tesla_model_3","sedan","2020","16992","km","91.2","percent","average","2025-05-06T20:08:00Z","2025-05-06T22:08:00Z","2025-05-06T22:43:00Z"
"SRC6DAF343E9B2840C0","vehicle_assessment","BAT0EFEC9A5D5DA","1.0","SYNVEH72281144549","REQE08A5DD10153A688","2025-05-07T06:29:00Z","2025-05-07T06:59:00Z","ASMD4A368D717909CD3","1","usable","method_baseline","tesla_model_y","crossover","2021","17129","mi","90.7","percent","rough","2025-05-07T04:24:00Z","2025-05-07T06:24:00Z","2025-05-07T07:59:00Z"
"SRCBF64EB8BD03579AC","vehicle_assessment","BAT0EFEC9A5D5DA","1.0","SYNVEH77868279168","REQ9A6C5D12357080E1","2025-05-07T14:45:00Z","2025-05-07T16:15:00Z","ASM54965CA240DF7793","1","usable","method_baseline","hyundai_ioniq_5","crossover","2022","17266","km","88.7","percent","clean","2025-05-07T12:40:00Z","2025-05-07T14:40:00Z","2025-05-07T15:15:00Z"
"SRC92164F278900E424","vehicle_assessment","BAT0EFEC9A5D5DA","1.0","SYNVEH45521762044","REQE3D7C1134B9CACEB","2025-05-07T23:01:00Z","2025-05-07T23:31:00Z","ASM15B5B1CC1A20FA4B","1","usable","method_baseline","ford_mustang_mach_e","crossover","2023","17403","mi","97.8","percent","average","2025-05-07T20:56:00Z","2025-05-07T22:56:00Z","2025-05-08T00:31:00Z"
"SRC6CFB07C22088E1E5","vehicle_assessment","BAT0EFEC9A5D5DA","1.0","SYNVEH56529180915","REQADC2B6A6BD99D991","2025-05-08T07:17:00Z","2025-05-08T08:47:00Z","ASM8112E696F6CB4434","1","usable","method_baseline","ford_f150_lightning","pickup","2024","17540","km","84.2","percent","rough","2025-05-08T05:12:00Z","2025-05-08T07:12:00Z","2025-05-08T07:47:00Z"
"SRC134718A2C5739345","vehicle_assessment","BAT0EFEC9A5D5DA","1.0","SYNVEH90437963867","REQ84E975A6C2147A6E","2025-05-08T15:33:00Z","2025-05-08T16:03:00Z","ASMB0A48006E44D3E64","1","usable","method_baseline","chevrolet_bolt_ev","hatchback","2025","17677","mi","91.8","percent","clean","2025-05-08T13:28:00Z","2025-05-08T15:28:00Z","2025-05-08T17:03:00Z"
"SRC86EBC55757BABA27","vehicle_assessment","BAT0EFEC9A5D5DA","1.0","SYNVEH75853767262","REQ838BAD75DE877622","2025-05-08T23:49:00Z","2025-05-09T01:19:00Z","ASM8BFB14D0E2C2D72C","1","usable","method_baseline","nissan_leaf","hatchback","2026","17814","km","90.3","percent","average","2025-05-08T21:44:00Z","2025-05-08T23:44:00Z","2025-05-09T00:19:00Z"
"SRC25F290E42258C975","vehicle_assessment","BAT0EFEC9A5D5DA","1.0","SYNVEH01538415819","REQF5DCA09F91ECDDDF","2025-05-09T08:05:00Z","2025-05-09T08:35:00Z","ASM612915BBDA939D03","1","usable","method_baseline","tesla_model_3","sedan","2018","17951","mi","87.6","percent","rough","2025-05-09T06:00:00Z","2025-05-09T08:00:00Z","2025-05-09T09:35:00Z"
"SRC03CCF13DD04A76F1","vehicle_assessment","BAT0EFEC9A5D5DA","1.0","SYNVEH33228584722","REQ7B23BFEE8DAAC666","2025-05-09T16:21:00Z","2025-05-09T17:51:00Z","ASMC358977746F64A10","1","usable","method_baseline","tesla_model_y","crossover","2019","18088","km","87.6","percent","clean","2025-05-09T14:16:00Z","2025-05-09T16:16:00Z","2025-05-09T16:51:00Z"
"SRC8868DC8DA258F750","vehicle_assessment","BAT0EFEC9A5D5DA","1.0","SYNVEH85591449879","REQ911615A6F51802CA","2025-05-10T00:37:00Z","2025-05-10T01:07:00Z","ASM3831A50D87C0E3AE","1","usable","method_baseline","hyundai_ioniq_5","crossover","2020","18225","mi","92.7","percent","average","2025-05-09T22:32:00Z","2025-05-10T00:32:00Z","2025-05-10T02:07:00Z"
"SRCE804B5EC850F9585","vehicle_assessment","BAT0EFEC9A5D5DA","1.0","SYNVEH88996935822","REQ08F701B335D82B0C","2025-05-10T08:53:00Z","2025-05-10T10:23:00Z","ASM72D8A7616D4DA4D4","1","usable","method_baseline","ford_mustang_mach_e","crossover","2021","18362","km","90.7","percent","rough","2025-05-10T06:48:00Z","2025-05-10T08:48:00Z","2025-05-10T09:23:00Z"
"SRCCEEE8DF1900FE9F8","vehicle_assessment","BAT0EFEC9A5D5DA","1.0","SYNVEH40285838194","REQB27DF3296CB75DE1","2025-05-10T17:09:00Z","2025-05-10T17:39:00Z","ASMD33B7F837304EE75","1","usable","method_baseline","ford_f150_lightning","pickup","2022","18499","mi","88.8","percent","clean","2025-05-10T15:04:00Z","2025-05-10T17:04:00Z","2025-05-10T18:39:00Z"
"SRC90EAD1C377221F05","vehicle_assessment","BAT0EFEC9A5D5DA","1.0","SYNVEH11563277277","REQ334B70D4F513AD7A","2025-05-11T01:25:00Z","2025-05-11T02:55:00Z","ASM574AC19A314B2B43","1","usable","method_baseline","chevrolet_bolt_ev","hatchback","2023","18636","km","91.6","percent","average","2025-05-10T23:20:00Z","2025-05-11T01:20:00Z","2025-05-11T01:55:00Z"
"SRCD50BC7913BA6D4A6","vehicle_assessment","BAT0EFEC9A5D5DA","1.0","SYNVEH09224753849","REQEA29A5C3BFF79533","2025-05-11T09:41:00Z","2025-05-11T10:11:00Z","ASM1D6EC7F6E72A7B4E","1","usable","method_baseline","nissan_leaf","hatchback","2024","18773","mi","85.0","percent","rough","2025-05-11T07:36:00Z","2025-05-11T09:36:00Z","2025-05-11T11:11:00Z"
"SRC9E4AF7ADF27B4C9F","vehicle_assessment","BAT0EFEC9A5D5DA","1.0","SYNVEH05125172863","REQ86A2385C8187EEFF","2025-05-11T17:57:00Z","2025-05-11T19:27:00Z","ASMEF6CB0685C2BDEAE","1","usable","method_baseline","tesla_model_3","sedan","2025","18910","km","93.5","percent","clean","2025-05-11T15:52:00Z","2025-05-11T17:52:00Z","2025-05-11T18:27:00Z"
"SRCCB12B0FB3D0F8DE3","vehicle_assessment","BAT0EFEC9A5D5DA","1.0","SYNVEH29696200735","REQ627CDB8FAD887F4D","2025-05-12T02:13:00Z","2025-05-12T02:43:00Z","ASM41D8083E41162989","1","usable","method_baseline","tesla_model_y","crossover","2026","19047","mi","97.2","percent","average","2025-05-12T00:08:00Z","2025-05-12T02:08:00Z","2025-05-12T03:43:00Z"
"SRC78CA67B14C29F00D","vehicle_assessment","BAT0EFEC9A5D5DA","1.0","SYNVEH23966046473","REQBD357C913CE82A02","2025-05-12T10:29:00Z","2025-05-12T11:59:00Z","ASMB18FBC0A99317990","1","usable","method_baseline","hyundai_ioniq_5","crossover","2018","19184","km","88.6","percent","rough","2025-05-12T08:24:00Z","2025-05-12T10:24:00Z","2025-05-12T10:59:00Z"
"SRCB4A386BCF4F84066","vehicle_assessment","BAT0EFEC9A5D5DA","1.0","SYNVEH06886555186","REQ491916D0EDDD1B33","2025-05-12T18:45:00Z","2025-05-12T19:15:00Z","ASM52A1C9D6DFDF3BBA","1","usable","method_baseline","ford_mustang_mach_e","crossover","2019","19321","mi","85.7","percent","clean","2025-05-12T16:40:00Z","2025-05-12T18:40:00Z","2025-05-12T20:15:00Z"
"SRCB5CECA09C3A9DC52","vehicle_assessment","BAT0EFEC9A5D5DA","1.0","SYNVEH29547341612","REQBF94BB3C683B175F","2025-05-13T03:01:00Z","2025-05-13T04:31:00Z","ASMD5779FA88CEF97B8","1","usable","method_baseline","ford_f150_lightning","pickup","2020","19458","km","93.7","percent","average","2025-05-13T00:56:00Z","2025-05-13T02:56:00Z","2025-05-13T03:31:00Z"
"SRCDA3CA90D7FC4D30D","vehicle_assessment","BAT0EFEC9A5D5DA","1.0","SYNVEH18619563657","REQ3E2F927AC7B3AE4A","2025-05-13T11:17:00Z","2025-05-13T11:47:00Z","ASM1C195BB66AE970EC","1","usable","method_baseline","chevrolet_bolt_ev","hatchback","2021","19595","mi","87.6","percent","rough","2025-05-13T09:12:00Z","2025-05-13T11:12:00Z","2025-05-13T12:47:00Z"
"SRC7FA9BA9FAD7C3C7D","vehicle_assessment","BAT0EFEC9A5D5DA","1.0","SYNVEH30163539387","REQ8674D8A7090DC5C0","2025-05-13T19:33:00Z","2025-05-13T21:03:00Z","ASM855DF8FBB1376120","1","usable","method_baseline","nissan_leaf","hatchback","2022","19732","km","87.8","percent","clean","2025-05-13T17:28:00Z","2025-05-13T19:28:00Z","2025-05-13T20:03:00Z"
"SRCB4A484F81222B220","vehicle_assessment","BAT0EFEC9A5D5DA","1.0","SYNVEH38618982790","REQ23D91C12298B2F3C","2025-05-14T03:49:00Z","2025-05-14T04:19:00Z","ASM0E1FCE1EC61D6C7A","1","usable","method_baseline","tesla_model_3","sedan","2023","19869","mi","86.0","percent","average","2025-05-14T01:44:00Z","2025-05-14T03:44:00Z","2025-05-14T05:19:00Z"
"SRCA134BEE46CAF5058","vehicle_assessment","BAT0EFEC9A5D5DA","1.0","SYNVEH52063652572","REQBB2670489229EAB4","2025-05-14T12:05:00Z","2025-05-14T13:35:00Z","ASM5771C942D46C56D9","1","usable","method_baseline","tesla_model_y","crossover","2024","20006","km","88.0","percent","rough","2025-05-14T10:00:00Z","2025-05-14T12:00:00Z","2025-05-14T12:35:00Z"
"SRCE089D9EC59B66E2C","vehicle_assessment","BAT0EFEC9A5D5DA","1.0","SYNVEH10730164982","REQ131ED8C135C46A4F","2025-05-14T20:21:00Z","2025-05-14T20:51:00Z","ASM2DE98231DA14D678","1","usable","method_baseline","hyundai_ioniq_5","crossover","2025","20143","mi","84.9","percent","clean","2025-05-14T18:16:00Z","2025-05-14T20:16:00Z","2025-05-14T21:51:00Z"
"SRC7A3F228B2EB77D51","vehicle_assessment","BAT0EFEC9A5D5DA","1.0","SYNVEH37621069364","REQ2649D7A0B29EE45D","2025-05-15T04:37:00Z","2025-05-15T06:07:00Z","ASM669513BF54552BB5","1","usable","method_baseline","ford_mustang_mach_e","crossover","2026","20280","km","86.2","percent","average","2025-05-15T02:32:00Z","2025-05-15T04:32:00Z","2025-05-15T05:07:00Z"
"SRCF37C12D7BF97A1C6","vehicle_assessment","BAT0EFEC9A5D5DA","1.0","SYNVEH75970883494","REQA59B3D5AEF935590","2025-05-15T12:53:00Z","2025-05-15T13:23:00Z","ASM129A6A3B39056B3D","1","usable","method_baseline","ford_f150_lightning","pickup","2018","20417","mi","98.2","percent","rough","2025-05-15T10:48:00Z","2025-05-15T12:48:00Z","2025-05-15T14:23:00Z"
"SRCAA551A2752575BC4","vehicle_assessment","BAT0EFEC9A5D5DA","1.0","SYNVEH08073251217","REQF766378BE708202A","2025-05-15T21:09:00Z","2025-05-15T22:39:00Z","ASM9904FCC592067311","1","usable","method_baseline","chevrolet_bolt_ev","hatchback","2019","20554","km","84.1","percent","clean","2025-05-15T19:04:00Z","2025-05-15T21:04:00Z","2025-05-15T21:39:00Z"
"SRCA62AF081EE0C4E97","vehicle_assessment","BAT0EFEC9A5D5DA","1.0","SYNVEH11727874521","REQ7342777D86BAAB44","2025-05-16T05:25:00Z","2025-05-16T05:55:00Z","ASM795CBBA2C333979A","1","usable","method_baseline","nissan_leaf","hatchback","2020","20691","mi","92.2","percent","average","2025-05-16T03:20:00Z","2025-05-16T05:20:00Z","2025-05-16T06:55:00Z"
"SRCBACFFB936F2160A2","vehicle_assessment","BAT0EFEC9A5D5DA","1.0","SYNVEH03727750547","REQBF0094D289C83F2F","2025-05-16T13:41:00Z","2025-05-16T15:11:00Z","ASM9DAE2CD6F81ACB7E","1","usable","method_baseline","tesla_model_3","sedan","2021","20828","km","91.6","percent","rough","2025-05-16T11:36:00Z","2025-05-16T13:36:00Z","2025-05-16T14:11:00Z"
"SRCBD0BDF8AFD342EAC","vehicle_assessment","BAT0EFEC9A5D5DA","1.0","SYNVEH74305548164","REQC7BF62940B4FE8C4","2025-05-16T21:57:00Z","2025-05-16T22:27:00Z","ASMC3C29379DC378326","1","usable","method_baseline","tesla_model_y","crossover","2022","20965","mi","86.7","percent","clean","2025-05-16T19:52:00Z","2025-05-16T21:52:00Z","2025-05-16T23:27:00Z"
"SRCD8CB15322C9FFB23","vehicle_assessment","BAT0EFEC9A5D5DA","1.0","SYNVEH63021856899","REQ591EAF825AC88F04","2025-05-17T06:13:00Z","2025-05-17T07:43:00Z","ASMAD910542B86A3E57","1","usable","method_baseline","hyundai_ioniq_5","crossover","2023","21102","km","97.6","percent","average","2025-05-17T04:08:00Z","2025-05-17T06:08:00Z","2025-05-17T06:43:00Z"
"SRCDAB7F59A6819E308","vehicle_assessment","BAT0EFEC9A5D5DA","1.0","SYNVEH08931773622","REQ5A10DFB4E859DBFA","2025-05-17T14:29:00Z","2025-05-17T14:59:00Z","ASMF5DB8C398575963B","1","usable","method_baseline","ford_mustang_mach_e","crossover","2024","21239","mi","97.0","percent","rough","2025-05-17T12:24:00Z","2025-05-17T14:24:00Z","2025-05-17T15:59:00Z"
"SRC332940C6877CC9C3","vehicle_assessment","BAT0EFEC9A5D5DA","1.0","SYNVEH45528457891","REQ5B79483870926770","2025-05-17T22:45:00Z","2025-05-18T00:15:00Z","ASM4710BC728ECDB70A","1","usable","method_baseline","ford_f150_lightning","pickup","2025","21376","km","84.6","percent","clean","2025-05-17T20:40:00Z","2025-05-17T22:40:00Z","2025-05-17T23:15:00Z"
"SRCABB62F25607D6244","vehicle_assessment","BAT0EFEC9A5D5DA","1.0","SYNVEH33941345340","REQ72EDA2C20A7E56DE","2025-05-18T07:01:00Z","2025-05-18T07:31:00Z","ASMAC117F1BC85787E1","1","usable","method_baseline","chevrolet_bolt_ev","hatchback","2026","21513","mi","91.0","percent","average","2025-05-18T04:56:00Z","2025-05-18T06:56:00Z","2025-05-18T08:31:00Z"
"SRCA6C5EA1BA2B15EE2","vehicle_assessment","BAT0EFEC9A5D5DA","1.0","SYNVEH99848150773","REQ265EAA359D0C3B93","2025-05-18T15:17:00Z","2025-05-18T16:47:00Z","ASMBF34C122E53712EC","1","usable","method_baseline","nissan_leaf","hatchback","2018","21650","km","85.8","percent","rough","2025-05-18T13:12:00Z","2025-05-18T15:12:00Z","2025-05-18T15:47:00Z"
"SRC83D1C46D22AF383A","vehicle_assessment","BAT0EFEC9A5D5DA","1.0","SYNVEH27645795622","REQ02236D848F978883","2025-05-18T23:33:00Z","2025-05-19T00:03:00Z","ASM5F4D768795FF6629","1","usable","method_baseline","tesla_model_3","sedan","2019","21787","mi","97.9","percent","clean","2025-05-18T21:28:00Z","2025-05-18T23:28:00Z","2025-05-19T01:03:00Z"
"SRCF2DEE4EB43AD96BD","vehicle_assessment","BAT0EFEC9A5D5DA","1.0","SYNVEH84027625547","REQ38EF5A5FA4008C78","2025-05-19T07:49:00Z","2025-05-19T09:19:00Z","ASM5835AC7655095B52","1","usable","method_baseline","tesla_model_y","crossover","2020","21924","km","90.3","percent","average","2025-05-19T05:44:00Z","2025-05-19T07:44:00Z","2025-05-19T08:19:00Z"
"SRC71230E24ED20210D","vehicle_assessment","BAT0EFEC9A5D5DA","1.0","SYNVEH21017673014","REQ07844C9940B9E7FA","2025-05-19T16:05:00Z","2025-05-19T16:35:00Z","ASMC6EDB90F58098EB2","1","usable","method_baseline","hyundai_ioniq_5","crossover","2021","22061","mi","90.1","percent","rough","2025-05-19T14:00:00Z","2025-05-19T16:00:00Z","2025-05-19T17:35:00Z"
"SRCD31210DAB83A9E25","vehicle_assessment","BAT0EFEC9A5D5DA","1.0","SYNVEH80753258735","REQ661CB22FB36BF836","2025-05-20T00:21:00Z","2025-05-20T01:51:00Z","ASM69CF979D4723F2CB","1","usable","method_baseline","ford_mustang_mach_e","crossover","2022","22198","km","93.9","percent","clean","2025-05-19T22:16:00Z","2025-05-20T00:16:00Z","2025-05-20T00:51:00Z"
"SRCDFD42BE348386EF8","vehicle_assessment","BAT0EFEC9A5D5DA","1.0","SYNVEH19491150339","REQC10A1D9C3B3F5EF9","2025-05-20T08:37:00Z","2025-05-20T09:07:00Z","ASM89007F08E3073FBB","1","usable","method_baseline","ford_f150_lightning","pickup","2023","22335","mi","90.2","percent","average","2025-05-20T06:32:00Z","2025-05-20T08:32:00Z","2025-05-20T10:07:00Z"
"SRC4BEE6AA159DA65B5","vehicle_assessment","BAT0EFEC9A5D5DA","1.0","SYNVEH26048272329","REQA579E46DE30FECCD","2025-05-20T16:53:00Z","2025-05-20T18:23:00Z","ASM4D3F37E57ACFE083","1","usable","method_baseline","chevrolet_bolt_ev","hatchback","2024","22472","km","89.5","percent","rough","2025-05-20T14:48:00Z","2025-05-20T16:48:00Z","2025-05-20T17:23:00Z"
"SRCE188036025181884","vehicle_assessment","BAT0EFEC9A5D5DA","1.0","SYNVEH74015725982","REQEDD77D9FFD5412D9","2025-05-21T01:09:00Z","2025-05-21T01:39:00Z","ASM239A0044D7C96937","1","usable","method_baseline","nissan_leaf","hatchback","2025","22609","mi","98.1","percent","clean","2025-05-20T23:04:00Z","2025-05-21T01:04:00Z","2025-05-21T02:39:00Z"
"SRC0788DA5D064C4C74","vehicle_assessment","BAT0EFEC9A5D5DA","1.0","SYNVEH87838915846","REQ84800D082AED3425","2025-05-21T09:25:00Z","2025-05-21T10:55:00Z","ASM0527F60DE8AD9B87","1","usable","method_baseline","tesla_model_3","sedan","2026","22746","km","85.6","percent","average","2025-05-21T07:20:00Z","2025-05-21T09:20:00Z","2025-05-21T09:55:00Z"
"SRCF1B54C0CBEE6E6D0","vehicle_assessment","BAT0EFEC9A5D5DA","1.0","SYNVEH29471619947","REQF2D439FC1A3293CF","2025-05-21T17:41:00Z","2025-05-21T18:11:00Z","ASM7CCA096EBA6E2FFE","1","usable","method_current","tesla_model_y","crossover","2018","22883","mi","94.8","percent","rough","2025-05-21T15:36:00Z","2025-05-21T17:36:00Z","2025-05-21T19:11:00Z"
"SRCA223DECB89BE4E83","vehicle_assessment","BAT0EFEC9A5D5DA","1.0","SYNVEH02285823672","REQ7B13724238A64EDB","2025-05-22T01:57:00Z","2025-05-22T03:27:00Z","ASMD53EC6AECD815CFD","1","usable","method_current","hyundai_ioniq_5","crossover","2019","23020","km","84.9","percent","clean","2025-05-21T23:52:00Z","2025-05-22T01:52:00Z","2025-05-22T02:27:00Z"
"SRCCB311617D409C2C2","vehicle_assessment","BAT0EFEC9A5D5DA","1.0","SYNVEH74033576808","REQD0CA32B94250B062","2025-05-22T10:13:00Z","2025-05-22T10:43:00Z","ASM403F344FC0460776","1","usable","method_current","ford_mustang_mach_e","crossover","2020","23157","mi","96.1","percent","average","2025-05-22T08:08:00Z","2025-05-22T10:08:00Z","2025-05-22T11:43:00Z"
"SRC3A6D39529DCA0512","vehicle_assessment","BAT0EFEC9A5D5DA","1.0","SYNVEH48592099346","REQC8ABCE9D3F213EAE","2025-05-22T18:29:00Z","2025-05-22T19:59:00Z","ASM1C91603142804307","1","usable","method_current","ford_f150_lightning","pickup","2021","23294","km","82.9","percent","rough","2025-05-22T16:24:00Z","2025-05-22T18:24:00Z","2025-05-22T18:59:00Z"
"SRC4F5CDDB3A7B9F0B4","vehicle_assessment","BAT0EFEC9A5D5DA","1.0","SYNVEH65592142041","REQ3983DEA4D4D8971C","2025-05-23T02:45:00Z","2025-05-23T03:15:00Z","ASM29B29013121358A1","1","usable","method_current","chevrolet_bolt_ev","hatchback","2022","23431","mi","95.3","percent","clean","2025-05-23T00:40:00Z","2025-05-23T02:40:00Z","2025-05-23T04:15:00Z"
"SRC6DD18D1BDA4FF3A8","vehicle_assessment","BAT0EFEC9A5D5DA","1.0","SYNVEH53564154697","REQ65CA6A04A5553D99","2025-05-23T11:01:00Z","2025-05-23T12:31:00Z","ASMF81BEBCDB71D218F","1","usable","method_current","nissan_leaf","hatchback","2023","23568","km","91.7","percent","average","2025-05-23T08:56:00Z","2025-05-23T10:56:00Z","2025-05-23T11:31:00Z"
"SRCA3ED67D84BEB3118","vehicle_assessment","BAT0EFEC9A5D5DA","1.0","SYNVEH14424817250","REQBC18D29577636750","2025-05-23T19:17:00Z","2025-05-23T19:47:00Z","ASM8A6983CDBB81EA29","1","usable","method_current","tesla_model_3","sedan","2024","23705","mi","85.6","percent","rough","2025-05-23T17:12:00Z","2025-05-23T19:12:00Z","2025-05-23T20:47:00Z"
"SRC96624C691776B352","vehicle_assessment","BAT0EFEC9A5D5DA","1.0","SYNVEH47871114013","REQ3D4275C4A9F0B203","2025-05-24T03:33:00Z","2025-05-24T05:03:00Z","ASMBD3BFB611E6CB265","1","usable","method_current","tesla_model_y","crossover","2025","23842","km","84.5","percent","clean","2025-05-24T01:28:00Z","2025-05-24T03:28:00Z","2025-05-24T04:03:00Z"
"SRCA04B6A1881DB8E3F","vehicle_assessment","BAT0EFEC9A5D5DA","1.0","SYNVEH89187869327","REQ455E2905C26A4DD6","2025-05-24T11:49:00Z","2025-05-24T12:19:00Z","ASM33BE0F04A0501476","1","usable","method_current","hyundai_ioniq_5","crossover","2026","23979","mi","91.6","percent","average","2025-05-24T09:44:00Z","2025-05-24T11:44:00Z","2025-05-24T13:19:00Z"
"SRCF1B25376779271C2","vehicle_assessment","BAT0EFEC9A5D5DA","1.0","SYNVEH08477861064","REQFD6231D61834B38D","2025-05-24T20:05:00Z","2025-05-24T21:35:00Z","ASMA0B8F840A9DC4837","1","usable","method_current","ford_mustang_mach_e","crossover","2018","24116","km","96.1","percent","rough","2025-05-24T18:00:00Z","2025-05-24T20:00:00Z","2025-05-24T20:35:00Z"
"SRC41B62F0ACFB4CF55","vehicle_assessment","BAT0EFEC9A5D5DA","1.0","SYNVEH09151857660","REQF591FFBB7FB09523","2025-05-25T04:21:00Z","2025-05-25T04:51:00Z","ASM2BD575BE8B36890F","1","usable","method_current","ford_f150_lightning","pickup","2019","24253","mi","91.4","percent","clean","2025-05-25T02:16:00Z","2025-05-25T04:16:00Z","2025-05-25T05:51:00Z"
"SRCE1F708328B3040B5","vehicle_assessment","BAT0EFEC9A5D5DA","1.0","SYNVEH99067753809","REQ557024AF8E62C3D6","2025-05-25T12:37:00Z","2025-05-25T14:07:00Z","ASMCBCEE9ECD43E3150","1","usable","method_current","chevrolet_bolt_ev","hatchback","2020","24390","km","94.5","percent","average","2025-05-25T10:32:00Z","2025-05-25T12:32:00Z","2025-05-25T13:07:00Z"
"SRCFE7265177535B6D2","vehicle_assessment","BAT0EFEC9A5D5DA","1.0","SYNVEH36566333417","REQBFCA36D6C1583CEE","2025-05-25T20:53:00Z","2025-05-25T21:23:00Z","ASMDFAD9BC72ABA1AF0","1","usable","method_current","nissan_leaf","hatchback","2021","24527","mi","92.7","percent","rough","2025-05-25T18:48:00Z","2025-05-25T20:48:00Z","2025-05-25T22:23:00Z"
"SRC56F2E81CA311AD5E","vehicle_assessment","BAT0EFEC9A5D5DA","1.0","SYNVEH83672934495","REQF31CF9DE61B53D60","2025-05-26T05:09:00Z","2025-05-26T06:39:00Z","ASM4255F42623451DA6","1","usable","method_current","tesla_model_3","sedan","2022","24664","km","84.1","percent","clean","2025-05-26T03:04:00Z","2025-05-26T05:04:00Z","2025-05-26T05:39:00Z"
"SRC0AF47F5115DB8052","vehicle_assessment","BAT0EFEC9A5D5DA","1.0","SYNVEH58845872965","REQ358317C576670E11","2025-05-26T13:25:00Z","2025-05-26T13:55:00Z","ASM0C989B955BBAC55C","1","usable","method_current","tesla_model_y","crossover","2023","24801","mi","91.7","percent","average","2025-05-26T11:20:00Z","2025-05-26T13:20:00Z","2025-05-26T14:55:00Z"
"SRC94672FF50DF6177A","vehicle_assessment","BAT0EFEC9A5D5DA","1.0","SYNVEH30222182151","REQ6307EE731BA980AB","2025-05-26T21:41:00Z","2025-05-26T23:11:00Z","ASM353AA270391C1D8F","1","usable","method_current","hyundai_ioniq_5","crossover","2024","24938","km","92.2","percent","rough","2025-05-26T19:36:00Z","2025-05-26T21:36:00Z","2025-05-26T22:11:00Z"
"SRCF1EAF448F67EF1B3","vehicle_assessment","BAT0EFEC9A5D5DA","1.0","SYNVEH48608402550","REQB672F0325045E752","2025-05-27T05:57:00Z","2025-05-27T06:27:00Z","ASM685894556C03C178","1","usable","method_current","ford_mustang_mach_e","crossover","2025","25075","mi","85.7","percent","clean","2025-05-27T03:52:00Z","2025-05-27T05:52:00Z","2025-05-27T07:27:00Z"
"SRCC5B76F27E674499C","vehicle_assessment","BAT0EFEC9A5D5DA","1.0","SYNVEH22127264103","REQ5748379CF5D407E2","2025-05-27T14:13:00Z","2025-05-27T15:43:00Z","ASMB74C267C4BCDC27A","1","usable","method_current","ford_f150_lightning","pickup","2026","25212","km","83.1","percent","average","2025-05-27T12:08:00Z","2025-05-27T14:08:00Z","2025-05-27T14:43:00Z"
"SRC20EA62B32D6B921D","vehicle_assessment","BAT0EFEC9A5D5DA","1.0","SYNVEH87193043964","REQDE873032EA8D2DC2","2025-05-27T22:29:00Z","2025-05-27T22:59:00Z","ASM59A4A4A3060BA4CE","1","usable","method_current","chevrolet_bolt_ev","hatchback","2018","25349","mi","93.0","percent","rough","2025-05-27T20:24:00Z","2025-05-27T22:24:00Z","2025-05-27T23:59:00Z"
"SRC7DCDC53C58E5B5B8","vehicle_assessment","BAT0EFEC9A5D5DA","1.0","SYNVEH09620885358","REQ8F3138AD950893C7","2025-05-28T06:45:00Z","2025-05-28T08:15:00Z","ASM81D8650B7F38C22A","1","usable","method_current","nissan_leaf","hatchback","2019","25486","km","89.5","percent","clean","2025-05-28T04:40:00Z","2025-05-28T06:40:00Z","2025-05-28T07:15:00Z"
"SRCBB6B94EA9D2953A4","vehicle_assessment","BAT0EFEC9A5D5DA","1.0","SYNVEH22822829695","REQ197A4B5666216A5F","2025-05-28T15:01:00Z","2025-05-28T15:31:00Z","ASMB0A1D2F0071A8C43","1","usable","method_current","tesla_model_3","sedan","2020","25623","mi","90.7","percent","average","2025-05-28T12:56:00Z","2025-05-28T14:56:00Z","2025-05-28T16:31:00Z"
"SRC1F6E63F11D3AF078","vehicle_assessment","BAT0EFEC9A5D5DA","1.0","SYNVEH24402717853","REQ3933939FDBA69842","2025-05-28T23:17:00Z","2025-05-29T00:47:00Z","ASM748D547461E1B064","1","usable","method_current","tesla_model_y","crossover","2021","25760","km","92.5","percent","rough","2025-05-28T21:12:00Z","2025-05-28T23:12:00Z","2025-05-28T23:47:00Z"
"SRCB8279EEB5DB6E155","vehicle_assessment","BAT0EFEC9A5D5DA","1.0","SYNVEH24491633070","REQ51363E208CA03843","2025-05-29T07:33:00Z","2025-05-29T08:03:00Z","ASMBE640C2074F7EFD9","1","usable","method_current","hyundai_ioniq_5","crossover","2022","25897","mi","89.6","percent","clean","2025-05-29T05:28:00Z","2025-05-29T07:28:00Z","2025-05-29T09:03:00Z"
"SRC091A23A8777F2FB4","vehicle_assessment","BAT0EFEC9A5D5DA","1.0","SYNVEH60415523418","REQ54D995911FCFA84F","2025-05-29T15:49:00Z","2025-05-29T17:19:00Z","ASMC965AB942101A084","1","usable","method_current","ford_mustang_mach_e","crossover","2023","26034","km","92.4","percent","average","2025-05-29T13:44:00Z","2025-05-29T15:44:00Z","2025-05-29T16:19:00Z"
"SRCA991BB65AA518EFA","vehicle_assessment","BAT0EFEC9A5D5DA","1.0","SYNVEH14476434669","REQ2542299153B2ED4F","2025-05-30T00:05:00Z","2025-05-30T00:35:00Z","ASMEFC29959B9C2115D","1","usable","method_current","ford_f150_lightning","pickup","2024","26171","mi","91.9","percent","rough","2025-05-29T22:00:00Z","2025-05-30T00:00:00Z","2025-05-30T01:35:00Z"
"SRC42E80B7619DE8620","vehicle_assessment","BAT0EFEC9A5D5DA","1.0","SYNVEH79427713001","REQ9131E51D3E3195FD","2025-05-30T08:21:00Z","2025-05-30T09:51:00Z","ASMFF7B583331DBC80D","1","usable","method_current","chevrolet_bolt_ev","hatchback","2025","26308","km","96.5","percent","clean","2025-05-30T06:16:00Z","2025-05-30T08:16:00Z","2025-05-30T08:51:00Z"
"SRC77D1803F107B2FE1","vehicle_assessment","BAT0EFEC9A5D5DA","1.0","SYNVEH71982676449","REQ19935F85BE39FF09","2025-05-30T16:37:00Z","2025-05-30T17:07:00Z","ASMEC61076EBC8B2A8F","1","usable","method_current","nissan_leaf","hatchback","2026","26445","mi","95.4","percent","average","2025-05-30T14:32:00Z","2025-05-30T16:32:00Z","2025-05-30T18:07:00Z"
"SRCA47E595F70AE3A38","vehicle_assessment","BAT0EFEC9A5D5DA","1.0","SYNVEH20913139343","REQ37AE367271A3361A","2025-06-01T18:05:00Z","2025-06-01T19:35:00Z","ASM2FB86444F53774C1","1","failed","method_current","","","","","","","","","","2025-06-01T18:00:00Z","2025-06-01T18:35:00Z"
"SRC995F0686205AA5D1","vehicle_assessment","BAT0EFEC9A5D5DA","1.0","SYNVEH86234738541","REQ1997CEA054FEE641","2025-06-02T02:05:00Z","2025-06-02T02:35:00Z","ASM5DE01540756A988D","1","failed","method_current","","","","","","","","","","2025-06-02T02:00:00Z","2025-06-02T03:35:00Z"
"SRCA465501C03C0EA11","vehicle_assessment","BAT0EFEC9A5D5DA","1.0","SYNVEH43812762893","REQ3AC51D332DE311F6","2025-06-02T10:05:00Z","2025-06-02T11:35:00Z","ASMC81E13A2F1A97EFA","1","failed","method_current","","","","","","","","","","2025-06-02T10:00:00Z","2025-06-02T10:35:00Z"
"SRCA83C44795F7F01D9","vehicle_assessment","BAT0EFEC9A5D5DA","1.0","SYNVEH54901184331","REQF1244CD090079BB9","2025-06-02T18:05:00Z","2025-06-02T18:35:00Z","ASM0D108D36711FF71C","1","failed","method_current","","","","","","","","","","2025-06-02T18:00:00Z","2025-06-02T19:35:00Z"
"SRCA0F861B7B0C1EF78","vehicle_assessment","BAT0EFEC9A5D5DA","1.0","SYNVEH31039956058","REQAFAD8210873E6A84","2025-06-03T02:05:00Z","2025-06-03T03:35:00Z","ASM12B54625878271D6","1","usable","method_baseline","hyundai_ioniq_5","crossover","2018","27815","mi","84.4","percent","rough","2025-06-03T00:00:00Z","2025-06-03T02:00:00Z","2025-06-03T02:35:00Z"
"SRC560A82602F42E5A0","vehicle_assessment","BAT0EFEC9A5D5DA","1.0","SYNVEH47077867226","REQC963B08D87CF1B96","2025-06-03T10:05:00Z","2025-06-03T10:35:00Z","ASMD8426A3D4EB7BBF5","1","usable","method_baseline","ford_mustang_mach_e","crossover","2019","27952","km","91.5","percent","clean","2025-06-03T08:00:00Z","2025-06-03T10:00:00Z","2025-06-03T11:35:00Z"
"SRC2E4DF9A7009FED26","vehicle_assessment","BAT0EFEC9A5D5DA","1.0","SYNVEH99099381429","REQB81E7099BB2E3835","2025-06-03T18:05:00Z","2025-06-03T19:35:00Z","ASM5C5BA35543A69120","1","usable","method_baseline","ford_f150_lightning","pickup","2020","28089","mi","84.9","percent","average","2025-06-03T16:00:00Z","2025-06-03T18:00:00Z","2025-06-03T18:35:00Z"
"SRC02DAA0A26D759BE3","vehicle_assessment","BAT0EFEC9A5D5DA","1.0","SYNVEH42730633481","REQ292394AAACE33638","2025-06-04T02:05:00Z","2025-06-04T02:35:00Z","ASMC9C50E7D734771E3","1","usable","method_baseline","chevrolet_bolt_ev","hatchback","2021","28226","km","87.7","percent","rough","2025-06-04T00:00:00Z","2025-06-04T02:00:00Z","2025-06-04T03:35:00Z"
"SRC4E8109E8C225ABB5","vehicle_assessment","BAT0EFEC9A5D5DA","1.0","SYNVEH10771155376","REQ2C7D74CBF6E40B93","2025-06-04T10:05:00Z","2025-06-04T11:35:00Z","ASM43DF2267372C0C10","1","usable","method_baseline","nissan_leaf","hatchback","2022","28363","mi","92.5","percent","clean","2025-06-04T08:00:00Z","2025-06-04T10:00:00Z","2025-06-04T10:35:00Z"
"SRCD513853FDFE993E1","vehicle_assessment","BAT0EFEC9A5D5DA","1.0","SYNVEH35435932531","REQ225EC2B792C8BC76","2025-06-04T18:05:00Z","2025-06-04T18:35:00Z","ASM974518DA109F630F","1","usable","method_baseline","tesla_model_3","sedan","2023","28500","km","83.5","percent","average","2025-06-04T16:00:00Z","2025-06-04T18:00:00Z","2025-06-04T19:35:00Z"
"SRCFD06BD9946F32F53","vehicle_assessment","BAT0EFEC9A5D5DA","1.0","SYNVEH77501617844","REQ46BC9C444932DF7A","2025-06-05T02:05:00Z","2025-06-05T03:35:00Z","ASM2BE422CC58CD03FB","1","usable","method_baseline","tesla_model_y","crossover","2024","28637","mi","84.1","percent","rough","2025-06-05T00:00:00Z","2025-06-05T02:00:00Z","2025-06-05T02:35:00Z"
"SRCB925602A0A7DD029","vehicle_assessment","BAT0EFEC9A5D5DA","1.0","SYNVEH22700413858","REQ9E5DC56CD78E2129","2025-06-05T10:05:00Z","2025-06-05T10:35:00Z","ASM3F3BFFCC99977BCA","1","usable","method_baseline","hyundai_ioniq_5","crossover","2025","28774","km","86.9","percent","clean","2025-06-05T08:00:00Z","2025-06-05T10:00:00Z","2025-06-05T11:35:00Z"
"SRC26770ADB1F03CFE4","vehicle_assessment","BAT0EFEC9A5D5DA","1.0","SYNVEH41365706840","REQ4DEDCB78E7E86F95","2025-06-05T18:05:00Z","2025-06-05T19:35:00Z","ASMC5499C84DFAE8CF0","1","usable","method_baseline","ford_mustang_mach_e","crossover","2026","28911","mi","90.4","percent","average","2025-06-05T16:00:00Z","2025-06-05T18:00:00Z","2025-06-05T18:35:00Z"
"SRC58D170897793E74B","vehicle_assessment","BAT0EFEC9A5D5DA","1.0","SYNVEH14980262114","REQC3FF8478DA20E25B","2025-06-06T02:05:00Z","2025-06-06T02:35:00Z","ASM1A7470F9D849A3DF","1","usable","method_baseline","ford_f150_lightning","pickup","2018","29048","km","88.1","percent","rough","2025-06-06T00:00:00Z","2025-06-06T02:00:00Z","2025-06-06T03:35:00Z"
"SRC48720C012D1CCCE5","vehicle_assessment","BAT0EFEC9A5D5DA","1.0","SYNVEH14109662737","REQB3D2DEB49CA29336","2025-06-06T10:05:00Z","2025-06-06T11:35:00Z","ASM19745E395777FC9A","1","usable","method_baseline","chevrolet_bolt_ev","hatchback","2019","29185","mi","92.1","percent","clean","2025-06-06T08:00:00Z","2025-06-06T10:00:00Z","2025-06-06T10:35:00Z"
"SRC75B2A2499A6F1173","vehicle_assessment","BAT0EFEC9A5D5DA","1.0","SYNVEH79504907624","REQ339B8487B0ED9E08","2025-06-06T18:05:00Z","2025-06-06T18:35:00Z","ASMA5D6BB50ACADCFD2","1","usable","method_baseline","nissan_leaf","hatchback","2020","29322","km","87.4","percent","average","2025-06-06T16:00:00Z","2025-06-06T18:00:00Z","2025-06-06T19:35:00Z"
"SRCCA05F72CC8DB96AB","vehicle_assessment","BAT0EFEC9A5D5DA","1.0","SYNVEH48121720748","REQ875829407E2E6820","2025-06-07T02:05:00Z","2025-06-07T03:35:00Z","ASM69DC49D8908260C7","1","usable","method_baseline","tesla_model_3","sedan","2021","29459","mi","90.1","percent","rough","2025-06-07T00:00:00Z","2025-06-07T02:00:00Z","2025-06-07T02:35:00Z"
"SRC7ADDABD17409C9B9","vehicle_assessment","BAT0EFEC9A5D5DA","1.0","SYNVEH50703374960","REQE5AC3109DE3F8AEB","2025-06-07T10:05:00Z","2025-06-07T10:35:00Z","ASMD92C6E2AD0423207","1","usable","method_baseline","tesla_model_y","crossover","2022","29596","km","86.9","percent","clean","2025-06-07T08:00:00Z","2025-06-07T10:00:00Z","2025-06-07T11:35:00Z"
"SRCEB93D71E663BD4DE","vehicle_assessment","BAT0EFEC9A5D5DA","1.0","SYNVEH89536267847","REQ7AF08B912618C647","2025-06-07T18:05:00Z","2025-06-07T19:35:00Z","ASMBD9F626E42055EC0","1","usable","method_baseline","hyundai_ioniq_5","crossover","2023","29733","mi","85.4","percent","average","2025-06-07T16:00:00Z","2025-06-07T18:00:00Z","2025-06-07T18:35:00Z"
"SRCF0ADB7BF9A594726","vehicle_assessment","BAT0EFEC9A5D5DA","1.0","SYNVEH12280674452","REQ80E227CB257CE1F7","2025-06-08T02:05:00Z","2025-06-08T02:35:00Z","ASM4A9204CE8AECE00C","1","usable","method_baseline","ford_mustang_mach_e","crossover","2024","29870","km","85.5","percent","rough","2025-06-08T00:00:00Z","2025-06-08T02:00:00Z","2025-06-08T03:35:00Z"
"SRC932E108DDD7AAEAB","vehicle_assessment","BAT0EFEC9A5D5DA","1.0","SYNVEH26086415746","REQ0D944588FE91191E","2025-06-08T10:05:00Z","2025-06-08T11:35:00Z","ASM116EC7B4BCCA1A06","1","usable","method_baseline","ford_f150_lightning","pickup","2025","30007","mi","97.3","percent","clean","2025-06-08T08:00:00Z","2025-06-08T10:00:00Z","2025-06-08T10:35:00Z"
"SRC7993AC41DA69C0DF","vehicle_assessment","BAT0EFEC9A5D5DA","1.0","SYNVEH39890048359","REQ4BB5B735191360F6","2025-06-08T18:05:00Z","2025-06-08T18:35:00Z","ASM75D29B6B34DC68C2","1","usable","method_baseline","chevrolet_bolt_ev","hatchback","2026","30144","km","97.7","percent","average","2025-06-08T16:00:00Z","2025-06-08T18:00:00Z","2025-06-08T19:35:00Z"
"SRC2920C478762F5774","vehicle_assessment","BAT0EFEC9A5D5DA","1.0","SYNVEH99265561981","REQ4C9E195ED74A8AEA","2025-06-09T02:05:00Z","2025-06-09T03:35:00Z","ASM5003EBE8FFA7422F","1","usable","method_baseline","nissan_leaf","hatchback","2018","30281","mi","87.5","percent","rough","2025-06-09T00:00:00Z","2025-06-09T02:00:00Z","2025-06-09T02:35:00Z"
"SRC9E8206D0CE74821F","vehicle_assessment","BAT0EFEC9A5D5DA","1.0","SYNVEH62587179052","REQD0AFF1D04312121E","2025-06-09T10:05:00Z","2025-06-09T10:35:00Z","ASM4B967002F54FB047","1","usable","method_baseline","tesla_model_3","sedan","2019","30418","km","85.3","percent","clean","2025-06-09T08:00:00Z","2025-06-09T10:00:00Z","2025-06-09T11:35:00Z"
"SRC94CCE35E44337D1B","vehicle_assessment","BAT0EFEC9A5D5DA","1.0","SYNVEH66929998474","REQ0F9B14EC1A20EA87","2025-06-09T18:05:00Z","2025-06-09T19:35:00Z","ASM55752FED00C82CA5","1","usable","method_baseline","tesla_model_y","crossover","2020","30555","mi","90.8","percent","average","2025-06-09T16:00:00Z","2025-06-09T18:00:00Z","2025-06-09T18:35:00Z"
"SRC3F39ED0313C4183C","vehicle_assessment","BAT0EFEC9A5D5DA","1.0","SYNVEH77736945712","REQ6ADE40D08972CF6D","2025-06-10T02:05:00Z","2025-06-10T02:35:00Z","ASM3EA8EAA66640623E","1","usable","method_baseline","hyundai_ioniq_5","crossover","2021","30692","km","86.7","percent","rough","2025-06-10T00:00:00Z","2025-06-10T02:00:00Z","2025-06-10T03:35:00Z"
"SRC8A6DAC1EF496F94F","vehicle_assessment","BAT0EFEC9A5D5DA","1.0","SYNVEH03179022855","REQED6B9C5C11D13F7E","2025-06-10T10:05:00Z","2025-06-10T11:35:00Z","ASMF53C3F863C691046","1","usable","method_baseline","ford_mustang_mach_e","crossover","2022","30829","mi","96.5","percent","clean","2025-06-10T08:00:00Z","2025-06-10T10:00:00Z","2025-06-10T10:35:00Z"
"SRC9567CE56B982B2E9","vehicle_assessment","BAT0EFEC9A5D5DA","1.0","SYNVEH16914638994","REQ9851B054D3E90353","2025-06-10T18:05:00Z","2025-06-10T18:35:00Z","ASMFC0A0C4942958D13","1","usable","method_baseline","ford_f150_lightning","pickup","2023","30966","km","90.8","percent","average","2025-06-10T16:00:00Z","2025-06-10T18:00:00Z","2025-06-10T19:35:00Z"
"SRC12AA292DECEBE708","vehicle_assessment","BAT0EFEC9A5D5DA","1.0","SYNVEH82132747280","REQ630309F40689C7CE","2025-06-11T02:05:00Z","2025-06-11T03:35:00Z","ASMD028AFFFF040D6CA","1","usable","method_baseline","chevrolet_bolt_ev","hatchback","2024","31103","mi","85.2","percent","rough","2025-06-11T00:00:00Z","2025-06-11T02:00:00Z","2025-06-11T02:35:00Z"
"SRC988499C7BDAF35D3","vehicle_assessment","BAT0EFEC9A5D5DA","1.0","SYNVEH54686864423","REQ38FE17FBD66EC53E","2025-06-11T10:05:00Z","2025-06-11T10:35:00Z","ASM4559E09A5301F6FC","1","usable","method_baseline","nissan_leaf","hatchback","2025","31240","km","87.9","percent","clean","2025-06-11T08:00:00Z","2025-06-11T10:00:00Z","2025-06-11T11:35:00Z"
"SRC1869B4398ACDB803","vehicle_assessment","BAT0EFEC9A5D5DA","1.0","SYNVEH33650644780","REQ2B780BA76DDAAF9C","2025-06-11T18:05:00Z","2025-06-11T19:35:00Z","ASM79E5045EE24E87D4","1","usable","method_baseline","tesla_model_3","sedan","2026","31377","mi","84.8","percent","average","2025-06-11T16:00:00Z","2025-06-11T18:00:00Z","2025-06-11T18:35:00Z"
"SRCC19BE7E56E7B84F0","vehicle_assessment","BAT0EFEC9A5D5DA","1.0","SYNVEH59279952440","REQ173FAE8D4D05556A","2025-06-12T02:05:00Z","2025-06-12T02:35:00Z","ASM6E2AE36BBC990352","1","usable","method_current","tesla_model_y","crossover","2018","31514","km","86.1","percent","rough","2025-06-12T00:00:00Z","2025-06-12T02:00:00Z","2025-06-12T03:35:00Z"
"SRCFDFE406375B8F4F0","vehicle_assessment","BAT0EFEC9A5D5DA","1.0","SYNVEH26392034352","REQCFE05A88151E16ED","2025-06-12T10:05:00Z","2025-06-12T11:35:00Z","ASM13E7A22CF1988982","1","usable","method_current","hyundai_ioniq_5","crossover","2019","31651","mi","90.4","percent","clean","2025-06-12T08:00:00Z","2025-06-12T10:00:00Z","2025-06-12T10:35:00Z"
"SRCBDED3D51F9669383","vehicle_assessment","BAT0EFEC9A5D5DA","1.0","SYNVEH34918036547","REQ4AA2559C0B845A4F","2025-06-12T18:05:00Z","2025-06-12T18:35:00Z","ASM42C95F261E644CBA","1","usable","method_current","ford_mustang_mach_e","crossover","2020","31788","km","82.4","percent","average","2025-06-12T16:00:00Z","2025-06-12T18:00:00Z","2025-06-12T19:35:00Z"
"SRCC5014DE31EF35063","vehicle_assessment","BAT0EFEC9A5D5DA","1.0","SYNVEH66832808960","REQDC20CEFDB0B12AC5","2025-06-13T02:05:00Z","2025-06-13T03:35:00Z","ASM9EBC864E303FEE2F","1","usable","method_current","ford_f150_lightning","pickup","2021","31925","mi","90.3","percent","rough","2025-06-13T00:00:00Z","2025-06-13T02:00:00Z","2025-06-13T02:35:00Z"
"SRCAF40AEFE8A15FD47","vehicle_assessment","BAT0EFEC9A5D5DA","1.0","SYNVEH25858580850","REQ70246443A1EDD3EB","2025-06-13T10:05:00Z","2025-06-13T10:35:00Z","ASME269FB8E634D4FB8","1","usable","method_current","chevrolet_bolt_ev","hatchback","2022","32062","km","96.1","percent","clean","2025-06-13T08:00:00Z","2025-06-13T10:00:00Z","2025-06-13T11:35:00Z"
"SRCF99E9C9331B8CD72","vehicle_assessment","BAT0EFEC9A5D5DA","1.0","SYNVEH66003622998","REQ30065515570FF112","2025-06-13T18:05:00Z","2025-06-13T19:35:00Z","ASMBF0E834518B3E439","1","usable","method_current","nissan_leaf","hatchback","2023","32199","mi","87.9","percent","average","2025-06-13T16:00:00Z","2025-06-13T18:00:00Z","2025-06-13T18:35:00Z"
"SRC0D4870A664763511","vehicle_assessment","BAT0EFEC9A5D5DA","1.0","SYNVEH91617165505","REQ5BC12B18A38DCCFE","2025-06-14T02:05:00Z","2025-06-14T02:35:00Z","ASM9D4A3B51BFB1FA67","1","usable","method_current","tesla_model_3","sedan","2024","32336","km","87.8","percent","rough","2025-06-14T00:00:00Z","2025-06-14T02:00:00Z","2025-06-14T03:35:00Z"
"SRC52A5A1460A30DAB8","vehicle_assessment","BAT0EFEC9A5D5DA","1.0","SYNVEH87620779880","REQ819927DCCD55245C","2025-06-14T10:05:00Z","2025-06-14T11:35:00Z","ASM0E474E4F0F4D292D","1","usable","method_current","tesla_model_y","crossover","2025","32473","mi","89.9","percent","clean","2025-06-14T08:00:00Z","2025-06-14T10:00:00Z","2025-06-14T10:35:00Z"
"SRC97747C589B984898","vehicle_assessment","BAT0EFEC9A5D5DA","1.0","SYNVEH72652470339","REQ47F55B75AD268BDD","2025-06-14T18:05:00Z","2025-06-14T18:35:00Z","ASM9B64D017C27D2325","1","usable","method_current","hyundai_ioniq_5","crossover","2026","32610","km","85.6","percent","average","2025-06-14T16:00:00Z","2025-06-14T18:00:00Z","2025-06-14T19:35:00Z"
"SRC94612E630352E27D","vehicle_assessment","BAT0EFEC9A5D5DA","1.0","SYNVEH15172203735","REQ9063D22BF6806FF8","2025-06-15T02:05:00Z","2025-06-15T03:35:00Z","ASMB90D38985C11E2E8","1","usable","method_current","ford_mustang_mach_e","crossover","2018","32747","mi","82.5","percent","rough","2025-06-15T00:00:00Z","2025-06-15T02:00:00Z","2025-06-15T02:35:00Z"
"SRC973E12AD5AE36BC0","vehicle_assessment","BAT0EFEC9A5D5DA","1.0","SYNVEH61246375534","REQ77A429FB9CCF3410","2025-06-15T10:05:00Z","2025-06-15T10:35:00Z","ASM1605F906A56E0122","1","usable","method_current","ford_f150_lightning","pickup","2019","32884","km","83.7","percent","clean","2025-06-15T08:00:00Z","2025-06-15T10:00:00Z","2025-06-15T11:35:00Z"
"SRC830B4195F71CA4AF","vehicle_assessment","BAT0EFEC9A5D5DA","1.0","SYNVEH33800498077","REQ648989AAF78BB756","2025-06-15T18:05:00Z","2025-06-15T19:35:00Z","ASM2C6B5C51FEB5E6D9","1","usable","method_current","chevrolet_bolt_ev","hatchback","2020","33021","mi","82.4","percent","average","2025-06-15T16:00:00Z","2025-06-15T18:00:00Z","2025-06-15T18:35:00Z"
"SRC931C3B5B4572FFAF","vehicle_assessment","BAT0EFEC9A5D5DA","1.0","SYNVEH19300277060","REQ1EFA5FC5A70DA530","2025-06-16T02:05:00Z","2025-06-16T02:35:00Z","ASM993DD405131BA1B9","1","usable","method_current","nissan_leaf","hatchback","2021","33158","km","93.5","percent","rough","2025-06-16T00:00:00Z","2025-06-16T02:00:00Z","2025-06-16T03:35:00Z"
"SRC347184C6130452A3","vehicle_assessment","BAT0EFEC9A5D5DA","1.0","SYNVEH60368169433","REQEEA54B78B4BBC0D7","2025-06-16T10:05:00Z","2025-06-16T11:35:00Z","ASM0CD84613D6F93211","1","usable","method_current","tesla_model_3","sedan","2022","33295","mi","81.7","percent","clean","2025-06-16T08:00:00Z","2025-06-16T10:00:00Z","2025-06-16T10:35:00Z"
"SRC96CE063046E88BB0","vehicle_assessment","BAT0EFEC9A5D5DA","1.0","SYNVEH41413993998","REQ7FFB6C0C4CB485EC","2025-06-16T18:05:00Z","2025-06-16T18:35:00Z","ASMF15C98D263D11CA0","1","usable","method_current","tesla_model_y","crossover","2023","33432","km","84.8","percent","average","2025-06-16T16:00:00Z","2025-06-16T18:00:00Z","2025-06-16T19:35:00Z"
"SRCDD6CC0C337736719","vehicle_assessment","BAT0EFEC9A5D5DA","1.0","SYNVEH88371404085","REQ5CE001848C9BE690","2025-06-17T02:05:00Z","2025-06-17T03:35:00Z","ASMC1E3B31A557AE27F","1","usable","method_current","hyundai_ioniq_5","crossover","2024","33569","mi","87.7","percent","rough","2025-06-17T00:00:00Z","2025-06-17T02:00:00Z","2025-06-17T02:35:00Z"
"SRC503FA12A1B38520C","vehicle_assessment","BAT0EFEC9A5D5DA","1.0","SYNVEH29132882499","REQCECE2B9F10AA7E46","2025-06-17T10:05:00Z","2025-06-17T10:35:00Z","ASMEEDFDD13DA0AA3F9","1","usable","method_current","ford_mustang_mach_e","crossover","2025","33706","km","87.2","percent","clean","2025-06-17T08:00:00Z","2025-06-17T10:00:00Z","2025-06-17T11:35:00Z"
"SRC0EC0BEF7E43C81D6","vehicle_assessment","BAT0EFEC9A5D5DA","1.0","SYNVEH52701623500","REQ361E7391B8484508","2025-06-17T18:05:00Z","2025-06-17T19:35:00Z","ASM02ECF6931A6836B1","1","usable","method_current","ford_f150_lightning","pickup","2026","33843","mi","82.7","percent","average","2025-06-17T16:00:00Z","2025-06-17T18:00:00Z","2025-06-17T18:35:00Z"
"SRC7612D198B76F41C6","vehicle_assessment","BAT0EFEC9A5D5DA","1.0","SYNVEH68617188579","REQ33D26C91AC41DE8B","2025-06-18T02:05:00Z","2025-06-18T02:35:00Z","ASM858A2448034A0644","1","usable","method_current","chevrolet_bolt_ev","hatchback","2018","33980","km","85.2","percent","rough","2025-06-18T00:00:00Z","2025-06-18T02:00:00Z","2025-06-18T03:35:00Z"
"SRCDDF67D64E04D5409","vehicle_assessment","BAT0EFEC9A5D5DA","1.0","SYNVEH73164469971","REQA6278670CC5A0B86","2025-06-18T10:05:00Z","2025-06-18T11:35:00Z","ASM8A7AF9EE92D875D0","1","usable","method_current","nissan_leaf","hatchback","2019","34117","mi","89.2","percent","clean","2025-06-18T08:00:00Z","2025-06-18T10:00:00Z","2025-06-18T10:35:00Z"
"SRC1B859F2AA54E4BA5","vehicle_assessment","BAT0EFEC9A5D5DA","1.0","SYNVEH08220628693","REQF7066C9C0C97A9C5","2025-06-18T18:05:00Z","2025-06-18T18:35:00Z","ASM1D62DB57BF7CB79E","1","usable","method_current","tesla_model_3","sedan","2020","34254","km","96.8","percent","average","2025-06-18T16:00:00Z","2025-06-18T18:00:00Z","2025-06-18T19:35:00Z"
"SRC7A71519FDAEEC6D0","vehicle_assessment","BAT0EFEC9A5D5DA","1.0","SYNVEH86239765182","REQC08497C13ED94026","2025-06-19T02:05:00Z","2025-06-19T03:35:00Z","ASM2848F6AB8AEFDFC7","1","usable","method_current","tesla_model_y","crossover","2021","34391","mi","88.5","percent","rough","2025-06-19T00:00:00Z","2025-06-19T02:00:00Z","2025-06-19T02:35:00Z"
"SRCEC5E0F72EFBA5E05","vehicle_assessment","BAT0EFEC9A5D5DA","1.0","SYNVEH36346344678","REQ25663B915ABDF789","2025-06-19T10:05:00Z","2025-06-19T10:35:00Z","ASM72936DE60AD35724","1","usable","method_current","hyundai_ioniq_5","crossover","2022","34528","km","94.0","percent","clean","2025-06-19T08:00:00Z","2025-06-19T10:00:00Z","2025-06-19T11:35:00Z"
"SRC8E125A4D99C24D61","vehicle_assessment","BAT0EFEC9A5D5DA","1.0","SYNVEH43518245099","REQ1BD022F0115571FB","2025-06-19T18:05:00Z","2025-06-19T19:35:00Z","ASM8CDA2E6EAA23CE1E","1","usable","method_current","ford_mustang_mach_e","crossover","2023","34665","mi","94.6","percent","average","2025-06-19T16:00:00Z","2025-06-19T18:00:00Z","2025-06-19T18:35:00Z"
"SRC4753AA6849E55A2A","vehicle_assessment","BAT0EFEC9A5D5DA","1.0","SYNVEH28664170838","REQ3ED19D8C5521693A","2025-06-20T02:05:00Z","2025-06-20T02:35:00Z","ASM0E6FC39D89CF078E","1","usable","method_current","ford_f150_lightning","pickup","2024","34802","km","93.7","percent","rough","2025-06-20T00:00:00Z","2025-06-20T02:00:00Z","2025-06-20T03:35:00Z"
"SRC71F05C8D180D0361","vehicle_assessment","BAT0EFEC9A5D5DA","1.0","SYNVEH56459817151","REQ5A6433B8CA95224E","2025-06-20T10:05:00Z","2025-06-20T11:35:00Z","ASM8661717B576B9989","1","usable","method_current","chevrolet_bolt_ev","hatchback","2025","34939","mi","82.8","percent","clean","2025-06-20T08:00:00Z","2025-06-20T10:00:00Z","2025-06-20T10:35:00Z"
"SRC98CCEEB08D9DFFC0","vehicle_assessment","BAT0EFEC9A5D5DA","1.0","SYNVEH54056400420","REQF7AABB981AE2A405","2025-06-20T18:05:00Z","2025-06-20T18:35:00Z","ASMB9E11F1B0BB70024","1","usable","method_current","nissan_leaf","hatchback","2026","35076","km","84.8","percent","average","2025-06-20T16:00:00Z","2025-06-20T18:00:00Z","2025-06-20T19:35:00Z"
"SRC4DA47AEB79694C57","vehicle_assessment","BAT0EFEC9A5D5DA","1.0","SYNVEH35762100067","REQA69BFFECD818E782","2025-06-21T02:05:00Z","2025-06-21T03:35:00Z","ASM81D59FF0D06E8E26","1","usable","method_current","tesla_model_3","sedan","2018","35213","mi","87.2","percent","rough","2025-06-21T00:00:00Z","2025-06-21T02:00:00Z","2025-06-21T02:35:00Z"
"SRCD5872262D3397947","vehicle_assessment","BAT0EFEC9A5D5DA","1.0","SYNVEH22837688574","REQ04DFA262BB3C34BB","2025-06-21T10:05:00Z","2025-06-21T10:35:00Z","ASM837BBD03E8E7B004","1","usable","method_current","tesla_model_y","crossover","2019","35350","km","86.1","percent","clean","2025-06-21T08:00:00Z","2025-06-21T10:00:00Z","2025-06-21T11:35:00Z"
"SRC97B9512928E50C2F","vehicle_assessment","BAT0EFEC9A5D5DA","1.0","SYNVEH32950248789","REQ577A9CF5DFB5345B","2025-06-21T18:05:00Z","2025-06-21T19:35:00Z","ASM1155C73C1CC62319","1","usable","method_current","hyundai_ioniq_5","crossover","2020","35487","mi","86.4","percent","average","2025-06-21T16:00:00Z","2025-06-21T18:00:00Z","2025-06-21T18:35:00Z"
"SRC5E616D742BB5CA4F","vehicle_assessment","BAT0EFEC9A5D5DA","1.0","SYNVEH28911235446","REQB1F7BC7D90269AC4","2025-06-22T02:05:00Z","2025-06-22T02:35:00Z","ASM7DDDEBEB0EE02065","1","usable","method_current","ford_mustang_mach_e","crossover","2021","35624","km","89.0","percent","rough","2025-06-22T00:00:00Z","2025-06-22T02:00:00Z","2025-06-22T03:35:00Z"
"SRC6316C54EE5857568","vehicle_assessment","BAT0EFEC9A5D5DA","1.0","SYNVEH69326151810","REQ2E28F53D8ABE8A77","2025-06-22T10:05:00Z","2025-06-22T11:35:00Z","ASM3ADAB4622B4AA655","1","usable","method_current","ford_f150_lightning","pickup","2022","35761","mi","91.0","percent","clean","2025-06-22T08:00:00Z","2025-06-22T10:00:00Z","2025-06-22T10:35:00Z"
"SRC108CACFE0ED66049","vehicle_assessment","BAT0EFEC9A5D5DA","1.0","SYNVEH59759933921","REQ121446ADD4A38C70","2025-06-22T18:05:00Z","2025-06-22T18:35:00Z","ASM5ACF8A58116DAB65","1","usable","method_current","chevrolet_bolt_ev","hatchback","2023","35898","km","93.1","percent","average","2025-06-22T16:00:00Z","2025-06-22T18:00:00Z","2025-06-22T19:35:00Z"
"SRC7417BDD77421D908","vehicle_assessment","BAT0EFEC9A5D5DA","1.0","SYNVEH37246014393","REQ009B23A507DF6F2E","2025-06-23T02:05:00Z","2025-06-23T03:35:00Z","ASM1034AF16ABCBCFB0","1","usable","method_current","nissan_leaf","hatchback","2024","36035","mi","96.5","percent","rough","2025-06-23T00:00:00Z","2025-06-23T02:00:00Z","2025-06-23T02:35:00Z"
"SRCDA534AEEFC0D60B1","vehicle_assessment","BAT0EFEC9A5D5DA","1.0","SYNVEH92089201880","REQCE2BD2CFD3BFD850","2025-06-23T10:05:00Z","2025-06-23T10:35:00Z","ASM0605764772B2F806","1","usable","method_current","tesla_model_3","sedan","2025","36172","km","87.1","percent","clean","2025-06-23T08:00:00Z","2025-06-23T10:00:00Z","2025-06-23T11:35:00Z"
"SRC7C61D8C6CBCC9371","vehicle_assessment","BAT0EFEC9A5D5DA","1.0","SYNVEH86113488192","REQ442519D09725C77B","2025-06-23T18:05:00Z","2025-06-23T19:35:00Z","ASM40BE191AF20FE26F","1","usable","method_current","tesla_model_y","crossover","2026","36309","mi","87.6","percent","average","2025-06-23T16:00:00Z","2025-06-23T18:00:00Z","2025-06-23T18:35:00Z"
"SRC9F20CB6C74E7F5B3","vehicle_assessment","BAT0EFEC9A5D5DA","1.0","SYNVEH18737407961","REQE6EF28882A276830","2025-06-24T02:05:00Z","2025-06-24T02:35:00Z","ASM1D8BFECD8366BFFA","1","usable","method_current","hyundai_ioniq_5","crossover","2018","36446","km","84.7","percent","rough","2025-06-24T00:00:00Z","2025-06-24T02:00:00Z","2025-06-24T03:35:00Z"
"SRC09E3349D4FF15386","vehicle_assessment","BAT0EFEC9A5D5DA","1.0","SYNVEH50690366907","REQ9A41ADC24F1785A7","2025-06-24T10:05:00Z","2025-06-24T11:35:00Z","ASM0808F282C0565C32","1","usable","method_current","ford_mustang_mach_e","crossover","2019","36583","mi","96.7","percent","clean","2025-06-24T08:00:00Z","2025-06-24T10:00:00Z","2025-06-24T10:35:00Z"
"SRC54339F1528236A9D","vehicle_assessment","BAT0EFEC9A5D5DA","1.0","SYNVEH39498902573","REQ7FD5AB176A2D9BEA","2025-06-24T18:05:00Z","2025-06-24T18:35:00Z","ASM090F1CB2FA046C00","1","usable","method_current","ford_f150_lightning","pickup","2020","36720","km","93.0","percent","average","2025-06-24T16:00:00Z","2025-06-24T18:00:00Z","2025-06-24T19:35:00Z"
"SRCD78BD343E7C96FB8","vehicle_assessment","BAT0EFEC9A5D5DA","1.0","SYNVEH48298221313","REQ7AAD52805B87FABA","2025-06-25T02:05:00Z","2025-06-25T03:35:00Z","ASMABAC3E54C01B33B1","1","usable","method_current","chevrolet_bolt_ev","hatchback","2021","36857","mi","91.4","percent","rough","2025-06-25T00:00:00Z","2025-06-25T02:00:00Z","2025-06-25T02:35:00Z"
"SRC88FBB9D4F0278100","vehicle_assessment","BAT0EFEC9A5D5DA","1.0","SYNVEH21086936326","REQA6EC79225D6BD32D","2025-06-25T10:05:00Z","2025-06-25T10:35:00Z","ASMF4AFAB8D2A82F943","1","usable","method_current","nissan_leaf","hatchback","2022","36994","km","81.8","percent","clean","2025-06-25T08:00:00Z","2025-06-25T10:00:00Z","2025-06-25T11:35:00Z"
"SRC3E074B6708F6621B","vehicle_assessment","BAT0EFEC9A5D5DA","1.0","SYNVEH61476735610","REQ624A25D03F432349","2025-06-25T18:05:00Z","2025-06-25T19:35:00Z","ASMC49427D068FE3BD6","1","usable","method_current","tesla_model_3","sedan","2023","37131","mi","94.7","percent","average","2025-06-25T16:00:00Z","2025-06-25T18:00:00Z","2025-06-25T18:35:00Z"
"SRC539AF66827ACEDDE","vehicle_assessment","BAT0EFEC9A5D5DA","1.0","SYNVEH32000563431","REQA209644019A4C0CD","2025-06-26T02:05:00Z","2025-06-26T02:35:00Z","ASMAA8E22FA381C44C7","1","usable","method_current","tesla_model_y","crossover","2024","37268","km","83.9","percent","rough","2025-06-26T00:00:00Z","2025-06-26T02:00:00Z","2025-06-26T03:35:00Z"
"SRCC92D1550C1BD2A52","vehicle_assessment","BAT0EFEC9A5D5DA","1.0","SYNVEH75551145458","REQE151B49F6D7FC725","2025-06-26T10:05:00Z","2025-06-26T11:35:00Z","ASMB7E59354FE4E3FF8","1","usable","method_current","hyundai_ioniq_5","crossover","2025","37405","mi","85.7","percent","clean","2025-06-26T08:00:00Z","2025-06-26T10:00:00Z","2025-06-26T10:35:00Z"
"SRC7CC2F37BD6FAD9F3","vehicle_assessment","BAT0EFEC9A5D5DA","1.0","SYNVEH37338102236","REQC3E4EB6A0CFDE245","2025-06-26T18:05:00Z","2025-06-26T18:35:00Z","ASM731E4A1E0DE0076A","1","usable","method_current","ford_mustang_mach_e","crossover","2026","37542","km","82.7","percent","average","2025-06-26T16:00:00Z","2025-06-26T18:00:00Z","2025-06-26T19:35:00Z"
"SRC48CDF86A74767BA2","vehicle_assessment","BAT0EFEC9A5D5DA","1.0","SYNVEH03614752303","REQ510CDDFFE6AEF2E0","2025-06-27T02:05:00Z","2025-06-27T03:35:00Z","ASM31BC690EE161BE0F","1","usable","method_current","ford_f150_lightning","pickup","2018","37679","mi","90.5","percent","rough","2025-06-27T00:00:00Z","2025-06-27T02:00:00Z","2025-06-27T02:35:00Z"
"SRCFEB7F21CA179B39C","vehicle_assessment","BAT0EFEC9A5D5DA","1.0","SYNVEH43231642453","REQ208BE4B2D074E060","2025-06-27T10:05:00Z","2025-06-27T10:35:00Z","ASMF3041A9852FE3A3F","1","usable","method_current","chevrolet_bolt_ev","hatchback","2019","37816","km","82.9","percent","clean","2025-06-27T08:00:00Z","2025-06-27T10:00:00Z","2025-06-27T11:35:00Z"
"SRC9E4D05F5472A1FB7","vehicle_assessment","BAT0EFEC9A5D5DA","1.0","SYNVEH14003940909","REQ9BF8375DEC8D4E58","2025-06-27T18:05:00Z","2025-06-27T19:35:00Z","ASM5A89FA44A9A4501C","1","usable","method_current","nissan_leaf","hatchback","2020","37953","mi","85.2","percent","average","2025-06-27T16:00:00Z","2025-06-27T18:00:00Z","2025-06-27T18:35:00Z"
"SRCA186657C7D228172","vehicle_assessment","BAT0EFEC9A5D5DA","1.0","SYNVEH39266195192","REQ5EF21A2E466066D1","2025-06-28T02:05:00Z","2025-06-28T02:35:00Z","ASM0953F73D4A70EB62","1","usable","method_current","tesla_model_3","sedan","2021","38090","km","89.3","percent","rough","2025-06-28T00:00:00Z","2025-06-28T02:00:00Z","2025-06-28T03:35:00Z"
"SRC0A8CAA2593C75528","vehicle_assessment","BAT0EFEC9A5D5DA","1.0","SYNVEH88198006019","REQ886E68AFEF91D9BD","2025-06-28T10:05:00Z","2025-06-28T11:35:00Z","ASMB7C1BA5968CB8032","1","usable","method_current","tesla_model_y","crossover","2022","38227","mi","97.4","percent","clean","2025-06-28T08:00:00Z","2025-06-28T10:00:00Z","2025-06-28T10:35:00Z"
"SRC3C41267E5C4B2503","vehicle_assessment","BAT0EFEC9A5D5DA","1.0","SYNVEH45665504499","REQA5C4B87E385FBBAC","2025-06-28T18:05:00Z","2025-06-28T18:35:00Z","ASMC057E50A9EA70D11","1","usable","method_current","hyundai_ioniq_5","crossover","2023","38364","km","91.2","percent","average","2025-06-28T16:00:00Z","2025-06-28T18:00:00Z","2025-06-28T19:35:00Z"
"SRC8EDECB71D92C8F9C","vehicle_assessment","BAT0EFEC9A5D5DA","1.0","SYNVEH55444809139","REQD90DC333734E6862","2025-06-29T02:05:00Z","2025-06-29T03:35:00Z","ASM0D50FB49EE62AB42","1","usable","method_current","ford_mustang_mach_e","crossover","2024","38501","mi","91.1","percent","rough","2025-06-29T00:00:00Z","2025-06-29T02:00:00Z","2025-06-29T02:35:00Z"
"SRC4A2F078A0E828055","vehicle_assessment","BAT0EFEC9A5D5DA","1.0","SYNVEH59535430112","REQ409222390DBBD53C","2025-06-29T10:05:00Z","2025-06-29T10:35:00Z","ASM31FBF3BAA0A24001","1","usable","method_current","ford_f150_lightning","pickup","2025","38638","km","94.0","percent","clean","2025-06-29T08:00:00Z","2025-06-29T10:00:00Z","2025-06-29T11:35:00Z"
"SRC8C78960D25B0257E","vehicle_assessment","BAT0EFEC9A5D5DA","1.0","SYNVEH44201044542","REQ87C089F3B5232C0C","2025-06-29T18:05:00Z","2025-06-29T19:35:00Z","ASM5E4548968E0D92B3","1","usable","method_current","chevrolet_bolt_ev","hatchback","2026","38775","mi","85.6","percent","average","2025-06-29T16:00:00Z","2025-06-29T18:00:00Z","2025-06-29T18:35:00Z"
"SRC4CC774B1737CA649","vehicle_assessment","BAT0EFEC9A5D5DA","1.0","SYNVEH96799945414","REQ0192262AA7F43354","2025-07-01T16:44:25Z","2025-07-01T17:14:25Z","ASM51843CA3D81D6E72","1","failed","method_current","","","","","","","","","","2025-07-01T16:39:25Z","2025-07-01T18:14:25Z"
"SRCD06E8C74AE268720","vehicle_assessment","BAT0EFEC9A5D5DA","1.0","SYNVEH70340044331","REQC6D8A79E126CD416","2025-07-01T22:03:17Z","2025-07-01T23:33:17Z","ASM75710181AFD652B4","1","failed","method_current","","","","","","","","","","2025-07-01T21:58:17Z","2025-07-01T22:33:17Z"
"SRCC0AFA4ACEDAE6E8A","vehicle_assessment","BAT0EFEC9A5D5DA","1.0","SYNVEH16216730228","REQ35171264B5CA45D0","2025-07-02T03:22:08Z","2025-07-02T03:52:08Z","ASM09FD1876AA4C5339","1","failed","method_current","","","","","","","","","","2025-07-02T03:17:08Z","2025-07-02T04:52:08Z"
"SRC17FDB776D9C6C77C","vehicle_assessment","BAT0EFEC9A5D5DA","1.0","SYNVEH92873370527","REQ73503BE1A82F5B64","2025-07-02T08:41:00Z","2025-07-02T10:11:00Z","ASMDA54BD24F0AFD393","1","failed","method_current","","","","","","","","","","2025-07-02T08:36:00Z","2025-07-02T09:11:00Z"
"SRCFB3C9F10C240AC49","vehicle_assessment","BAT0EFEC9A5D5DA","1.0","SYNVEH88028528819","REQ36ECA3DA5BBB5404","2025-07-02T13:59:51Z","2025-07-02T14:29:51Z","ASM33F37B2A8B496D5D","1","failed","method_current","","","","","","","","","","2025-07-02T13:54:51Z","2025-07-02T15:29:51Z"
"SRCEE72A3F61B6C4F24","vehicle_assessment","BAT0EFEC9A5D5DA","1.0","SYNVEH72565977543","REQ91C8D847DE97DD19","2025-07-02T19:18:42Z","2025-07-02T20:48:42Z","ASM82BDAE1D7330BC9B","1","failed","method_current","","","","","","","","","","2025-07-02T19:13:42Z","2025-07-02T19:48:42Z"
"SRC438964FE57C54F2D","vehicle_assessment","BAT0EFEC9A5D5DA","1.0","SYNVEH58365186034","REQF05AC32821E9EB81","2025-07-03T00:37:34Z","2025-07-03T01:07:34Z","ASM55A99915BA8528ED","1","failed","method_current","","","","","","","","","","2025-07-03T00:32:34Z","2025-07-03T02:07:34Z"
"SRC3ECE09343E91CB01","vehicle_assessment","BAT0EFEC9A5D5DA","1.0","SYNVEH42935026909","REQ06EFB2930192FC81","2025-07-03T05:56:25Z","2025-07-03T07:26:25Z","ASM921E4F64BC755417","1","failed","method_current","","","","","","","","","","2025-07-03T05:51:25Z","2025-07-03T06:26:25Z"
"SRC4C4BCB3A07A06057","vehicle_assessment","BAT0EFEC9A5D5DA","1.0","SYNVEH00223060036","REQ180A1C29F4A1BC7C","2025-07-03T11:15:17Z","2025-07-03T11:45:17Z","ASM7317114BF58FFCA5","1","failed","method_current","","","","","","","","","","2025-07-03T11:10:17Z","2025-07-03T12:45:17Z"
"SRCF1E69FDCF39C0FCF","vehicle_assessment","BAT0EFEC9A5D5DA","1.0","SYNVEH72446347759","REQA80CCE23D1753735","2025-07-03T16:34:08Z","2025-07-03T18:04:08Z","ASMCB85946CDBCE5135","1","failed","method_current","","","","","","","","","","2025-07-03T16:29:08Z","2025-07-03T17:04:08Z"
"SRCB3F8C5F48EA0BF4E","vehicle_assessment","BAT0EFEC9A5D5DA","1.0","SYNVEH20850526932","REQ1112FEF2A5077571","2025-07-03T21:53:00Z","2025-07-03T22:23:00Z","ASM340E855B6F6B849F","1","failed","method_current","","","","","","","","","","2025-07-03T21:48:00Z","2025-07-03T23:23:00Z"
"SRC0E57CDCD48D774A0","vehicle_assessment","BAT0EFEC9A5D5DA","1.0","SYNVEH41858393913","REQ684B7D3CBBB2FDE3","2025-07-04T03:11:51Z","2025-07-04T04:41:51Z","ASM8F7962E5CFF169B1","1","failed","method_current","","","","","","","","","","2025-07-04T03:06:51Z","2025-07-04T03:41:51Z"
"SRC1FCF30FC800C0A8C","vehicle_assessment","BAT0EFEC9A5D5DA","1.0","SYNVEH90337058523","REQA663BBC2FEBAA974","2025-07-04T08:30:42Z","2025-07-04T09:00:42Z","ASMBF5B283CA6FA3D53","1","failed","method_current","","","","","","","","","","2025-07-04T08:25:42Z","2025-07-04T10:00:42Z"
"SRCE974660E1E0F65D9","vehicle_assessment","BAT0EFEC9A5D5DA","1.0","SYNVEH95788178606","REQEE6451628FE3EEBF","2025-07-04T13:49:34Z","2025-07-04T15:19:34Z","ASM2416ADA6C1EC5A30","1","usable","method_current","ford_mustang_mach_e","crossover","2018","41378","km","90.8","percent","rough","2025-07-04T11:44:34Z","2025-07-04T13:44:34Z","2025-07-04T14:19:34Z"
"SRC8D525C9D6072B2CC","vehicle_assessment","BAT0EFEC9A5D5DA","1.0","SYNVEH10886031083","REQ20B7F70CE679E986","2025-07-04T19:08:25Z","2025-07-04T19:38:25Z","ASMA063C007265B7083","1","usable","method_current","ford_f150_lightning","pickup","2019","41515","mi","93.6","percent","clean","2025-07-04T17:03:25Z","2025-07-04T19:03:25Z","2025-07-04T20:38:25Z"
"SRC689EF000B8DDFBC1","vehicle_assessment","BAT0EFEC9A5D5DA","1.0","SYNVEH95788178606","REQEE6451628FE3EEBF","2025-07-04T23:09:34Z","2025-07-05T00:39:34Z","ASM2416ADA6C1EC5A30","2","usable","method_current","ford_mustang_mach_e","crossover","2018","41378","km","90.9","percent","rough","2025-07-04T21:04:34Z","2025-07-04T23:04:34Z","2025-07-04T23:39:34Z"
"SRC05FB15CF73178C59","vehicle_assessment","BAT0EFEC9A5D5DA","1.0","SYNVEH24403565374","REQA00C927D65B84EE1","2025-07-05T00:27:17Z","2025-07-05T01:57:17Z","ASM5E52DC4F1C206C7B","1","usable","method_current","chevrolet_bolt_ev","hatchback","2020","41652","km","85.3","percent","average","2025-07-04T22:22:17Z","2025-07-05T00:22:17Z","2025-07-05T00:57:17Z"
"SRC13741A4A0693A845","vehicle_assessment","BAT0EFEC9A5D5DA","1.0","SYNVEH10886031083","REQ20B7F70CE679E986","2025-07-05T05:28:25Z","2025-07-05T05:58:25Z","ASMA063C007265B7083","2","usable","method_current","ford_f150_lightning","pickup","2019","41515","mi","93.5","percent","clean","2025-07-05T03:23:25Z","2025-07-05T05:23:25Z","2025-07-05T06:58:25Z"
"SRC72EE9967C72FE9F8","vehicle_assessment","BAT0EFEC9A5D5DA","1.0","SYNVEH94731700689","REQ2E0FF8C3D58FF700","2025-07-05T05:46:08Z","2025-07-05T06:16:08Z","ASMD6387718FFC03A8A","1","usable","method_current","nissan_leaf","hatchback","2021","41789","mi","85.4","percent","rough","2025-07-05T03:41:08Z","2025-07-05T05:41:08Z","2025-07-05T07:16:08Z"
"SRC79A98A1388FC43B1","vehicle_assessment","BAT0EFEC9A5D5DA","1.0","SYNVEH24403565374","REQA00C927D65B84EE1","2025-07-05T09:47:17Z","2025-07-05T11:17:17Z","ASM5E52DC4F1C206C7B","2","usable","method_current","chevrolet_bolt_ev","hatchback","2020","41652","km","85.4","percent","average","2025-07-05T07:42:17Z","2025-07-05T09:42:17Z","2025-07-05T10:17:17Z"
"SRCE49BD164F624713A","vehicle_assessment","BAT0EFEC9A5D5DA","1.0","SYNVEH09298844263","REQC1B6F709372E0644","2025-07-05T11:05:00Z","2025-07-05T12:35:00Z","ASM3BC43FE441A61AC8","1","usable","method_current","tesla_model_3","sedan","2022","41926","km","88.7","percent","clean","2025-07-05T09:00:00Z","2025-07-05T11:00:00Z","2025-07-05T11:35:00Z"
"SRC80B1CA4E10677771","vehicle_assessment","BAT0EFEC9A5D5DA","1.0","SYNVEH94731700689","REQ2E0FF8C3D58FF700","2025-07-05T16:06:08Z","2025-07-05T16:36:08Z","ASMD6387718FFC03A8A","2","usable","method_current","nissan_leaf","hatchback","2021","41789","mi","85.5","percent","rough","2025-07-05T14:01:08Z","2025-07-05T16:01:08Z","2025-07-05T17:36:08Z"
"SRC7F6083FC0B7403FC","vehicle_assessment","BAT0EFEC9A5D5DA","1.0","SYNVEH68021603255","REQ4E643A711CFDC41B","2025-07-05T16:23:51Z","2025-07-05T16:53:51Z","ASMBB6BC36EA70FC838","1","usable","method_current","tesla_model_y","crossover","2023","42063","mi","86.5","percent","average","2025-07-05T14:18:51Z","2025-07-05T16:18:51Z","2025-07-05T17:53:51Z"
"SRC3AAF23D91CA420A4","vehicle_assessment","BAT0EFEC9A5D5DA","1.0","SYNVEH09298844263","REQC1B6F709372E0644","2025-07-05T20:25:00Z","2025-07-05T21:55:00Z","ASM3BC43FE441A61AC8","2","usable","method_current","tesla_model_3","sedan","2022","41926","km","88.1","percent","clean","2025-07-05T18:20:00Z","2025-07-05T20:20:00Z","2025-07-05T20:55:00Z"
"SRCA04BA89DE80C8A3C","vehicle_assessment","BAT0EFEC9A5D5DA","1.0","SYNVEH54490743830","REQ3A22CFB45EC7907A","2025-07-05T21:42:42Z","2025-07-05T23:12:42Z","ASMD9A12C0E193465A1","1","usable","method_current","hyundai_ioniq_5","crossover","2024","42200","km","88.8","percent","rough","2025-07-05T19:37:42Z","2025-07-05T21:37:42Z","2025-07-05T22:12:42Z"
"SRCF9E1E8F3362C915D","vehicle_assessment","BAT0EFEC9A5D5DA","1.0","SYNVEH68021603255","REQ4E643A711CFDC41B","2025-07-06T02:43:51Z","2025-07-06T03:13:51Z","ASMBB6BC36EA70FC838","2","usable","method_current","tesla_model_y","crossover","2023","42063","mi","86.3","percent","average","2025-07-06T00:38:51Z","2025-07-06T02:38:51Z","2025-07-06T04:13:51Z"
"SRC079CAB745FF4C18F","vehicle_assessment","BAT0EFEC9A5D5DA","1.0","SYNVEH07336749997","REQ8A603E08F4E7FDC1","2025-07-06T03:01:34Z","2025-07-06T03:31:34Z","ASMC6D2E3CE8785B8C2","1","usable","method_current","ford_mustang_mach_e","crossover","2025","42337","mi","82.6","percent","clean","2025-07-06T00:56:34Z","2025-07-06T02:56:34Z","2025-07-06T04:31:34Z"
"SRC77764512F69CEA94","vehicle_assessment","BAT0EFEC9A5D5DA","1.0","SYNVEH54533330159","REQE0A0873E7A608AF3","2025-07-06T08:20:25Z","2025-07-06T09:50:25Z","ASM3FBD0EE9112E60CF","1","usable","method_current","ford_f150_lightning","pickup","2026","42474","km","82.4","percent","average","2025-07-06T06:15:25Z","2025-07-06T08:15:25Z","2025-07-06T08:50:25Z"
"SRC9CE261796C5968DF","vehicle_assessment","BAT0EFEC9A5D5DA","1.0","SYNVEH61019811893","REQ89AF53A69B89902F","2025-07-06T13:39:17Z","2025-07-06T14:09:17Z","ASMA93F332A1982B8A4","1","usable","method_current","chevrolet_bolt_ev","hatchback","2018","42611","mi","87.5","percent","rough","2025-07-06T11:34:17Z","2025-07-06T13:34:17Z","2025-07-06T15:09:17Z"
"SRC8D778E51D36C2C76","vehicle_assessment","BAT0EFEC9A5D5DA","1.0","SYNVEH72689058115","REQ69F9C8926AF8816D","2025-07-06T18:58:08Z","2025-07-06T20:28:08Z","ASM84490FB3A3A64DE2","1","usable","method_current","nissan_leaf","hatchback","2019","42748","km","86.3","percent","clean","2025-07-06T16:53:08Z","2025-07-06T18:53:08Z","2025-07-06T19:28:08Z"
"SRC5BF44A09C4647356","vehicle_assessment","BAT0EFEC9A5D5DA","1.0","SYNVEH88414766868","REQ7AE3E65A1398F130","2025-07-07T00:17:00Z","2025-07-07T00:47:00Z","ASM252F9C4195F14504","1","usable","method_current","tesla_model_3","sedan","2020","42885","mi","88.2","percent","average","2025-07-06T22:12:00Z","2025-07-07T00:12:00Z","2025-07-07T01:47:00Z"
"SRCB60CF4166876FB36","vehicle_assessment","BAT0EFEC9A5D5DA","1.0","SYNVEH52574759891","REQ50A2CDC70A68AA76","2025-07-07T05:35:51Z","2025-07-07T07:05:51Z","ASM97858B027DFC9A34","1","usable","method_current","tesla_model_y","crossover","2021","43022","km","94.4","percent","rough","2025-07-07T03:30:51Z","2025-07-07T05:30:51Z","2025-07-07T06:05:51Z"
"SRC616C3C1E28C40D3D","vehicle_assessment","BAT0EFEC9A5D5DA","1.0","SYNVEH70958324540","REQE6723D23CBAF5E84","2025-07-07T10:54:42Z","2025-07-07T11:24:42Z","ASMC87276D421E30501","1","usable","method_current","hyundai_ioniq_5","crossover","2022","43159","mi","89.5","percent","clean","2025-07-07T08:49:42Z","2025-07-07T10:49:42Z","2025-07-07T12:24:42Z"
"SRC96B9DBBF1171B4BF","vehicle_assessment","BAT0EFEC9A5D5DA","1.0","SYNVEH49830187552","REQ3685C0D7B3A217D0","2025-07-07T16:13:34Z","2025-07-07T17:43:34Z","ASMBF6B4F71F9231E27","1","usable","method_current","ford_mustang_mach_e","crossover","2023","43296","km","96.4","percent","average","2025-07-07T14:08:34Z","2025-07-07T16:08:34Z","2025-07-07T16:43:34Z"
"SRC1950B689886778F1","vehicle_assessment","BAT0EFEC9A5D5DA","1.0","SYNVEH42045550430","REQ0A26C3E18304EDA6","2025-07-07T21:32:25Z","2025-07-07T22:02:25Z","ASM3C3347B635F2BF0C","1","usable","method_current","ford_f150_lightning","pickup","2024","43433","mi","88.6","percent","rough","2025-07-07T19:27:25Z","2025-07-07T21:27:25Z","2025-07-07T23:02:25Z"
"SRC8C2F2F8532216A13","vehicle_assessment","BAT0EFEC9A5D5DA","1.0","SYNVEH63649464742","REQF2FC9BACD1542A9F","2025-07-08T02:51:17Z","2025-07-08T04:21:17Z","ASMA3E68D4263BD11B2","1","usable","method_current","chevrolet_bolt_ev","hatchback","2025","43570","km","93.4","percent","clean","2025-07-08T00:46:17Z","2025-07-08T02:46:17Z","2025-07-08T03:21:17Z"
"SRCF1F69C671617A63E","vehicle_assessment","BAT0EFEC9A5D5DA","1.0","SYNVEH84649184618","REQCF436815403D34F6","2025-07-08T08:10:08Z","2025-07-08T08:40:08Z","ASM824E1856544A91DD","1","usable","method_current","nissan_leaf","hatchback","2026","43707","mi","92.4","percent","average","2025-07-08T06:05:08Z","2025-07-08T08:05:08Z","2025-07-08T09:40:08Z"
"SRC074516E7CEF67B3A","vehicle_assessment","BAT0EFEC9A5D5DA","1.0","SYNVEH90958763796","REQ7A468E971770EADC","2025-07-08T13:29:00Z","2025-07-08T14:59:00Z","ASMCFB2A4D34EB2C796","1","usable","method_current","tesla_model_3","sedan","2018","43844","km","95.4","percent","rough","2025-07-08T11:24:00Z","2025-07-08T13:24:00Z","2025-07-08T13:59:00Z"
"SRCF44EAAB314C7AEB4","vehicle_assessment","BAT0EFEC9A5D5DA","1.0","SYNVEH94545829710","REQD66389C631B790B2","2025-07-08T18:47:51Z","2025-07-08T19:17:51Z","ASM65B68559F2F3B44D","1","usable","method_current","tesla_model_y","crossover","2019","43981","mi","95.4","percent","clean","2025-07-08T16:42:51Z","2025-07-08T18:42:51Z","2025-07-08T20:17:51Z"
"SRCB3A1F0EEB2F205C0","vehicle_assessment","BAT0EFEC9A5D5DA","1.0","SYNVEH10485535063","REQF45FB7A1E743F4F4","2025-07-09T00:06:42Z","2025-07-09T01:36:42Z","ASM3638D2C64C29A81E","1","usable","method_current","hyundai_ioniq_5","crossover","2020","44118","km","88.2","percent","average","2025-07-08T22:01:42Z","2025-07-09T00:01:42Z","2025-07-09T00:36:42Z"
"SRCD7528882AC7B4A21","vehicle_assessment","BAT0EFEC9A5D5DA","1.0","SYNVEH82907351319","REQ094A1293D05F61D1","2025-07-09T05:25:34Z","2025-07-09T05:55:34Z","ASMA94C05B29A86F5C1","1","usable","method_current","ford_mustang_mach_e","crossover","2021","44255","mi","92.3","percent","rough","2025-07-09T03:20:34Z","2025-07-09T05:20:34Z","2025-07-09T06:55:34Z"
"SRC93D80CAA7DE67040","vehicle_assessment","BAT0EFEC9A5D5DA","1.0","SYNVEH17581245374","REQ1FBA419074CFC241","2025-07-09T10:44:25Z","2025-07-09T12:14:25Z","ASM731833519CCCD78F","1","usable","method_current","ford_f150_lightning","pickup","2022","44392","km","95.5","percent","clean","2025-07-09T08:39:25Z","2025-07-09T10:39:25Z","2025-07-09T11:14:25Z"
"SRCB45BEBC1AD4FEC57","vehicle_assessment","BAT0EFEC9A5D5DA","1.0","SYNVEH17899976755","REQA69CF59941148CDE","2025-07-09T16:03:17Z","2025-07-09T16:33:17Z","ASM3A437729F918F2BA","1","usable","method_current","chevrolet_bolt_ev","hatchback","2023","44529","mi","95.3","percent","average","2025-07-09T13:58:17Z","2025-07-09T15:58:17Z","2025-07-09T17:33:17Z"
"SRC28EB905B4CE9D10D","vehicle_assessment","BAT0EFEC9A5D5DA","1.0","SYNVEH79179468151","REQD8FB387B27191EE1","2025-07-09T21:22:08Z","2025-07-09T22:52:08Z","ASMA84625CA16F141C0","1","usable","method_current","nissan_leaf","hatchback","2024","44666","km","88.9","percent","rough","2025-07-09T19:17:08Z","2025-07-09T21:17:08Z","2025-07-09T21:52:08Z"
"SRC2B0E02C553E900F6","vehicle_assessment","BAT0EFEC9A5D5DA","1.0","SYNVEH87340556475","REQE5CAF117EDCC8600","2025-07-10T02:41:00Z","2025-07-10T03:11:00Z","ASM9CDF074140059728","1","usable","method_current","tesla_model_3","sedan","2025","44803","mi","93.4","percent","clean","2025-07-10T00:36:00Z","2025-07-10T02:36:00Z","2025-07-10T04:11:00Z"
"SRC1B3D00FB9EDD046A","vehicle_assessment","BAT0EFEC9A5D5DA","1.0","SYNVEH62528274841","REQ325F68946BAF2951","2025-07-10T07:59:51Z","2025-07-10T09:29:51Z","ASM3ED25F963DEE43F5","1","usable","method_current","tesla_model_y","crossover","2026","44940","km","93.3","percent","average","2025-07-10T05:54:51Z","2025-07-10T07:54:51Z","2025-07-10T08:29:51Z"
"SRC86894707910DF837","vehicle_assessment","BAT0EFEC9A5D5DA","1.0","SYNVEH10643781248","REQ3928AA82B5098945","2025-07-10T13:18:42Z","2025-07-10T13:48:42Z","ASM2267D10217E0A016","1","usable","method_current","hyundai_ioniq_5","crossover","2018","45077","mi","92.1","percent","rough","2025-07-10T11:13:42Z","2025-07-10T13:13:42Z","2025-07-10T14:48:42Z"
"SRCCAE3CC4386FBD8C0","vehicle_assessment","BAT0EFEC9A5D5DA","1.0","SYNVEH96702725910","REQF2D72DCE77378260","2025-07-10T18:37:34Z","2025-07-10T20:07:34Z","ASME2BA0A8D717278CF","1","usable","method_current","ford_mustang_mach_e","crossover","2019","45214","km","85.6","percent","clean","2025-07-10T16:32:34Z","2025-07-10T18:32:34Z","2025-07-10T19:07:34Z"
"SRC95767C3D71DF5A87","vehicle_assessment","BAT0EFEC9A5D5DA","1.0","SYNVEH17828008572","REQ156325F02A78542F","2025-07-10T23:56:25Z","2025-07-11T00:26:25Z","ASM655B69992B9838F6","1","usable","method_current","ford_f150_lightning","pickup","2020","45351","mi","85.9","percent","average","2025-07-10T21:51:25Z","2025-07-10T23:51:25Z","2025-07-11T01:26:25Z"
"SRCC04557495E5C4AB5","vehicle_assessment","BAT0EFEC9A5D5DA","1.0","SYNVEH85020580486","REQD6D5B219F9C016AD","2025-07-11T05:15:17Z","2025-07-11T06:45:17Z","ASM91CE968741ACFFFB","1","usable","method_current","chevrolet_bolt_ev","hatchback","2021","45488","km","83.5","percent","rough","2025-07-11T03:10:17Z","2025-07-11T05:10:17Z","2025-07-11T05:45:17Z"
"SRC89F553E64D9B04FE","vehicle_assessment","BAT0EFEC9A5D5DA","1.0","SYNVEH63463052317","REQ11C33823B7C7C4BC","2025-07-11T10:34:08Z","2025-07-11T11:04:08Z","ASME9185822334A7E83","1","usable","method_current","nissan_leaf","hatchback","2022","45625","mi","84.3","percent","clean","2025-07-11T08:29:08Z","2025-07-11T10:29:08Z","2025-07-11T12:04:08Z"
"SRCBD959FDA79A330D1","vehicle_assessment","BAT0EFEC9A5D5DA","1.0","SYNVEH63758425699","REQ32238D74A29C84F0","2025-07-11T15:53:00Z","2025-07-11T17:23:00Z","ASMB05747FA3DAEA15E","1","usable","method_current","tesla_model_3","sedan","2023","45762","km","89.0","percent","average","2025-07-11T13:48:00Z","2025-07-11T15:48:00Z","2025-07-11T16:23:00Z"
"SRC37B955E69B3FD300","vehicle_assessment","BAT0EFEC9A5D5DA","1.0","SYNVEH18406226294","REQ5E0925CC6F69C0A3","2025-07-11T21:11:51Z","2025-07-11T21:41:51Z","ASMA997D70A49B31CA2","1","usable","method_current","tesla_model_y","crossover","2024","45899","mi","82.6","percent","rough","2025-07-11T19:06:51Z","2025-07-11T21:06:51Z","2025-07-11T22:41:51Z"
"SRC5EB9625D9C7A3051","vehicle_assessment","BAT0EFEC9A5D5DA","1.0","SYNVEH56191253636","REQ763DDEDF3FC91837","2025-07-12T02:30:42Z","2025-07-12T04:00:42Z","ASMDB3D3E76DE0EA3DC","1","usable","method_current","hyundai_ioniq_5","crossover","2025","46036","km","94.2","percent","clean","2025-07-12T00:25:42Z","2025-07-12T02:25:42Z","2025-07-12T03:00:42Z"
"SRCB564A3D349608B2E","vehicle_assessment","BAT0EFEC9A5D5DA","1.0","SYNVEH67638338388","REQ99A98611473FD66F","2025-07-12T07:49:34Z","2025-07-12T08:19:34Z","ASMD75B6AB0E2036F21","1","usable","method_current","ford_mustang_mach_e","crossover","2026","46173","mi","88.2","percent","average","2025-07-12T05:44:34Z","2025-07-12T07:44:34Z","2025-07-12T09:19:34Z"
"SRCDCA475F5843FB0D6","vehicle_assessment","BAT0EFEC9A5D5DA","1.0","SYNVEH92592439201","REQ570D535DBF13FD94","2025-07-12T13:08:25Z","2025-07-12T14:38:25Z","ASMDC7A58A0FEFF9513","1","usable","method_current","ford_f150_lightning","pickup","2018","46310","km","96.5","percent","rough","2025-07-12T11:03:25Z","2025-07-12T13:03:25Z","2025-07-12T13:38:25Z"
"SRCE5EA3C106E6EFF42","vehicle_assessment","BAT0EFEC9A5D5DA","1.0","SYNVEH70398531956","REQ6575479EEE086AF3","2025-07-12T18:27:17Z","2025-07-12T18:57:17Z","ASM1D7324497EA1550B","1","usable","method_current","chevrolet_bolt_ev","hatchback","2019","46447","mi","83.6","percent","clean","2025-07-12T16:22:17Z","2025-07-12T18:22:17Z","2025-07-12T19:57:17Z"
"SRC4FFA59FC47F4498D","vehicle_assessment","BAT0EFEC9A5D5DA","1.0","SYNVEH41559563539","REQ16A2BDC2EDF722E4","2025-07-12T23:46:08Z","2025-07-13T01:16:08Z","ASM1B46FCA70EA4889F","1","usable","method_current","nissan_leaf","hatchback","2020","46584","km","91.9","percent","average","2025-07-12T21:41:08Z","2025-07-12T23:41:08Z","2025-07-13T00:16:08Z"
"SRC51D01F1B5F5DCFF6","vehicle_assessment","BAT0EFEC9A5D5DA","1.0","SYNVEH22664822676","REQ9701C09B06000B77","2025-07-13T05:05:00Z","2025-07-13T05:35:00Z","ASMCD7FFD9DD7FBE0D7","1","usable","method_current","tesla_model_3","sedan","2021","46721","mi","83.4","percent","rough","2025-07-13T03:00:00Z","2025-07-13T05:00:00Z","2025-07-13T06:35:00Z"
"SRC0C41136C9208206A","vehicle_assessment","BAT0EFEC9A5D5DA","1.0","SYNVEH53257392479","REQB348AEE3E9B81D5A","2025-07-13T10:23:51Z","2025-07-13T11:53:51Z","ASMDA6FD3CF18F47AEE","1","usable","method_current","tesla_model_y","crossover","2022","46858","km","91.0","percent","clean","2025-07-13T08:18:51Z","2025-07-13T10:18:51Z","2025-07-13T10:53:51Z"
"SRC39DE7F6D1BDA5A7A","vehicle_assessment","BAT0EFEC9A5D5DA","1.0","SYNVEH99748486369","REQ9889D24E1C33FBEC","2025-07-13T15:42:42Z","2025-07-13T16:12:42Z","ASM0F8E9B55859437A4","1","usable","method_current","hyundai_ioniq_5","crossover","2023","46995","mi","90.0","percent","average","2025-07-13T13:37:42Z","2025-07-13T15:37:42Z","2025-07-13T17:12:42Z"
"SRC6E83E14105F5991A","vehicle_assessment","BAT0EFEC9A5D5DA","1.0","SYNVEH87256691251","REQ91D190A4C712AB72","2025-07-13T21:01:34Z","2025-07-13T22:31:34Z","ASM7C60BB12CB8567DC","1","usable","method_current","ford_mustang_mach_e","crossover","2024","47132","km","82.6","percent","rough","2025-07-13T18:56:34Z","2025-07-13T20:56:34Z","2025-07-13T21:31:34Z"
"SRC5553FCC13F656F7A","vehicle_assessment","BAT0EFEC9A5D5DA","1.0","SYNVEH57947681509","REQ9B19CE565BA3F62A","2025-07-14T02:20:25Z","2025-07-14T02:50:25Z","ASM6B193620D704F6DA","1","usable","method_current","ford_f150_lightning","pickup","2025","47269","mi","84.4","percent","clean","2025-07-14T00:15:25Z","2025-07-14T02:15:25Z","2025-07-14T03:50:25Z"
"SRCE38B447AAFE95339","vehicle_assessment","BAT0EFEC9A5D5DA","1.0","SYNVEH00959339757","REQ477F0593538E850D","2025-07-14T07:39:17Z","2025-07-14T09:09:17Z","ASMDA28DC1F2CB74855","1","usable","method_current","chevrolet_bolt_ev","hatchback","2026","47406","km","91.7","percent","average","2025-07-14T05:34:17Z","2025-07-14T07:34:17Z","2025-07-14T08:09:17Z"
"SRCC474B97817CE8BDF","vehicle_assessment","BAT0EFEC9A5D5DA","1.0","SYNVEH66321626964","REQ109AB03F512743B6","2025-07-14T12:58:08Z","2025-07-14T13:28:08Z","ASM3F434A0906A3B909","1","usable","method_current","nissan_leaf","hatchback","2018","47543","mi","89.4","percent","rough","2025-07-14T10:53:08Z","2025-07-14T12:53:08Z","2025-07-14T14:28:08Z"
"SRCC2CB9D4052F646D0","vehicle_assessment","BAT0EFEC9A5D5DA","1.0","SYNVEH02509419926","REQ1B7B534095DC243C","2025-07-14T18:17:00Z","2025-07-14T19:47:00Z","ASM861E7943FA22F18C","1","usable","method_current","tesla_model_3","sedan","2019","47680","km","92.6","percent","clean","2025-07-14T16:12:00Z","2025-07-14T18:12:00Z","2025-07-14T18:47:00Z"
"SRC029383A51A2FF4A2","vehicle_assessment","BAT0EFEC9A5D5DA","1.0","SYNVEH10143916478","REQF7F615DECADE4E31","2025-07-14T23:35:51Z","2025-07-15T00:05:51Z","ASME0395994B88AA8E1","1","usable","method_current","tesla_model_y","crossover","2020","47817","mi","88.7","percent","average","2025-07-14T21:30:51Z","2025-07-14T23:30:51Z","2025-07-15T01:05:51Z"
"SRC9CD802C5AD51C49C","vehicle_assessment","BAT0EFEC9A5D5DA","1.0","SYNVEH82432756653","REQ0FA9FE31784EBBE5","2025-07-15T04:54:42Z","2025-07-15T06:24:42Z","ASM26E7B4A0E6ED7D0F","1","usable","method_current","hyundai_ioniq_5","crossover","2021","47954","km","87.0","percent","rough","2025-07-15T02:49:42Z","2025-07-15T04:49:42Z","2025-07-15T05:24:42Z"
"SRC7316CB3854C24624","vehicle_assessment","BAT0EFEC9A5D5DA","1.0","SYNVEH04338420300","REQBB57B4DFC32F1C09","2025-07-15T10:13:34Z","2025-07-15T10:43:34Z","ASMEAACEC9BA67EE00A","1","usable","method_current","ford_mustang_mach_e","crossover","2022","48091","mi","95.2","percent","clean","2025-07-15T08:08:34Z","2025-07-15T10:08:34Z","2025-07-15T11:43:34Z"
"SRCE2356701AF19C517","vehicle_assessment","BAT0EFEC9A5D5DA","1.0","SYNVEH21278911959","REQCA6758E7CFAB2A33","2025-07-15T15:32:25Z","2025-07-15T17:02:25Z","ASME2FF1ACD81822392","1","usable","method_current","ford_f150_lightning","pickup","2023","48228","km","82.7","percent","average","2025-07-15T13:27:25Z","2025-07-15T15:27:25Z","2025-07-15T16:02:25Z"
"SRC4C45A78E56BE8B16","vehicle_assessment","BAT0EFEC9A5D5DA","1.0","SYNVEH07131911825","REQB3FA7A6572036CE1","2025-07-15T20:51:17Z","2025-07-15T21:21:17Z","ASM16CF339ADF86764A","1","usable","method_current","chevrolet_bolt_ev","hatchback","2024","48365","mi","97.0","percent","rough","2025-07-15T18:46:17Z","2025-07-15T20:46:17Z","2025-07-15T22:21:17Z"
"SRC47C825882E6C3056","vehicle_assessment","BAT0EFEC9A5D5DA","1.0","SYNVEH92099717468","REQ3712B922BCCB241D","2025-07-16T02:10:08Z","2025-07-16T03:40:08Z","ASM3DD8E0DDA24D8062","1","usable","method_current","nissan_leaf","hatchback","2025","48502","km","85.6","percent","clean","2025-07-16T00:05:08Z","2025-07-16T02:05:08Z","2025-07-16T02:40:08Z"
"SRCC904E24FF685F02F","vehicle_assessment","BAT0EFEC9A5D5DA","1.0","SYNVEH87371323524","REQ1C59FDB82C9DC5E6","2025-07-16T07:29:00Z","2025-07-16T07:59:00Z","ASMA964D9A736ADB0A5","1","usable","method_current","tesla_model_3","sedan","2026","48639","mi","85.0","percent","average","2025-07-16T05:24:00Z","2025-07-16T07:24:00Z","2025-07-16T08:59:00Z"
"SRCCD5B53BF79737253","vehicle_assessment","BAT0EFEC9A5D5DA","1.0","SYNVEH37428073252","REQAF4C98156BFDBCA1","2025-07-16T12:47:51Z","2025-07-16T14:17:51Z","ASM1F0C4EF1BF1436B5","1","usable","method_current","tesla_model_y","crossover","2018","48776","km","88.2","percent","rough","2025-07-16T10:42:51Z","2025-07-16T12:42:51Z","2025-07-16T13:17:51Z"
"SRCEA3C63193E1BC862","vehicle_assessment","BAT0EFEC9A5D5DA","1.0","SYNVEH35866962932","REQAD46B4C47702D51B","2025-07-16T18:06:42Z","2025-07-16T18:36:42Z","ASM917E19AB41D1E1D3","1","usable","method_current","hyundai_ioniq_5","crossover","2019","48913","mi","87.3","percent","clean","2025-07-16T16:01:42Z","2025-07-16T18:01:42Z","2025-07-16T19:36:42Z"
"SRC2AFBE1F7208E4FB0","vehicle_assessment","BAT0EFEC9A5D5DA","1.0","SYNVEH40478471925","REQ7A77C4680B2333B3","2025-07-16T23:25:34Z","2025-07-17T00:55:34Z","ASM25B9CB81C4439E23","1","usable","method_current","ford_mustang_mach_e","crossover","2020","49050","km","95.4","percent","average","2025-07-16T21:20:34Z","2025-07-16T23:20:34Z","2025-07-16T23:55:34Z"
"SRC35A85D55034E2077","vehicle_assessment","BAT0EFEC9A5D5DA","1.0","SYNVEH61538823089","REQ0CF1BBA39F16DECF","2025-07-17T04:44:25Z","2025-07-17T05:14:25Z","ASMB8C243A98DFCB0DC","1","usable","method_current","ford_f150_lightning","pickup","2021","49187","mi","89.8","percent","rough","2025-07-17T02:39:25Z","2025-07-17T04:39:25Z","2025-07-17T06:14:25Z"
"SRCC71671E10C659498","vehicle_assessment","BAT0EFEC9A5D5DA","1.0","SYNVEH04275964449","REQ1ED5841746B683F4","2025-07-17T10:03:17Z","2025-07-17T11:33:17Z","ASM60EB5A6111E2756F","1","usable","method_current","chevrolet_bolt_ev","hatchback","2022","49324","km","89.1","percent","clean","2025-07-17T07:58:17Z","2025-07-17T09:58:17Z","2025-07-17T10:33:17Z"
"SRCEC27D3E675FC5B4B","vehicle_assessment","BAT0EFEC9A5D5DA","1.0","SYNVEH60110380604","REQD5241B6C40C4A05F","2025-07-17T15:22:08Z","2025-07-17T15:52:08Z","ASMD0A2BF5FA4B7E02E","1","usable","method_current","nissan_leaf","hatchback","2023","49461","mi","83.0","percent","average","2025-07-17T13:17:08Z","2025-07-17T15:17:08Z","2025-07-17T16:52:08Z"
"SRCD2AFEC8531D88E7F","vehicle_assessment","BAT0EFEC9A5D5DA","1.0","SYNVEH45212824150","REQBD3AF54382BF8719","2025-07-17T20:41:00Z","2025-07-17T22:11:00Z","ASM0099593D5DE9FCB2","1","usable","method_current","tesla_model_3","sedan","2024","49598","km","92.1","percent","rough","2025-07-17T18:36:00Z","2025-07-17T20:36:00Z","2025-07-17T21:11:00Z"
"SRCD45E39DCEF6AD17A","vehicle_assessment","BAT0EFEC9A5D5DA","1.0","SYNVEH42464795045","REQB718187CED92C12A","2025-07-18T01:59:51Z","2025-07-18T02:29:51Z","ASM69FAF82630F53BD5","1","usable","method_current","tesla_model_y","crossover","2025","49735","mi","88.8","percent","clean","2025-07-17T23:54:51Z","2025-07-18T01:54:51Z","2025-07-18T03:29:51Z"
"SRC50EB9C7A7D90B353","vehicle_assessment","BAT0EFEC9A5D5DA","1.0","SYNVEH82730190659","REQ994B5D9901E4ED64","2025-07-18T07:18:42Z","2025-07-18T08:48:42Z","ASM74EECDAEBF99192E","1","usable","method_current","hyundai_ioniq_5","crossover","2026","49872","km","90.2","percent","average","2025-07-18T05:13:42Z","2025-07-18T07:13:42Z","2025-07-18T07:48:42Z"
"SRC141CCC39D6F1CE67","vehicle_assessment","BAT0EFEC9A5D5DA","1.0","SYNVEH82985449863","REQ3F519F790F78D334","2025-07-18T12:37:34Z","2025-07-18T13:07:34Z","ASM63792AC164CAA232","1","usable","method_current","ford_mustang_mach_e","crossover","2018","50009","mi","93.8","percent","rough","2025-07-18T10:32:34Z","2025-07-18T12:32:34Z","2025-07-18T14:07:34Z"
"SRC008F2EBB7619F5B6","vehicle_assessment","BAT0EFEC9A5D5DA","1.0","SYNVEH38897135953","REQ1C20B9C887399A94","2025-07-18T17:56:25Z","2025-07-18T19:26:25Z","ASM11B24249D04EBD74","1","usable","method_current","ford_f150_lightning","pickup","2019","50146","km","91.4","percent","clean","2025-07-18T15:51:25Z","2025-07-18T17:51:25Z","2025-07-18T18:26:25Z"
"SRC3E47F553C6C82CE7","vehicle_assessment","BAT0EFEC9A5D5DA","1.0","SYNVEH90997009316","REQ51B5FC7A44A8124B","2025-07-18T23:15:17Z","2025-07-18T23:45:17Z","ASMAFE4EC45943F7766","1","usable","method_current","chevrolet_bolt_ev","hatchback","2020","50283","mi","88.6","percent","average","2025-07-18T21:10:17Z","2025-07-18T23:10:17Z","2025-07-19T00:45:17Z"
"SRC5C10E211A041A227","vehicle_assessment","BAT0EFEC9A5D5DA","1.0","SYNVEH56109630401","REQB920CB5B6843756A","2025-07-19T04:34:08Z","2025-07-19T06:04:08Z","ASM6275358FD46DD7BB","1","usable","method_current","nissan_leaf","hatchback","2021","50420","km","96.0","percent","rough","2025-07-19T02:29:08Z","2025-07-19T04:29:08Z","2025-07-19T05:04:08Z"
"SRCE01F9E6FC6EAA524","vehicle_assessment","BAT0EFEC9A5D5DA","1.0","SYNVEH36254283735","REQ262B1B9DA8CB6FA6","2025-07-19T09:53:00Z","2025-07-19T10:23:00Z","ASM57E6E4C3D3CA24FC","1","usable","method_current","tesla_model_3","sedan","2022","50557","mi","86.0","percent","clean","2025-07-19T07:48:00Z","2025-07-19T09:48:00Z","2025-07-19T11:23:00Z"
"SRC008A19BE6AF07EEE","vehicle_assessment","BAT0EFEC9A5D5DA","1.0","SYNVEH77738077781","REQB61A7395DF4915B4","2025-07-19T15:11:51Z","2025-07-19T16:41:51Z","ASMAE959572B9463310","1","usable","method_current","tesla_model_y","crossover","2023","50694","km","86.1","percent","average","2025-07-19T13:06:51Z","2025-07-19T15:06:51Z","2025-07-19T15:41:51Z"
"SRC42DDDDBEAD462F5D","vehicle_assessment","BAT0EFEC9A5D5DA","1.0","SYNVEH71425136579","REQ60D8C5FAF74DC318","2025-07-19T20:30:42Z","2025-07-19T21:00:42Z","ASMFC6FD40169180FB8","1","usable","method_current","hyundai_ioniq_5","crossover","2024","50831","mi","89.6","percent","rough","2025-07-19T18:25:42Z","2025-07-19T20:25:42Z","2025-07-19T22:00:42Z"
"SRCB670EAD595649042","vehicle_assessment","BAT0EFEC9A5D5DA","1.0","SYNVEH56930389079","REQ3EE45B426ADC314C","2025-07-20T01:49:34Z","2025-07-20T03:19:34Z","ASMA74328D328669B81","1","usable","method_current","ford_mustang_mach_e","crossover","2025","50968","km","90.7","percent","clean","2025-07-19T23:44:34Z","2025-07-20T01:44:34Z","2025-07-20T02:19:34Z"
"SRC9219180B6F8EEBD0","vehicle_assessment","BAT0EFEC9A5D5DA","1.0","SYNVEH16178003070","REQDC4D53E8F48C3E28","2025-07-20T07:08:25Z","2025-07-20T07:38:25Z","ASM46479B4F485EA885","1","usable","method_current","ford_f150_lightning","pickup","2026","51105","mi","91.4","percent","average","2025-07-20T05:03:25Z","2025-07-20T07:03:25Z","2025-07-20T08:38:25Z"
"SRCD8C3892807CFC71A","vehicle_assessment","BAT0EFEC9A5D5DA","1.0","SYNVEH24683348136","REQE773339ADD4B9925","2025-07-20T12:27:17Z","2025-07-20T13:57:17Z","ASMF4F6E5D0BE8A72B2","1","usable","method_current","chevrolet_bolt_ev","hatchback","2018","51242","km","94.4","percent","rough","2025-07-20T10:22:17Z","2025-07-20T12:22:17Z","2025-07-20T12:57:17Z"
"SRC24B0CE7F81A6B9BF","vehicle_assessment","BAT0EFEC9A5D5DA","1.0","SYNVEH15564453514","REQF571A0B2FAB41942","2025-07-20T17:46:08Z","2025-07-20T18:16:08Z","ASMB343F3399176E0FB","1","usable","method_current","nissan_leaf","hatchback","2019","51379","mi","94.1","percent","clean","2025-07-20T15:41:08Z","2025-07-20T17:41:08Z","2025-07-20T19:16:08Z"
"SRC3406CC96964161FB","vehicle_assessment","BAT0EFEC9A5D5DA","1.0","SYNVEH71668317829","REQ403DAA3C1E1CCFFC","2025-07-20T23:05:00Z","2025-07-21T00:35:00Z","ASMC50B3AB4FE96B40E","1","usable","method_current","tesla_model_3","sedan","2020","51516","km","96.1","percent","average","2025-07-20T21:00:00Z","2025-07-20T23:00:00Z","2025-07-20T23:35:00Z"
"SRC152E1C5A3A267064","vehicle_assessment","BAT0EFEC9A5D5DA","1.0","SYNVEH79978183828","REQ0CAE1D518913D209","2025-07-21T04:23:51Z","2025-07-21T04:53:51Z","ASMD964A34DC061CBEF","1","usable","method_current","tesla_model_y","crossover","2021","51653","mi","86.0","percent","rough","2025-07-21T02:18:51Z","2025-07-21T04:18:51Z","2025-07-21T05:53:51Z"
"SRCE5E03B98CA8592BA","vehicle_assessment","BAT0EFEC9A5D5DA","1.0","SYNVEH79151667872","REQ26A63B3676463B2C","2025-07-21T09:42:42Z","2025-07-21T11:12:42Z","ASM9BEF60F57F5C48C0","1","usable","method_current","hyundai_ioniq_5","crossover","2022","51790","km","84.7","percent","clean","2025-07-21T07:37:42Z","2025-07-21T09:37:42Z","2025-07-21T10:12:42Z"
"SRCA7145EC494E17DB2","vehicle_assessment","BAT0EFEC9A5D5DA","1.0","SYNVEH03346222209","REQ695CA3BC1D87FBA7","2025-07-21T15:01:34Z","2025-07-21T15:31:34Z","ASM42F9E70B2D494610","1","usable","method_current","ford_mustang_mach_e","crossover","2023","51927","mi","82.5","percent","average","2025-07-21T12:56:34Z","2025-07-21T14:56:34Z","2025-07-21T16:31:34Z"
"SRCB2C5245EE54CDCDD","vehicle_assessment","BAT0EFEC9A5D5DA","1.0","SYNVEH90525057941","REQ25CC4BD620F36B5C","2025-07-21T20:20:25Z","2025-07-21T21:50:25Z","ASMA3F161F110FCDD60","1","usable","method_current","ford_f150_lightning","pickup","2024","52064","km","96.5","percent","rough","2025-07-21T18:15:25Z","2025-07-21T20:15:25Z","2025-07-21T20:50:25Z"
"SRCD81DBC4F49874EEB","vehicle_assessment","BAT0EFEC9A5D5DA","1.0","SYNVEH86749803255","REQ04AFFFEC70D11677","2025-07-22T01:39:17Z","2025-07-22T02:09:17Z","ASMEB489585FB49EBDC","1","usable","method_current","chevrolet_bolt_ev","hatchback","2025","52201","mi","96.4","percent","clean","2025-07-21T23:34:17Z","2025-07-22T01:34:17Z","2025-07-22T03:09:17Z"
"SRC8D465F9D240126B9","vehicle_assessment","BAT0EFEC9A5D5DA","1.0","SYNVEH74216364307","REQ72F6378061371A46","2025-07-22T06:58:08Z","2025-07-22T08:28:08Z","ASMF5C210F011560D16","1","usable","method_current","nissan_leaf","hatchback","2026","52338","km","82.8","percent","average","2025-07-22T04:53:08Z","2025-07-22T06:53:08Z","2025-07-22T07:28:08Z"
"SRC1BED6647F6D18462","vehicle_assessment","BAT0EFEC9A5D5DA","1.0","SYNVEH92033589652","REQF938A1F599E714B4","2025-07-22T12:17:00Z","2025-07-22T12:47:00Z","ASMC9C27E1EDFB55464","1","usable","method_current","tesla_model_3","sedan","2018","52475","mi","88.4","percent","rough","2025-07-22T10:12:00Z","2025-07-22T12:12:00Z","2025-07-22T13:47:00Z"
"SRCF2C92932F171C22D","vehicle_assessment","BAT0EFEC9A5D5DA","1.0","SYNVEH63067279633","REQB564AB725AF7EF46","2025-07-22T17:35:51Z","2025-07-22T19:05:51Z","ASMD28E87627ED62789","1","usable","method_current","tesla_model_y","crossover","2019","52612","km","89.1","percent","clean","2025-07-22T15:30:51Z","2025-07-22T17:30:51Z","2025-07-22T18:05:51Z"
"SRCB80FC1D6AEF0C008","vehicle_assessment","BAT0EFEC9A5D5DA","1.0","SYNVEH00495390960","REQ6807CBA11D0C7094","2025-07-22T22:54:42Z","2025-07-22T23:24:42Z","ASM7E2718CD7A95DBDC","1","usable","method_current","hyundai_ioniq_5","crossover","2020","52749","mi","82.9","percent","average","2025-07-22T20:49:42Z","2025-07-22T22:49:42Z","2025-07-23T00:24:42Z"
"SRC2FD1E6F369224F20","vehicle_assessment","BAT0EFEC9A5D5DA","1.0","SYNVEH45302130429","REQ149E0FE06BC0C6BC","2025-07-23T04:13:34Z","2025-07-23T05:43:34Z","ASM5F7294CA596DB021","1","usable","method_current","ford_mustang_mach_e","crossover","2021","52886","km","85.9","percent","rough","2025-07-23T02:08:34Z","2025-07-23T04:08:34Z","2025-07-23T04:43:34Z"
"SRC08FBE68E4EEEA8F4","vehicle_assessment","BAT0EFEC9A5D5DA","1.0","SYNVEH80970220411","REQCC495F4E6E5051C7","2025-07-23T09:32:25Z","2025-07-23T10:02:25Z","ASM601239F9497AEAA0","1","usable","method_current","ford_f150_lightning","pickup","2022","53023","mi","88.0","percent","clean","2025-07-23T07:27:25Z","2025-07-23T09:27:25Z","2025-07-23T11:02:25Z"
"SRC294C5E3B38DC595A","vehicle_assessment","BAT0EFEC9A5D5DA","1.0","SYNVEH20563298819","REQ4597BED2E46F95D1","2025-07-23T14:51:17Z","2025-07-23T16:21:17Z","ASM25BB8D5E13B91210","1","usable","method_current","chevrolet_bolt_ev","hatchback","2023","53160","km","93.7","percent","average","2025-07-23T12:46:17Z","2025-07-23T14:46:17Z","2025-07-23T15:21:17Z"
"SRCBA8AEC2E7F47C0CD","vehicle_assessment","BAT0EFEC9A5D5DA","1.0","SYNVEH06418609957","REQF9AC26FFDD198A60","2025-07-23T20:10:08Z","2025-07-23T20:40:08Z","ASM6EE8341E433D8392","1","usable","method_current","nissan_leaf","hatchback","2024","53297","mi","89.5","percent","rough","2025-07-23T18:05:08Z","2025-07-23T20:05:08Z","2025-07-23T21:40:08Z"
"SRCBB1D9AC50ADFA4E4","vehicle_assessment","BAT0EFEC9A5D5DA","1.0","SYNVEH73487304645","REQ22F8065E67EB8201","2025-07-24T01:29:00Z","2025-07-24T02:59:00Z","ASM23E0A9636EFDE0C0","1","usable","method_current","tesla_model_3","sedan","2025","53434","km","85.4","percent","clean","2025-07-23T23:24:00Z","2025-07-24T01:24:00Z","2025-07-24T01:59:00Z"
"SRC907D18F75429A6C8","vehicle_assessment","BAT0EFEC9A5D5DA","1.0","SYNVEH74940073058","REQ586912305AFF75A9","2025-07-24T06:47:51Z","2025-07-24T07:17:51Z","ASM6B7B118AD853D24C","1","usable","method_current","tesla_model_y","crossover","2026","53571","mi","93.2","percent","average","2025-07-24T04:42:51Z","2025-07-24T06:42:51Z","2025-07-24T08:17:51Z"
"SRC91F946DCE8FDD66F","vehicle_assessment","BAT0EFEC9A5D5DA","1.0","SYNVEH00927104451","REQ8071B1EFCD3FB755","2025-07-24T12:06:42Z","2025-07-24T13:36:42Z","ASM136B4BD60559523D","1","usable","method_current","hyundai_ioniq_5","crossover","2018","53708","km","83.9","percent","rough","2025-07-24T10:01:42Z","2025-07-24T12:01:42Z","2025-07-24T12:36:42Z"
"SRCFB5D48A6760F5566","vehicle_assessment","BAT0EFEC9A5D5DA","1.0","SYNVEH63362907470","REQB13850BE9D843F61","2025-07-24T17:25:34Z","2025-07-24T17:55:34Z","ASMA5049689B32F6455","1","usable","method_current","ford_mustang_mach_e","crossover","2019","53845","mi","93.6","percent","clean","2025-07-24T15:20:34Z","2025-07-24T17:20:34Z","2025-07-24T18:55:34Z"
"SRCD18A1CE6D8F4E723","vehicle_assessment","BAT0EFEC9A5D5DA","1.0","SYNVEH62272777946","REQ0988E66D6560D517","2025-07-24T22:44:25Z","2025-07-25T00:14:25Z","ASMA4B3FB7F81531222","1","usable","method_current","ford_f150_lightning","pickup","2020","53982","km","87.0","percent","average","2025-07-24T20:39:25Z","2025-07-24T22:39:25Z","2025-07-24T23:14:25Z"
"SRCF186A0B8C9C66E80","vehicle_assessment","BAT0EFEC9A5D5DA","1.0","SYNVEH63179188404","REQ377B97BFE82F8C60","2025-07-25T04:03:17Z","2025-07-25T04:33:17Z","ASMF01909841DCD291E","1","usable","method_current","chevrolet_bolt_ev","hatchback","2021","54119","mi","96.6","percent","rough","2025-07-25T01:58:17Z","2025-07-25T03:58:17Z","2025-07-25T05:33:17Z"
"SRC73ADB676BCCC295D","vehicle_assessment","BAT0EFEC9A5D5DA","1.0","SYNVEH88031306531","REQF5930D92160908A2","2025-07-25T09:22:08Z","2025-07-25T10:52:08Z","ASM70B8DA5718BE80CC","1","usable","method_current","nissan_leaf","hatchback","2022","54256","km","88.2","percent","clean","2025-07-25T07:17:08Z","2025-07-25T09:17:08Z","2025-07-25T09:52:08Z"
"SRCFC8F04781785C211","vehicle_assessment","BAT0EFEC9A5D5DA","1.0","SYNVEH35125192878","REQ23F34094715091D6","2025-07-25T14:41:00Z","2025-07-25T15:11:00Z","ASM463CFD43FA9DFC4A","1","usable","method_current","tesla_model_3","sedan","2023","54393","mi","93.0","percent","average","2025-07-25T12:36:00Z","2025-07-25T14:36:00Z","2025-07-25T16:11:00Z"
"SRCC8EC3718DA62B400","vehicle_assessment","BAT0EFEC9A5D5DA","1.0","SYNVEH62148473684","REQ878EC9D21C9F6DC9","2025-07-25T19:59:51Z","2025-07-25T21:29:51Z","ASMBB4BD3DB4F0AD7F4","1","usable","method_current","tesla_model_y","crossover","2024","54530","km","93.0","percent","rough","2025-07-25T17:54:51Z","2025-07-25T19:54:51Z","2025-07-25T20:29:51Z"
"SRC68E545C2C6D8E63A","vehicle_assessment","BAT0EFEC9A5D5DA","1.0","SYNVEH75087113060","REQF3E355E54BD20171","2025-07-26T01:18:42Z","2025-07-26T01:48:42Z","ASMF02DE4E157AA3CF1","1","usable","method_current","hyundai_ioniq_5","crossover","2025","54667","mi","87.2","percent","clean","2025-07-25T23:13:42Z","2025-07-26T01:13:42Z","2025-07-26T02:48:42Z"
"SRC1940204D4997FADC","vehicle_assessment","BAT0EFEC9A5D5DA","1.0","SYNVEH43865160008","REQD8988CD6ADF63E1E","2025-07-26T06:37:34Z","2025-07-26T08:07:34Z","ASMEBB674EA5D80D73B","1","usable","method_current","ford_mustang_mach_e","crossover","2026","54804","km","86.3","percent","average","2025-07-26T04:32:34Z","2025-07-26T06:32:34Z","2025-07-26T07:07:34Z"
"SRC15F42741898AF535","vehicle_assessment","BAT0EFEC9A5D5DA","1.0","SYNVEH49618671751","REQ7D1E3E2C2563C38E","2025-07-26T11:56:25Z","2025-07-26T12:26:25Z","ASM4AD97E5F7CDC24DA","1","usable","method_current","ford_f150_lightning","pickup","2018","54941","mi","93.5","percent","rough","2025-07-26T09:51:25Z","2025-07-26T11:51:25Z","2025-07-26T13:26:25Z"
"SRC3DE2AAB12AE8159E","vehicle_assessment","BAT0EFEC9A5D5DA","1.0","SYNVEH26007811010","REQ75744CEA6CE60128","2025-07-26T17:15:17Z","2025-07-26T18:45:17Z","ASMBBF86EE93320D8AF","1","usable","method_current","chevrolet_bolt_ev","hatchback","2019","55078","km","84.9","percent","clean","2025-07-26T15:10:17Z","2025-07-26T17:10:17Z","2025-07-26T17:45:17Z"
"SRC9078118DC8838D58","vehicle_assessment","BAT0EFEC9A5D5DA","1.0","SYNVEH84567667468","REQ4CFC8872289936BA","2025-07-26T22:34:08Z","2025-07-26T23:04:08Z","ASM1FB1E288E49045D5","1","usable","method_current","nissan_leaf","hatchback","2020","55215","mi","92.0","percent","average","2025-07-26T20:29:08Z","2025-07-26T22:29:08Z","2025-07-27T00:04:08Z"
"SRCFD5B8AB4F02C8DA8","vehicle_assessment","BAT0EFEC9A5D5DA","1.0","SYNVEH55558241695","REQ37AD00A488BAE886","2025-07-27T03:53:00Z","2025-07-27T05:23:00Z","ASM3F80C101D387885B","1","usable","method_current","tesla_model_3","sedan","2021","55352","km","87.8","percent","rough","2025-07-27T01:48:00Z","2025-07-27T03:48:00Z","2025-07-27T04:23:00Z"
"SRCD123DAA94FBAAFE6","vehicle_assessment","BAT0EFEC9A5D5DA","1.0","SYNVEH11344325958","REQF281F8EA588EDE34","2025-07-27T09:11:51Z","2025-07-27T09:41:51Z","ASM4DBA3CD17BA85236","1","usable","method_current","tesla_model_y","crossover","2022","55489","mi","92.0","percent","clean","2025-07-27T07:06:51Z","2025-07-27T09:06:51Z","2025-07-27T10:41:51Z"
"SRC2DF111DC39D4ADF2","vehicle_assessment","BAT0EFEC9A5D5DA","1.0","SYNVEH85821576625","REQD017149B0A45950F","2025-07-27T14:30:42Z","2025-07-27T16:00:42Z","ASMD28FFE419025F489","1","usable","method_current","hyundai_ioniq_5","crossover","2023","55626","km","88.5","percent","average","2025-07-27T12:25:42Z","2025-07-27T14:25:42Z","2025-07-27T15:00:42Z"
"SRC06005C398146D2CB","vehicle_assessment","BAT0EFEC9A5D5DA","1.0","SYNVEH78809273651","REQE370A43CC6954EF5","2025-07-27T19:49:34Z","2025-07-27T20:19:34Z","ASMCBACD55E66BA59CC","1","usable","method_current","ford_mustang_mach_e","crossover","2024","55763","mi","93.2","percent","rough","2025-07-27T17:44:34Z","2025-07-27T19:44:34Z","2025-07-27T21:19:34Z"
"SRC6D95392241895E7F","vehicle_assessment","BAT0EFEC9A5D5DA","1.0","SYNVEH05698178600","REQF88CB98456D7C4BE","2025-07-28T01:08:25Z","2025-07-28T02:38:25Z","ASM6511DD575D1BB00B","1","usable","method_current","ford_f150_lightning","pickup","2025","55900","km","85.1","percent","clean","2025-07-27T23:03:25Z","2025-07-28T01:03:25Z","2025-07-28T01:38:25Z"
"SRCF606C25C97CFCAE3","vehicle_assessment","BAT0EFEC9A5D5DA","1.0","SYNVEH11637580735","REQ06A758DE90C2B1F8","2025-07-28T06:27:17Z","2025-07-28T06:57:17Z","ASME212A899F87A19A9","1","usable","method_current","chevrolet_bolt_ev","hatchback","2026","56037","mi","96.5","percent","average","2025-07-28T04:22:17Z","2025-07-28T06:22:17Z","2025-07-28T07:57:17Z"
"SRC43A436465BA221D7","vehicle_assessment","BAT0EFEC9A5D5DA","1.0","SYNVEH76526918488","REQB23DF58851C26E84","2025-07-28T11:46:08Z","2025-07-28T13:16:08Z","ASM3E273F76849C4790","1","usable","method_current","nissan_leaf","hatchback","2018","56174","km","96.9","percent","rough","2025-07-28T09:41:08Z","2025-07-28T11:41:08Z","2025-07-28T12:16:08Z"
"SRCCA7854467BAE1360","vehicle_assessment","BAT0EFEC9A5D5DA","1.0","SYNVEH93084008920","REQ68A4CF72A9AE9DAC","2025-07-28T17:05:00Z","2025-07-28T17:35:00Z","ASM438DA1F6871263C1","1","usable","method_current","tesla_model_3","sedan","2019","56311","mi","93.5","percent","clean","2025-07-28T15:00:00Z","2025-07-28T17:00:00Z","2025-07-28T18:35:00Z"
"SRC356B060E1CE44B6D","vehicle_assessment","BAT0EFEC9A5D5DA","1.0","SYNVEH33178283870","REQC2689EECFBE34882","2025-07-28T22:23:51Z","2025-07-28T23:53:51Z","ASM32288393C9FE55C3","1","usable","method_current","tesla_model_y","crossover","2020","56448","km","94.7","percent","average","2025-07-28T20:18:51Z","2025-07-28T22:18:51Z","2025-07-28T22:53:51Z"
"SRCA4AD2D71C4724B6D","vehicle_assessment","BAT0EFEC9A5D5DA","1.0","SYNVEH81925257341","REQ60D8AF33B44E68AC","2025-07-29T03:42:42Z","2025-07-29T04:12:42Z","ASMD7EB230F77005919","1","usable","method_current","hyundai_ioniq_5","crossover","2021","56585","mi","83.7","percent","rough","2025-07-29T01:37:42Z","2025-07-29T03:37:42Z","2025-07-29T05:12:42Z"
"SRC8E8A727057231717","vehicle_assessment","BAT0EFEC9A5D5DA","1.0","SYNVEH40287594388","REQ4ADA226CEE4E6F93","2025-07-29T09:01:34Z","2025-07-29T10:31:34Z","ASMD56D813A988BFBDB","1","usable","method_current","ford_mustang_mach_e","crossover","2022","56722","km","88.0","percent","clean","2025-07-29T06:56:34Z","2025-07-29T08:56:34Z","2025-07-29T09:31:34Z"
"SRCE8C6881C447B3F4D","vehicle_assessment","BAT0EFEC9A5D5DA","1.0","SYNVEH53280518439","REQB26C9209B04012B3","2025-07-29T14:20:25Z","2025-07-29T14:50:25Z","ASM93B1008672BC075B","1","usable","method_current","ford_f150_lightning","pickup","2023","56859","mi","91.3","percent","average","2025-07-29T12:15:25Z","2025-07-29T14:15:25Z","2025-07-29T15:50:25Z"
"SRC52F53CBE13AF107A","vehicle_assessment","BAT0EFEC9A5D5DA","1.0","SYNVEH65207927886","REQA9C849C055ADBB3E","2025-07-29T19:39:17Z","2025-07-29T21:09:17Z","ASM8678D41CA515D4D9","1","usable","method_current","chevrolet_bolt_ev","hatchback","2024","56996","km","88.4","percent","rough","2025-07-29T17:34:17Z","2025-07-29T19:34:17Z","2025-07-29T20:09:17Z"
"SRC6EE16AB4BDF5F3BD","vehicle_assessment","BAT0EFEC9A5D5DA","1.0","SYNVEH46708071000","REQ70EE56880290E54A","2025-07-30T00:58:08Z","2025-07-30T01:28:08Z","ASM6BD97D379FDD81E1","1","usable","method_current","nissan_leaf","hatchback","2025","57133","mi","94.5","percent","clean","2025-07-29T22:53:08Z","2025-07-30T00:53:08Z","2025-07-30T02:28:08Z"
"SRC1727842BCAC225DD","vehicle_assessment","BAT0EFEC9A5D5DA","1.0","SYNVEH50939004237","REQ15C4AB9135E4F3C5","2025-07-30T06:17:00Z","2025-07-30T07:47:00Z","ASMFF60A793B3FB45BF","1","usable","method_current","tesla_model_3","sedan","2026","57270","km","90.8","percent","average","2025-07-30T04:12:00Z","2025-07-30T06:12:00Z","2025-07-30T06:47:00Z"
"SRC5454D7CAB6921803","vehicle_assessment","BAT0EFEC9A5D5DA","1.0","SYNVEH57493274223","REQC02E1A0BD2F15D84","2025-07-30T11:35:51Z","2025-07-30T12:05:51Z","ASME7EDCF56A9AAC577","1","usable","method_current","tesla_model_y","crossover","2018","57407","mi","96.3","percent","rough","2025-07-30T09:30:51Z","2025-07-30T11:30:51Z","2025-07-30T13:05:51Z"
"SRC022DE262DBE15C05","vehicle_assessment","BAT0EFEC9A5D5DA","1.0","SYNVEH43476286438","REQ8BCB738E9706D7C1","2025-07-30T16:54:42Z","2025-07-30T18:24:42Z","ASM6F6793D6AF9092D7","1","usable","method_current","hyundai_ioniq_5","crossover","2019","57544","km","92.2","percent","clean","2025-07-30T14:49:42Z","2025-07-30T16:49:42Z","2025-07-30T17:24:42Z"
"SRC4B724F616AB9ABDF","vehicle_assessment","BAT0EFEC9A5D5DA","1.0","SYNVEH99086637086","REQFC85FA898C291A99","2025-07-30T22:13:34Z","2025-07-30T22:43:34Z","ASMDEB6EEE7C9308F0F","1","usable","method_current","ford_mustang_mach_e","crossover","2020","57681","mi","96.4","percent","average","2025-07-30T20:08:34Z","2025-07-30T22:08:34Z","2025-07-30T23:43:34Z"
"SRC2DA68BDE6F320098","vehicle_assessment","BAT0EFEC9A5D5DA","1.0","SYNVEH23863525301","REQC01AAC479435F7BB","2025-07-31T03:32:25Z","2025-07-31T05:02:25Z","ASM2ED49A0DC203CEEE","1","usable","method_current","ford_f150_lightning","pickup","2021","57818","km","91.5","percent","rough","2025-07-31T01:27:25Z","2025-07-31T03:27:25Z","2025-07-31T04:02:25Z"
"SRC9F23157DAF37FEEA","vehicle_assessment","BAT0EFEC9A5D5DA","1.0","SYNVEH11830246773","REQ0C0641B2615741AD","2025-07-31T08:51:17Z","2025-07-31T09:21:17Z","ASMDC4A9833E518E0E2","1","usable","method_current","chevrolet_bolt_ev","hatchback","2022","57955","mi","91.8","percent","clean","2025-07-31T06:46:17Z","2025-07-31T08:46:17Z","2025-07-31T10:21:17Z"
"SRC628CF4F72F5674C0","vehicle_assessment","BAT0EFEC9A5D5DA","1.0","SYNVEH49474376319","REQD346DBA26B9FDC47","2025-07-31T14:10:08Z","2025-07-31T15:40:08Z","ASMB16E5D9761CB9342","1","failed","method_current","","","","","","","","","","2025-07-31T14:05:08Z","2025-07-31T14:40:08Z"
"SRC010F9E27702EADA7","vehicle_assessment","BAT0EFEC9A5D5DA","1.0","SYNVEH94631103251","REQ08FE7204DD9EDFC9","2025-07-31T19:29:00Z","2025-07-31T19:59:00Z","ASMDA887BC366E8F82E","1","failed","method_current","","","","","","","","","","2025-07-31T19:24:00Z","2025-07-31T20:59:00Z"
"SRC22F9F7B1E2033581","vehicle_assessment","BAT0EFEC9A5D5DA","1.0","SYNVEH94355236953","REQD5114B7B9EB12799","2025-08-01T00:47:51Z","2025-08-01T02:17:51Z","ASMD32BD548B3A5CA56","1","failed","method_current","","","","","","","","","","2025-08-01T00:42:51Z","2025-08-01T01:17:51Z"
"SRC30F5BB80371AD31D","vehicle_assessment","BAT0EFEC9A5D5DA","1.0","SYNVEH63096172500","REQ9611F2A3B7A29062","2025-08-01T06:06:42Z","2025-08-01T06:36:42Z","ASM7989B8EEE159EEC4","1","usable","method_current","hyundai_ioniq_5","crossover","2026","58503","mi","86.3","percent","average","2025-08-01T04:01:42Z","2025-08-01T06:01:42Z","2025-08-01T07:36:42Z"
"SRC7A91C532AFFF2B7D","vehicle_assessment","BAT0EFEC9A5D5DA","1.0","SYNVEH19739020260","REQ42735BFD2FBBE015","2025-08-01T11:25:34Z","2025-08-01T12:55:34Z","ASM677CE1E22837F498","1","usable","method_current","ford_mustang_mach_e","crossover","2018","58640","km","92.4","percent","rough","2025-08-01T09:20:34Z","2025-08-01T11:20:34Z","2025-08-01T11:55:34Z"
"SRCF14B686815FA086D","vehicle_assessment","BAT0EFEC9A5D5DA","1.0","SYNVEH16608759495","REQF6DA867AF95B6DF0","2025-08-01T16:24:30Z","2025-08-01T16:54:30Z","ASM8276DA3B5948D4E2","1","usable","method_current","ford_f150_lightning","pickup","2019","58777","mi","88.5","percent","clean","2025-08-01T14:19:30Z","2025-08-01T16:19:30Z","2025-08-01T17:54:30Z"
"SRC13E2199B09BD7CC2","vehicle_assessment","BAT0EFEC9A5D5DA","1.0","SYNVEH10191210354","REQ9BB78B485587B1CC","2025-08-01T21:03:30Z","2025-08-01T22:33:30Z","ASM4921CE2713C980B8","1","usable","method_current","chevrolet_bolt_ev","hatchback","2020","58914","km","94.0","percent","average","2025-08-01T18:58:30Z","2025-08-01T20:58:30Z","2025-08-01T21:33:30Z"
"SRC487D82C0761E084B","vehicle_assessment","BAT0EFEC9A5D5DA","1.0","SYNVEH35244401807","REQ126B231B28DED9E5","2025-08-02T01:42:30Z","2025-08-02T02:12:30Z","ASM78418B3E5C680E2E","1","usable","method_current","nissan_leaf","hatchback","2021","59051","mi","90.5","percent","rough","2025-08-01T23:37:30Z","2025-08-02T01:37:30Z","2025-08-02T03:12:30Z"
"SRCC7E5654BE7FA8177","vehicle_assessment","BAT0EFEC9A5D5DA","1.0","SYNVEH36941301295","REQACB64EFC337B7A4C","2025-08-02T06:21:30Z","2025-08-02T07:51:30Z","ASMAED44C85A391E8BD","1","usable","method_current","tesla_model_3","sedan","2022","59188","km","96.8","percent","clean","2025-08-02T04:16:30Z","2025-08-02T06:16:30Z","2025-08-02T06:51:30Z"
"SRCA519E6B05A4B1571","vehicle_assessment","BAT0EFEC9A5D5DA","1.0","SYNVEH22698414179","REQ031738B45186943B","2025-08-02T11:00:30Z","2025-08-02T11:30:30Z","ASMCF52A42E93472533","1","usable","method_current","tesla_model_y","crossover","2023","59325","mi","88.7","percent","average","2025-08-02T08:55:30Z","2025-08-02T10:55:30Z","2025-08-02T12:30:30Z"
"SRC3B244CB7DE136CE3","vehicle_assessment","BAT0EFEC9A5D5DA","1.0","SYNVEH71171187174","REQ9BCA2A2B5E97377B","2025-08-02T15:39:30Z","2025-08-02T17:09:30Z","ASMFEA4F2DF3EDE1465","1","usable","method_current","hyundai_ioniq_5","crossover","2024","59462","km","94.8","percent","rough","2025-08-02T13:34:30Z","2025-08-02T15:34:30Z","2025-08-02T16:09:30Z"
"SRCC18F531344C69C0F","vehicle_assessment","BAT0EFEC9A5D5DA","1.0","SYNVEH78219569588","REQ9060A2E0A16354B5","2025-08-02T20:18:30Z","2025-08-02T20:48:30Z","ASMBBE63D98AD2E01C9","1","usable","method_current","ford_mustang_mach_e","crossover","2025","59599","mi","91.4","percent","clean","2025-08-02T18:13:30Z","2025-08-02T20:13:30Z","2025-08-02T21:48:30Z"
"SRCF6FB5F808D08D467","vehicle_assessment","BAT0EFEC9A5D5DA","1.0","SYNVEH83971992880","REQABB8EB8A27A5C50E","2025-08-03T00:57:30Z","2025-08-03T02:27:30Z","ASM998A8A89D3F94B41","1","usable","method_current","ford_f150_lightning","pickup","2026","59736","km","93.1","percent","average","2025-08-02T22:52:30Z","2025-08-03T00:52:30Z","2025-08-03T01:27:30Z"
"SRC09E71E0B8C58E27D","vehicle_assessment","BAT0EFEC9A5D5DA","1.0","SYNVEH93676669276","REQ49B2E6273DFF2197","2025-08-03T05:36:30Z","2025-08-03T06:06:30Z","ASMD45BE0CDA4BF695C","1","usable","method_current","chevrolet_bolt_ev","hatchback","2018","59873","mi","84.2","percent","rough","2025-08-03T03:31:30Z","2025-08-03T05:31:30Z","2025-08-03T07:06:30Z"
"SRCA4B326107F5EF728","vehicle_assessment","BAT0EFEC9A5D5DA","1.0","SYNVEH60726676859","REQ3260A3CC59772193","2025-08-03T10:15:30Z","2025-08-03T11:45:30Z","ASM4079F210EBDB5630","1","usable","method_current","nissan_leaf","hatchback","2019","60010","km","95.7","percent","clean","2025-08-03T08:10:30Z","2025-08-03T10:10:30Z","2025-08-03T10:45:30Z"
"SRC3271EB93E0113074","vehicle_assessment","BAT0EFEC9A5D5DA","1.0","SYNVEH83923189324","REQFA658B940A26F6BD","2025-08-03T14:54:30Z","2025-08-03T15:24:30Z","ASM727D5764CF1734AA","1","usable","method_current","tesla_model_3","sedan","2020","60147","mi","83.0","percent","average","2025-08-03T12:49:30Z","2025-08-03T14:49:30Z","2025-08-03T16:24:30Z"
"SRC3E0EBF85F6B1A928","vehicle_assessment","BAT0EFEC9A5D5DA","1.0","SYNVEH39696366575","REQ43BCDB4E84B6D003","2025-08-03T19:33:30Z","2025-08-03T21:03:30Z","ASM909707955FFB1771","1","usable","method_current","tesla_model_y","crossover","2021","60284","km","90.3","percent","rough","2025-08-03T17:28:30Z","2025-08-03T19:28:30Z","2025-08-03T20:03:30Z"
"SRCEDA1E755E607981C","vehicle_assessment","BAT0EFEC9A5D5DA","1.0","SYNVEH49158636175","REQ8D3C3E50A68D8EDC","2025-08-04T00:12:30Z","2025-08-04T00:42:30Z","ASM6BA57B692D4AFBAF","1","usable","method_current","hyundai_ioniq_5","crossover","2022","60421","mi","94.9","percent","clean","2025-08-03T22:07:30Z","2025-08-04T00:07:30Z","2025-08-04T01:42:30Z"
"SRCFA92962C8B4CEC96","vehicle_assessment","BAT0EFEC9A5D5DA","1.0","SYNVEH62018102216","REQ3947598ADB38C55A","2025-08-04T04:51:30Z","2025-08-04T06:21:30Z","ASM67DF432B9C57986E","1","usable","method_current","ford_mustang_mach_e","crossover","2023","60558","km","96.6","percent","average","2025-08-04T02:46:30Z","2025-08-04T04:46:30Z","2025-08-04T05:21:30Z"
"SRC95E381585FB05B0C","vehicle_assessment","BAT0EFEC9A5D5DA","1.0","SYNVEH30075244079","REQ1C3531AB09BFC36A","2025-08-04T09:30:30Z","2025-08-04T10:00:30Z","ASM77C1F8E2E570F7AD","1","usable","method_current","ford_f150_lightning","pickup","2024","60695","mi","92.0","percent","rough","2025-08-04T07:25:30Z","2025-08-04T09:25:30Z","2025-08-04T11:00:30Z"
"SRC266894170312B462","vehicle_assessment","BAT0EFEC9A5D5DA","1.0","SYNVEH01787221090","REQC5C1402BDD8575B3","2025-08-04T14:09:30Z","2025-08-04T15:39:30Z","ASMBBDCC498CF9A4580","1","usable","method_current","chevrolet_bolt_ev","hatchback","2025","60832","km","94.9","percent","clean","2025-08-04T12:04:30Z","2025-08-04T14:04:30Z","2025-08-04T14:39:30Z"
"SRC78518789F4C37F7D","vehicle_assessment","BAT0EFEC9A5D5DA","1.0","SYNVEH45287086895","REQ450D8FE85F8EF7CB","2025-08-04T18:48:30Z","2025-08-04T19:18:30Z","ASMA56E8A99853D1788","1","usable","method_current","nissan_leaf","hatchback","2026","60969","mi","93.4","percent","average","2025-08-04T16:43:30Z","2025-08-04T18:43:30Z","2025-08-04T20:18:30Z"
"SRCCCD3AF2A018AE6CA","vehicle_assessment","BAT0EFEC9A5D5DA","1.0","SYNVEH41366567159","REQ7ADFA8FF51B61A4B","2025-08-04T23:27:30Z","2025-08-05T00:57:30Z","ASM31023AA6BF51442D","1","usable","method_current","tesla_model_3","sedan","2018","61106","km","93.7","percent","rough","2025-08-04T21:22:30Z","2025-08-04T23:22:30Z","2025-08-04T23:57:30Z"
"SRC2D85344755A20CC2","vehicle_assessment","BAT0EFEC9A5D5DA","1.0","SYNVEH49394480959","REQB2F9830D7F791B67","2025-08-05T04:06:30Z","2025-08-05T04:36:30Z","ASMBC9E864B09A37FC6","1","usable","method_current","tesla_model_y","crossover","2019","61243","mi","92.1","percent","clean","2025-08-05T02:01:30Z","2025-08-05T04:01:30Z","2025-08-05T05:36:30Z"
"SRCF2573A8F0A843920","vehicle_assessment","BAT0EFEC9A5D5DA","1.0","SYNVEH15301390006","REQ8C10E369217B99A1","2025-08-05T08:45:30Z","2025-08-05T10:15:30Z","ASM621DCF61A4399A02","1","usable","method_current","hyundai_ioniq_5","crossover","2020","61380","km","96.8","percent","average","2025-08-05T06:40:30Z","2025-08-05T08:40:30Z","2025-08-05T09:15:30Z"
"SRCBF6A3DAB8F5E5339","vehicle_assessment","BAT0EFEC9A5D5DA","1.0","SYNVEH77009510311","REQAFE3FB02F57FAD74","2025-08-05T13:24:30Z","2025-08-05T13:54:30Z","ASM0F99F61A5F490FD0","1","usable","method_current","ford_mustang_mach_e","crossover","2021","61517","mi","94.7","percent","rough","2025-08-05T11:19:30Z","2025-08-05T13:19:30Z","2025-08-05T14:54:30Z"
"SRCB3255820D75C8AF4","vehicle_assessment","BAT0EFEC9A5D5DA","1.0","SYNVEH55722037180","REQ9E62AA5C487C4640","2025-08-05T18:03:30Z","2025-08-05T19:33:30Z","ASM16FCD42CFD62AB42","1","usable","method_current","ford_f150_lightning","pickup","2022","61654","km","92.6","percent","clean","2025-08-05T15:58:30Z","2025-08-05T17:58:30Z","2025-08-05T18:33:30Z"
"SRC59CBC85617554704","vehicle_assessment","BAT0EFEC9A5D5DA","1.0","SYNVEH23897222642","REQD6B6D0E18FDC8C1E","2025-08-05T22:42:30Z","2025-08-05T23:12:30Z","ASMBA946929275EA4F8","1","usable","method_current","chevrolet_bolt_ev","hatchback","2023","61791","mi","90.1","percent","average","2025-08-05T20:37:30Z","2025-08-05T22:37:30Z","2025-08-06T00:12:30Z"
"SRC1A3CEC0474D67114","vehicle_assessment","BAT0EFEC9A5D5DA","1.0","SYNVEH70694167865","REQCAE70272BE38DDBF","2025-08-06T03:21:30Z","2025-08-06T04:51:30Z","ASM45CC1D9CA16AEE1B","1","usable","method_current","nissan_leaf","hatchback","2024","61928","km","89.2","percent","rough","2025-08-06T01:16:30Z","2025-08-06T03:16:30Z","2025-08-06T03:51:30Z"
"SRC1E54C5F63226B449","vehicle_assessment","BAT0EFEC9A5D5DA","1.0","SYNVEH74606539782","REQD8E6ED2474BCE318","2025-08-06T08:00:30Z","2025-08-06T08:30:30Z","ASMB17DF727152088A7","1","usable","method_current","tesla_model_3","sedan","2025","62065","mi","95.9","percent","clean","2025-08-06T05:55:30Z","2025-08-06T07:55:30Z","2025-08-06T09:30:30Z"
"SRC7B60B9A60DE049F3","vehicle_assessment","BAT0EFEC9A5D5DA","1.0","SYNVEH13713028230","REQ029D052A6373032D","2025-08-06T12:39:30Z","2025-08-06T14:09:30Z","ASMF2DC9C3D207CABA8","1","usable","method_current","tesla_model_y","crossover","2026","62202","km","90.8","percent","average","2025-08-06T10:34:30Z","2025-08-06T12:34:30Z","2025-08-06T13:09:30Z"
"SRC73658C6D41A04B83","vehicle_assessment","BAT0EFEC9A5D5DA","1.0","SYNVEH44080258895","REQ6B3EBB597D04BC6E","2025-08-06T17:18:30Z","2025-08-06T17:48:30Z","ASM89CB07CB7CF7BB3E","1","usable","method_current","hyundai_ioniq_5","crossover","2018","62339","mi","84.8","percent","rough","2025-08-06T15:13:30Z","2025-08-06T17:13:30Z","2025-08-06T18:48:30Z"
"SRCF47D49017CBD956B","vehicle_assessment","BAT0EFEC9A5D5DA","1.0","SYNVEH60537092705","REQ27B87142F57E3705","2025-08-06T21:57:30Z","2025-08-06T23:27:30Z","ASM7621A451B66CC1ED","1","usable","method_current","ford_mustang_mach_e","crossover","2019","62476","km","91.0","percent","clean","2025-08-06T19:52:30Z","2025-08-06T21:52:30Z","2025-08-06T22:27:30Z"
"SRC82FF51C068C8F190","vehicle_assessment","BAT0EFEC9A5D5DA","1.0","SYNVEH67126175697","REQ11394B90D28845A3","2025-08-07T02:36:30Z","2025-08-07T03:06:30Z","ASM36A5F760AB17AF6E","1","usable","method_current","ford_f150_lightning","pickup","2020","62613","mi","92.2","percent","average","2025-08-07T00:31:30Z","2025-08-07T02:31:30Z","2025-08-07T04:06:30Z"
"SRC31C0D9B5E57900A6","vehicle_assessment","BAT0EFEC9A5D5DA","1.0","SYNVEH89973056010","REQD802F0BDA3A2480F","2025-08-07T07:15:30Z","2025-08-07T08:45:30Z","ASMEE060924265C4A66","1","usable","method_current","chevrolet_bolt_ev","hatchback","2021","62750","km","85.9","percent","rough","2025-08-07T05:10:30Z","2025-08-07T07:10:30Z","2025-08-07T07:45:30Z"
"SRC0681987CE974A282","vehicle_assessment","BAT0EFEC9A5D5DA","1.0","SYNVEH28451145217","REQ6E9970509E27E408","2025-08-07T11:54:30Z","2025-08-07T12:24:30Z","ASM3E42F63CDD1D1853","1","usable","method_current","nissan_leaf","hatchback","2022","62887","mi","96.6","percent","clean","2025-08-07T09:49:30Z","2025-08-07T11:49:30Z","2025-08-07T13:24:30Z"
"SRC25347EE620533D5E","vehicle_assessment","BAT0EFEC9A5D5DA","1.0","SYNVEH85791624269","REQ94DF088B2C8BD092","2025-08-07T16:33:30Z","2025-08-07T18:03:30Z","ASM6B5D7266160FB9F9","1","usable","method_current","tesla_model_3","sedan","2023","63024","km","88.3","percent","average","2025-08-07T14:28:30Z","2025-08-07T16:28:30Z","2025-08-07T17:03:30Z"
"SRC967AECC198FE8B0B","vehicle_assessment","BAT0EFEC9A5D5DA","1.0","SYNVEH78225276176","REQ418A09539F12E88E","2025-08-07T21:12:30Z","2025-08-07T21:42:30Z","ASM60676C4441D2C0A5","1","usable","method_current","tesla_model_y","crossover","2024","63161","mi","90.8","percent","rough","2025-08-07T19:07:30Z","2025-08-07T21:07:30Z","2025-08-07T22:42:30Z"
"SRCF530CDB0B766904E","vehicle_assessment","BAT0EFEC9A5D5DA","1.0","SYNVEH76772922016","REQ61B0F296078788C0","2025-08-08T01:51:30Z","2025-08-08T03:21:30Z","ASM61406EB029185AB9","1","usable","method_current","hyundai_ioniq_5","crossover","2025","63298","km","91.1","percent","clean","2025-08-07T23:46:30Z","2025-08-08T01:46:30Z","2025-08-08T02:21:30Z"
"SRC7B61B950ECAD78B1","vehicle_assessment","BAT0EFEC9A5D5DA","1.0","SYNVEH28122511984","REQ0AE45260AF9EBB8B","2025-08-08T06:30:30Z","2025-08-08T07:00:30Z","ASM8BF5DF6FEA68003A","1","usable","method_current","ford_mustang_mach_e","crossover","2026","63435","mi","89.3","percent","average","2025-08-08T04:25:30Z","2025-08-08T06:25:30Z","2025-08-08T08:00:30Z"
"SRC16AC45FBB3861C4E","vehicle_assessment","BAT0EFEC9A5D5DA","1.0","SYNVEH46542790026","REQ2E1F4722DCABEA05","2025-08-08T11:09:30Z","2025-08-08T12:39:30Z","ASM3A34184B3D91F1B2","1","usable","method_current","ford_f150_lightning","pickup","2018","63572","km","91.7","percent","rough","2025-08-08T09:04:30Z","2025-08-08T11:04:30Z","2025-08-08T11:39:30Z"
"SRCA6E77E8251F4C7D6","vehicle_assessment","BAT0EFEC9A5D5DA","1.0","SYNVEH78758683759","REQ8C36AA225799EC70","2025-08-08T15:48:30Z","2025-08-08T16:18:30Z","ASM897DEF3A6A00F9A2","1","usable","method_current","chevrolet_bolt_ev","hatchback","2019","63709","mi","87.1","percent","clean","2025-08-08T13:43:30Z","2025-08-08T15:43:30Z","2025-08-08T17:18:30Z"
"SRC7A422F5EDAE50805","vehicle_assessment","BAT0EFEC9A5D5DA","1.0","SYNVEH03125981643","REQ829320821AAF6332","2025-08-08T20:27:30Z","2025-08-08T21:57:30Z","ASM377D1AB88A6B21E1","1","usable","method_current","nissan_leaf","hatchback","2020","63846","km","87.3","percent","average","2025-08-08T18:22:30Z","2025-08-08T20:22:30Z","2025-08-08T20:57:30Z"
"SRCB42BD3BBBA098EAF","vehicle_assessment","BAT0EFEC9A5D5DA","1.0","SYNVEH65291262315","REQD52C7D4C6FCC7B10","2025-08-09T01:06:30Z","2025-08-09T01:36:30Z","ASM1136FBCD34DF8AED","1","usable","method_current","tesla_model_3","sedan","2021","63983","mi","87.4","percent","rough","2025-08-08T23:01:30Z","2025-08-09T01:01:30Z","2025-08-09T02:36:30Z"
"SRCAF572AC783312EBE","vehicle_assessment","BAT0EFEC9A5D5DA","1.0","SYNVEH90679239909","REQ708338CD013E05ED","2025-08-09T05:45:30Z","2025-08-09T07:15:30Z","ASM0ABD35C836E1D2C0","1","usable","method_current","tesla_model_y","crossover","2022","64120","km","91.5","percent","clean","2025-08-09T03:40:30Z","2025-08-09T05:40:30Z","2025-08-09T06:15:30Z"
"SRC54D653C65245682B","vehicle_assessment","BAT0EFEC9A5D5DA","1.0","SYNVEH48727444292","REQ5262B4E23F106073","2025-08-09T10:24:30Z","2025-08-09T10:54:30Z","ASM68C232433FB99D1A","1","usable","method_current","hyundai_ioniq_5","crossover","2023","64257","mi","87.3","percent","average","2025-08-09T08:19:30Z","2025-08-09T10:19:30Z","2025-08-09T11:54:30Z"
"SRC508CA3D947847D15","vehicle_assessment","BAT0EFEC9A5D5DA","1.0","SYNVEH23349185705","REQ7F9FAEFFC7AF6E52","2025-08-09T15:03:30Z","2025-08-09T16:33:30Z","ASM0B616DFE0130FCC8","1","usable","method_current","ford_mustang_mach_e","crossover","2024","64394","km","93.0","percent","rough","2025-08-09T12:58:30Z","2025-08-09T14:58:30Z","2025-08-09T15:33:30Z"
"SRC1CDE536438A9518A","vehicle_assessment","BAT0EFEC9A5D5DA","1.0","SYNVEH43725304089","REQE5981562CD40B536","2025-08-09T19:42:30Z","2025-08-09T20:12:30Z","ASM833BE0370014B5F1","1","usable","method_current","ford_f150_lightning","pickup","2025","64531","mi","93.2","percent","clean","2025-08-09T17:37:30Z","2025-08-09T19:37:30Z","2025-08-09T21:12:30Z"
"SRCD71E81E4516CE201","vehicle_assessment","BAT0EFEC9A5D5DA","1.0","SYNVEH84269433261","REQBA4A3C9C484ACDAC","2025-08-10T00:21:30Z","2025-08-10T01:51:30Z","ASM22CC4BDE21F24EF5","1","usable","method_current","chevrolet_bolt_ev","hatchback","2026","64668","km","84.4","percent","average","2025-08-09T22:16:30Z","2025-08-10T00:16:30Z","2025-08-10T00:51:30Z"
"SRC8189B0A6AB40EDBE","vehicle_assessment","BAT0EFEC9A5D5DA","1.0","SYNVEH71857422296","REQE837100B5F4C0E71","2025-08-10T05:00:30Z","2025-08-10T05:30:30Z","ASMFD6693BD03EA50D1","1","usable","method_current","nissan_leaf","hatchback","2018","64805","mi","84.8","percent","rough","2025-08-10T02:55:30Z","2025-08-10T04:55:30Z","2025-08-10T06:30:30Z"
"SRCC2CB14EF61E59FB2","vehicle_assessment","BAT0EFEC9A5D5DA","1.0","SYNVEH69396387654","REQEDFAA39657C6E4DC","2025-08-10T09:39:30Z","2025-08-10T11:09:30Z","ASM60F5AE49F6F5D8B8","1","usable","method_current","tesla_model_3","sedan","2019","64942","km","90.5","percent","clean","2025-08-10T07:34:30Z","2025-08-10T09:34:30Z","2025-08-10T10:09:30Z"
"SRC83DEF12BF7C3ED0C","vehicle_assessment","BAT0EFEC9A5D5DA","1.0","SYNVEH18365331245","REQAC04223C92D0C2B2","2025-08-10T14:18:30Z","2025-08-10T14:48:30Z","ASM0968CA5543542CF9","1","usable","method_current","tesla_model_y","crossover","2020","65079","mi","96.0","percent","average","2025-08-10T12:13:30Z","2025-08-10T14:13:30Z","2025-08-10T15:48:30Z"
"SRC637AC254F232E4EE","vehicle_assessment","BAT0EFEC9A5D5DA","1.0","SYNVEH13150819446","REQF301F592B7A9AA39","2025-08-10T18:57:30Z","2025-08-10T20:27:30Z","ASM891ED78978EA9E96","1","usable","method_current","hyundai_ioniq_5","crossover","2021","65216","km","84.8","percent","rough","2025-08-10T16:52:30Z","2025-08-10T18:52:30Z","2025-08-10T19:27:30Z"
"SRCAE168404B09B5F52","vehicle_assessment","BAT0EFEC9A5D5DA","1.0","SYNVEH50953463579","REQ082FF95F9B6D6DD6","2025-08-10T23:36:30Z","2025-08-11T00:06:30Z","ASME1A4D49435456F1F","1","usable","method_current","ford_mustang_mach_e","crossover","2022","65353","mi","96.4","percent","clean","2025-08-10T21:31:30Z","2025-08-10T23:31:30Z","2025-08-11T01:06:30Z"
"SRCD38B73A5073D28D3","vehicle_assessment","BAT0EFEC9A5D5DA","1.0","SYNVEH44283449037","REQ9B367B5652DD6598","2025-08-11T04:15:30Z","2025-08-11T05:45:30Z","ASM6818224B5FD4D95E","1","usable","method_current","ford_f150_lightning","pickup","2023","65490","km","84.9","percent","average","2025-08-11T02:10:30Z","2025-08-11T04:10:30Z","2025-08-11T04:45:30Z"
"SRC640B2AD54A6692BC","vehicle_assessment","BAT0EFEC9A5D5DA","1.0","SYNVEH68706896729","REQ6A7490AB2FE54F4B","2025-08-11T08:54:30Z","2025-08-11T09:24:30Z","ASM98437B8C928865A5","1","usable","method_current","chevrolet_bolt_ev","hatchback","2024","65627","mi","97.5","percent","rough","2025-08-11T06:49:30Z","2025-08-11T08:49:30Z","2025-08-11T10:24:30Z"
"SRC5CC1A2B36CF40A17","vehicle_assessment","BAT0EFEC9A5D5DA","1.0","SYNVEH03733223134","REQ9223C76BE693DAE9","2025-08-11T13:33:30Z","2025-08-11T15:03:30Z","ASM8856238F3ED26163","1","usable","method_current","nissan_leaf","hatchback","2025","65764","km","89.0","percent","clean","2025-08-11T11:28:30Z","2025-08-11T13:28:30Z","2025-08-11T14:03:30Z"
"SRC1F7EA912AF002F2E","vehicle_assessment","BAT0EFEC9A5D5DA","1.0","SYNVEH12030121573","REQCD8CC14D1A5253A5","2025-08-11T18:12:30Z","2025-08-11T18:42:30Z","ASM2D0D1367ADF0E874","1","usable","method_current","tesla_model_3","sedan","2026","65901","mi","88.8","percent","average","2025-08-11T16:07:30Z","2025-08-11T18:07:30Z","2025-08-11T19:42:30Z"
"SRC4E87E24BDA11119D","vehicle_assessment","BAT0EFEC9A5D5DA","1.0","SYNVEH50350774985","REQ7044FE134C4AB594","2025-08-11T22:51:30Z","2025-08-12T00:21:30Z","ASMD66B36DC57EA7077","1","usable","method_current","tesla_model_y","crossover","2018","66038","km","86.8","percent","rough","2025-08-11T20:46:30Z","2025-08-11T22:46:30Z","2025-08-11T23:21:30Z"
"SRC3D89289F85CBA6AD","vehicle_assessment","BAT0EFEC9A5D5DA","1.0","SYNVEH16250764578","REQ86BB97EC4BE2A80E","2025-08-12T03:30:30Z","2025-08-12T04:00:30Z","ASMD3F579F676C340A9","1","usable","method_current","hyundai_ioniq_5","crossover","2019","66175","mi","96.4","percent","clean","2025-08-12T01:25:30Z","2025-08-12T03:25:30Z","2025-08-12T05:00:30Z"
"SRC2FF20189F0E2CEBA","vehicle_assessment","BAT0EFEC9A5D5DA","1.0","SYNVEH84758501674","REQF613ABEF44499C23","2025-08-12T08:09:30Z","2025-08-12T09:39:30Z","ASM35C73FEFA07A136E","1","usable","method_current","ford_mustang_mach_e","crossover","2020","66312","km","92.1","percent","average","2025-08-12T06:04:30Z","2025-08-12T08:04:30Z","2025-08-12T08:39:30Z"
"SRC4C95ED5303A8C6E5","vehicle_assessment","BAT0EFEC9A5D5DA","1.0","SYNVEH45906103986","REQ6C707B6AE4C175DE","2025-08-12T12:48:30Z","2025-08-12T13:18:30Z","ASM2401B82FF45DD650","1","usable","method_current","ford_f150_lightning","pickup","2021","66449","mi","84.2","percent","rough","2025-08-12T10:43:30Z","2025-08-12T12:43:30Z","2025-08-12T14:18:30Z"
"SRC0871E0ADCF5B5058","vehicle_assessment","BAT0EFEC9A5D5DA","1.0","SYNVEH35913126544","REQ5C2BAC101D1D4128","2025-08-12T17:27:30Z","2025-08-12T18:57:30Z","ASM3D9A6CCA17763289","1","usable","method_current","chevrolet_bolt_ev","hatchback","2022","66586","km","84.1","percent","clean","2025-08-12T15:22:30Z","2025-08-12T17:22:30Z","2025-08-12T17:57:30Z"
"SRCB4EA20062D47620A","vehicle_assessment","BAT0EFEC9A5D5DA","1.0","SYNVEH37372814329","REQ2D466EEC2BD92932","2025-08-12T22:06:30Z","2025-08-12T22:36:30Z","ASM5D0299BC63E99C3E","1","usable","method_current","nissan_leaf","hatchback","2023","66723","mi","97.2","percent","average","2025-08-12T20:01:30Z","2025-08-12T22:01:30Z","2025-08-12T23:36:30Z"
"SRCC45692737BE85694","vehicle_assessment","BAT0EFEC9A5D5DA","1.0","SYNVEH91109043488","REQ950E22921F905DC4","2025-08-13T02:45:30Z","2025-08-13T04:15:30Z","ASM62C6DD9FD09B4A6C","1","usable","method_current","tesla_model_3","sedan","2024","66860","km","82.9","percent","rough","2025-08-13T00:40:30Z","2025-08-13T02:40:30Z","2025-08-13T03:15:30Z"
"SRC2D0A6AAA87385E46","vehicle_assessment","BAT0EFEC9A5D5DA","1.0","SYNVEH63543551551","REQ6104B0A7518BB53D","2025-08-13T07:24:30Z","2025-08-13T07:54:30Z","ASM60F92F4FD1F2D9B0","1","usable","method_current","tesla_model_y","crossover","2025","66997","mi","82.1","percent","clean","2025-08-13T05:19:30Z","2025-08-13T07:19:30Z","2025-08-13T08:54:30Z"
"SRC95BE7759EE1DBB00","vehicle_assessment","BAT0EFEC9A5D5DA","1.0","SYNVEH18781117115","REQ1F09A55CB0A5D407","2025-08-13T12:03:30Z","2025-08-13T13:33:30Z","ASM0B6C56FE77EFD385","1","usable","method_current","hyundai_ioniq_5","crossover","2026","67134","km","94.0","percent","average","2025-08-13T09:58:30Z","2025-08-13T11:58:30Z","2025-08-13T12:33:30Z"
"SRC9EA7EAF4D890412D","vehicle_assessment","BAT0EFEC9A5D5DA","1.0","SYNVEH04249957509","REQA44E0852083E4B2B","2025-08-13T16:42:30Z","2025-08-13T17:12:30Z","ASM259F8976F6E7D907","1","usable","method_current","ford_mustang_mach_e","crossover","2018","67271","mi","94.2","percent","rough","2025-08-13T14:37:30Z","2025-08-13T16:37:30Z","2025-08-13T18:12:30Z"
"SRC50C2D84069B5D087","vehicle_assessment","BAT0EFEC9A5D5DA","1.0","SYNVEH49061614479","REQEC85C08BBA92E1F0","2025-08-13T21:21:30Z","2025-08-13T22:51:30Z","ASMC363746BFEBCBE2A","1","usable","method_current","ford_f150_lightning","pickup","2019","67408","km","95.3","percent","clean","2025-08-13T19:16:30Z","2025-08-13T21:16:30Z","2025-08-13T21:51:30Z"
"SRC18BEFE3055451A66","vehicle_assessment","BAT0EFEC9A5D5DA","1.0","SYNVEH43631634785","REQD9A7B944FBD739EF","2025-08-14T02:00:30Z","2025-08-14T02:30:30Z","ASMA9528CADC1032893","1","usable","method_current","chevrolet_bolt_ev","hatchback","2020","67545","mi","89.2","percent","average","2025-08-13T23:55:30Z","2025-08-14T01:55:30Z","2025-08-14T03:30:30Z"
"SRCA7D1FA4962294915","vehicle_assessment","BAT0EFEC9A5D5DA","1.0","SYNVEH44378494814","REQ028EBF3C4A4EFBE9","2025-08-14T06:39:30Z","2025-08-14T08:09:30Z","ASMD0628252ADC4A539","1","usable","method_current","nissan_leaf","hatchback","2021","67682","km","94.5","percent","rough","2025-08-14T04:34:30Z","2025-08-14T06:34:30Z","2025-08-14T07:09:30Z"
"SRC8688469C20EBBEDE","vehicle_assessment","BAT0EFEC9A5D5DA","1.0","SYNVEH70170668373","REQ78F0FFA34EAC3D07","2025-08-14T11:18:30Z","2025-08-14T11:48:30Z","ASM4701084F0F1CDBEB","1","usable","method_current","tesla_model_3","sedan","2022","67819","mi","91.1","percent","clean","2025-08-14T09:13:30Z","2025-08-14T11:13:30Z","2025-08-14T12:48:30Z"
"SRC9B7F1683334B2E0D","vehicle_assessment","BAT0EFEC9A5D5DA","1.0","SYNVEH35807354223","REQ01BF8A0B4B3455EB","2025-08-14T15:57:30Z","2025-08-14T17:27:30Z","ASMCA65AE6F7BAE76B0","1","usable","method_current","tesla_model_y","crossover","2023","67956","km","82.0","percent","average","2025-08-14T13:52:30Z","2025-08-14T15:52:30Z","2025-08-14T16:27:30Z"
"SRCD99526BC1CEE16CC","vehicle_assessment","BAT0EFEC9A5D5DA","1.0","SYNVEH25536829882","REQC56E7DDC7C5F11A3","2025-08-15T15:12:30Z","2025-08-16T15:12:30Z","ASMF431260092351065","1","failed","method_current","","","","","","","","","","2025-08-15T15:07:30Z","2025-08-17T03:12:30Z"
"SRC14C2170EC904635C","vehicle_assessment","BAT0EFEC9A5D5DA","1.0","SYNVEH74045627112","REQD8B7E0DC3FB7BAB6","2025-08-16T00:30:30Z","2025-08-17T00:30:30Z","ASM58B98690D3F09057","1","failed","method_current","","","","","","","","","","2025-08-16T00:25:30Z","2025-08-17T12:30:30Z"
"SRC8E335CE2C0FDB621","vehicle_assessment","BAT0EFEC9A5D5DA","1.0","SYNVEH37582565325","REQC5963383FD420F73","2025-08-15T19:51:30Z","2025-08-17T07:51:30Z","ASM20D114D135210626","1","failed","method_current","","","","","","","","","","2025-08-15T19:46:30Z","2025-08-16T19:51:30Z"
"SRC994953EE29DF8CB7","vehicle_assessment","BAT0EFEC9A5D5DA","1.0","SYNVEH25344648498","REQ1C1F830A599ECC33","2025-08-16T09:48:30Z","2025-08-17T09:48:30Z","ASMC8E226B40349A4F0","1","usable","method_current","ford_mustang_mach_e","crossover","2023","69189","mi","81.6","percent","average","2025-08-16T07:43:30Z","2025-08-16T09:43:30Z","2025-08-17T21:48:30Z"
"SRCCA208DD5DA9CF913","vehicle_assessment","BAT0EFEC9A5D5DA","1.0","SYNVEH91431786407","REQ27EFCD55397ABD55","2025-08-16T05:09:30Z","2025-08-17T17:09:30Z","ASME85D1C51E4228AF6","1","failed","method_current","","","","","","","","","","2025-08-16T05:04:30Z","2025-08-17T05:09:30Z"
"SRCC9FCE5A5048FC76C","vehicle_assessment","BAT0EFEC9A5D5DA","1.0","SYNVEH47780862318","REQ6FC74EEEA92A399B","2025-08-16T19:06:30Z","2025-08-17T19:06:30Z","ASMEF3F5E1CDCB5D572","1","usable","method_current","chevrolet_bolt_ev","hatchback","2025","69463","mi","91.5","percent","clean","2025-08-16T17:01:30Z","2025-08-16T19:01:30Z","2025-08-18T07:06:30Z"
"SRC230ED3948E78B0A0","vehicle_assessment","BAT0EFEC9A5D5DA","1.0","SYNVEH48308296890","REQEF0C9CFFAF2FD98B","2025-08-16T14:27:30Z","2025-08-18T02:27:30Z","ASM80158301C90F32C9","1","usable","method_current","ford_f150_lightning","pickup","2024","69326","km","94.0","percent","rough","2025-08-16T12:22:30Z","2025-08-16T14:22:30Z","2025-08-17T14:27:30Z"
"SRC3707ADD1FDAA8E68","vehicle_assessment","BAT0EFEC9A5D5DA","1.0","SYNVEH17950965184","REQ5C906ED2FB847C64","2025-08-17T04:24:30Z","2025-08-18T04:24:30Z","ASM316E0EF9947F549B","1","usable","method_current","tesla_model_3","sedan","2018","69737","mi","94.2","percent","rough","2025-08-17T02:19:30Z","2025-08-17T04:19:30Z","2025-08-18T16:24:30Z"
"SRC92FB3F6FC442E78B","vehicle_assessment","BAT0EFEC9A5D5DA","1.0","SYNVEH67031118295","REQ8F30AFB7801AB995","2025-08-16T23:45:30Z","2025-08-18T11:45:30Z","ASMB16BD1E09F86AB3F","1","usable","method_current","nissan_leaf","hatchback","2026","69600","km","89.4","percent","average","2025-08-16T21:40:30Z","2025-08-16T23:40:30Z","2025-08-17T23:45:30Z"
"SRC94D16388C11B97FC","vehicle_assessment","BAT0EFEC9A5D5DA","1.0","SYNVEH86775264571","REQ050CF5C2638266C4","2025-08-17T13:42:30Z","2025-08-18T13:42:30Z","ASM54F4BCF1BC7C8B71","1","usable","method_current","hyundai_ioniq_5","crossover","2020","15011","mi","91.6","percent","average","2025-08-17T11:37:30Z","2025-08-17T13:37:30Z","2025-08-19T01:42:30Z"
"SRC3E48D272C86F62FA","vehicle_assessment","BAT0EFEC9A5D5DA","1.0","SYNVEH50856555703","REQEFAD8337562E0E11","2025-08-17T09:03:30Z","2025-08-18T21:03:30Z","ASM4F0BA76B53A09596","1","usable","method_current","tesla_model_y","crossover","2019","69874","km","91.1","percent","clean","2025-08-17T06:58:30Z","2025-08-17T08:58:30Z","2025-08-18T09:03:30Z"
"SRC34EFAE8C53050046","vehicle_assessment","BAT0EFEC9A5D5DA","1.0","SYNVEH33802121819","REQ05655DB7A68419F0","2025-08-17T23:00:30Z","2025-08-18T23:00:30Z","ASMB97089E71E3F64C6","1","usable","method_current","ford_f150_lightning","pickup","2022","15285","mi","94.2","percent","clean","2025-08-17T20:55:30Z","2025-08-17T22:55:30Z","2025-08-19T11:00:30Z"
"SRC2DEB5005570753BD","vehicle_assessment","BAT0EFEC9A5D5DA","1.0","SYNVEH29813696863","REQE2D3121DE50522AA","2025-08-17T18:21:30Z","2025-08-19T06:21:30Z","ASM5B863C87711463A4","1","usable","method_current","ford_mustang_mach_e","crossover","2021","15148","km","87.8","percent","rough","2025-08-17T16:16:30Z","2025-08-17T18:16:30Z","2025-08-18T18:21:30Z"
"SRC5AC7953658B19030","vehicle_assessment","BAT0EFEC9A5D5DA","1.0","SYNVEH91236417771","REQ6E8845B999D24DF7","2025-08-18T08:18:30Z","2025-08-19T08:18:30Z","ASM943EEF0F27DC1FC9","1","usable","method_current","nissan_leaf","hatchback","2024","15559","mi","89.8","percent","rough","2025-08-18T06:13:30Z","2025-08-18T08:13:30Z","2025-08-19T20:18:30Z"
"SRC106ADAAD1A172EDD","vehicle_assessment","BAT0EFEC9A5D5DA","1.0","SYNVEH71753295109","REQ9BD146EB218844F0","2025-08-18T03:39:30Z","2025-08-19T15:39:30Z","ASMFA775DE892A09078","1","usable","method_current","chevrolet_bolt_ev","hatchback","2023","15422","km","84.6","percent","average","2025-08-18T01:34:30Z","2025-08-18T03:34:30Z","2025-08-19T03:39:30Z"
"SRCBF17A2701983E3D1","vehicle_assessment","BAT0EFEC9A5D5DA","1.0","SYNVEH27255908073","REQB1D4FC1E680368C5","2025-08-18T17:36:30Z","2025-08-19T17:36:30Z","ASMA03DDCF0FE75D313","1","usable","method_current","tesla_model_y","crossover","2026","15833","mi","95.1","percent","average","2025-08-18T15:31:30Z","2025-08-18T17:31:30Z","2025-08-20T05:36:30Z"
"SRC9B6351B80F2BD812","vehicle_assessment","BAT0EFEC9A5D5DA","1.0","SYNVEH67532304720","REQ7DFC099D564DEC55","2025-08-18T12:57:30Z","2025-08-20T00:57:30Z","ASMDAAD871B3383BFA4","1","usable","method_current","tesla_model_3","sedan","2025","15696","km","86.5","percent","clean","2025-08-18T10:52:30Z","2025-08-18T12:52:30Z","2025-08-19T12:57:30Z"
"SRCA806C6110C84BA37","vehicle_assessment","BAT0EFEC9A5D5DA","1.0","SYNVEH11460925249","REQ41DCAE48CEBE1A07","2025-08-19T02:54:30Z","2025-08-20T02:54:30Z","ASMD96BA71EB7263342","1","usable","method_current","ford_mustang_mach_e","crossover","2019","16107","mi","92.4","percent","clean","2025-08-19T00:49:30Z","2025-08-19T02:49:30Z","2025-08-20T14:54:30Z"
"SRC92560AF23E70A9F2","vehicle_assessment","BAT0EFEC9A5D5DA","1.0","SYNVEH41674640029","REQ995716808B35C399","2025-08-18T22:15:30Z","2025-08-20T10:15:30Z","ASM752B39277CAA3507","1","usable","method_current","hyundai_ioniq_5","crossover","2018","15970","km","91.5","percent","rough","2025-08-18T20:10:30Z","2025-08-18T22:10:30Z","2025-08-19T22:15:30Z"
"SRCF2668CEF9B51BD60","vehicle_assessment","BAT0EFEC9A5D5DA","1.0","SYNVEH82563892074","REQ89DD586FB194DA71","2025-08-19T12:12:30Z","2025-08-20T12:12:30Z","ASM068C9849A95CDF5B","1","usable","method_current","chevrolet_bolt_ev","hatchback","2021","16381","mi","91.0","percent","rough","2025-08-19T10:07:30Z","2025-08-19T12:07:30Z","2025-08-21T00:12:30Z"
"SRCA0E947FDCF29C67B","vehicle_assessment","BAT0EFEC9A5D5DA","1.0","SYNVEH25129569805","REQ933D2249BB67E82A","2025-08-19T07:33:30Z","2025-08-20T19:33:30Z","ASM9EA73B85C5F7B3A1","1","usable","method_current","ford_f150_lightning","pickup","2020","16244","km","83.8","percent","average","2025-08-19T05:28:30Z","2025-08-19T07:28:30Z","2025-08-20T07:33:30Z"
"SRC8E3E1D8B396F6A04","vehicle_assessment","BAT0EFEC9A5D5DA","1.0","SYNVEH36393581126","REQ7D13A6A0ED7077D9","2025-08-19T21:30:30Z","2025-08-20T21:30:30Z","ASM6674D01764FCBE82","1","usable","method_current","tesla_model_3","sedan","2023","16655","mi","93.0","percent","average","2025-08-19T19:25:30Z","2025-08-19T21:25:30Z","2025-08-21T09:30:30Z"
"SRCCE6569BA75489134","vehicle_assessment","BAT0EFEC9A5D5DA","1.0","SYNVEH86923409736","REQF5E05D78F765BF3E","2025-08-19T16:51:30Z","2025-08-21T04:51:30Z","ASMF8ECC3BD6D7ECBE4","1","usable","method_current","nissan_leaf","hatchback","2022","16518","km","96.5","percent","clean","2025-08-19T14:46:30Z","2025-08-19T16:46:30Z","2025-08-20T16:51:30Z"
"SRC0BD85D5D60C57D69","vehicle_assessment","BAT0EFEC9A5D5DA","1.0","SYNVEH33875003081","REQ13E3E86C37479FE4","2025-08-20T06:48:30Z","2025-08-21T06:48:30Z","ASMAA1B2B98D21B2522","1","usable","method_current","hyundai_ioniq_5","crossover","2025","16929","mi","88.5","percent","clean","2025-08-20T04:43:30Z","2025-08-20T06:43:30Z","2025-08-21T18:48:30Z"
"SRC5D4B83A190413697","vehicle_assessment","BAT0EFEC9A5D5DA","1.0","SYNVEH72325468925","REQA40904594BF9F1B3","2025-08-20T02:09:30Z","2025-08-21T14:09:30Z","ASM5F9076C218D511FB","1","usable","method_current","tesla_model_y","crossover","2024","16792","km","94.8","percent","rough","2025-08-20T00:04:30Z","2025-08-20T02:04:30Z","2025-08-21T02:09:30Z"
"SRC07041A5EA98AA847","vehicle_assessment","BAT0EFEC9A5D5DA","1.0","SYNVEH42323777343","REQFB88B9B46EF1BDE0","2025-08-20T16:06:30Z","2025-08-21T16:06:30Z","ASMA8B0954EB7A85149","1","usable","method_current","ford_f150_lightning","pickup","2018","17203","mi","84.6","percent","rough","2025-08-20T14:01:30Z","2025-08-20T16:01:30Z","2025-08-22T04:06:30Z"
"SRC8822F3D9822AA042","vehicle_assessment","BAT0EFEC9A5D5DA","1.0","SYNVEH92086398425","REQDA86A64D6EA6B379","2025-08-20T11:27:30Z","2025-08-21T23:27:30Z","ASM33DD13FC7BF8C128","1","usable","method_current","ford_mustang_mach_e","crossover","2026","17066","km","86.4","percent","average","2025-08-20T09:22:30Z","2025-08-20T11:22:30Z","2025-08-21T11:27:30Z"
"SRC4C60025CF158026B","vehicle_assessment","BAT0EFEC9A5D5DA","1.0","SYNVEH38702968317","REQEE74DBC565D15B71","2025-08-21T01:24:30Z","2025-08-22T01:24:30Z","ASM61A2B2AD8F74064D","1","usable","method_current","nissan_leaf","hatchback","2020","17477","mi","87.4","percent","average","2025-08-20T23:19:30Z","2025-08-21T01:19:30Z","2025-08-22T13:24:30Z"
"SRC1F2C0367B15EE330","vehicle_assessment","BAT0EFEC9A5D5DA","1.0","SYNVEH27658689168","REQE60567CC2D0B9989","2025-08-20T20:45:30Z","2025-08-22T08:45:30Z","ASMDE7762381252134D","1","usable","method_current","chevrolet_bolt_ev","hatchback","2019","17340","km","83.2","percent","clean","2025-08-20T18:40:30Z","2025-08-20T20:40:30Z","2025-08-21T20:45:30Z"
"SRC75EB7E89FFFC52BF","vehicle_assessment","BAT0EFEC9A5D5DA","1.0","SYNVEH08597774560","REQ74A7BCD1381666B2","2025-08-21T10:42:30Z","2025-08-22T10:42:30Z","ASM3470C096A73045AD","1","usable","method_current","tesla_model_y","crossover","2022","17751","mi","90.6","percent","clean","2025-08-21T08:37:30Z","2025-08-21T10:37:30Z","2025-08-22T22:42:30Z"
"SRC3656236C5C679104","vehicle_assessment","BAT0EFEC9A5D5DA","1.0","SYNVEH90989015451","REQ0DA242EC5B5AA12A","2025-08-21T06:03:30Z","2025-08-22T18:03:30Z","ASM0B3558D531375DA7","1","usable","method_current","tesla_model_3","sedan","2021","17614","km","93.2","percent","rough","2025-08-21T03:58:30Z","2025-08-21T05:58:30Z","2025-08-22T06:03:30Z"
"SRCE94EC0D90BACCEA8","vehicle_assessment","BAT0EFEC9A5D5DA","1.0","SYNVEH64988472596","REQ9BD7E80E03257ABB","2025-08-21T20:00:30Z","2025-08-22T20:00:30Z","ASM70D086C4F4EAD9D9","1","usable","method_current","ford_mustang_mach_e","crossover","2024","18025","mi","82.3","percent","rough","2025-08-21T17:55:30Z","2025-08-21T19:55:30Z","2025-08-23T08:00:30Z"
"SRC9D1F0B2FD026DBC3","vehicle_assessment","BAT0EFEC9A5D5DA","1.0","SYNVEH55208342596","REQ6D79EC6BD59311A5","2025-08-21T15:21:30Z","2025-08-23T03:21:30Z","ASME5CD83341438F535","1","usable","method_current","hyundai_ioniq_5","crossover","2023","17888","km","91.2","percent","average","2025-08-21T13:16:30Z","2025-08-21T15:16:30Z","2025-08-22T15:21:30Z"
"SRC3D9224D48A1CFE35","vehicle_assessment","BAT0EFEC9A5D5DA","1.0","SYNVEH35539671805","REQ4D76DC6E610311DB","2025-08-22T05:18:30Z","2025-08-23T05:18:30Z","ASMF65AD47CA84C9405","1","usable","method_current","chevrolet_bolt_ev","hatchback","2026","18299","mi","95.1","percent","average","2025-08-22T03:13:30Z","2025-08-22T05:13:30Z","2025-08-23T17:18:30Z"
"SRCF3CF6C5C8F6108A8","vehicle_assessment","BAT0EFEC9A5D5DA","1.0","SYNVEH12101432595","REQACCF107E3F75E220","2025-08-22T00:39:30Z","2025-08-23T12:39:30Z","ASM0C42B5EC1EA21DC9","1","usable","method_current","ford_f150_lightning","pickup","2025","18162","km","90.0","percent","clean","2025-08-21T22:34:30Z","2025-08-22T00:34:30Z","2025-08-23T00:39:30Z"
"SRCC2ECEC12A6325A69","vehicle_assessment","BAT0EFEC9A5D5DA","1.0","SYNVEH95470079895","REQA01899E525AEB529","2025-08-22T14:36:30Z","2025-08-23T14:36:30Z","ASM7CD80391C6705ECE","1","usable","method_current","tesla_model_3","sedan","2019","18573","mi","83.0","percent","clean","2025-08-22T12:31:30Z","2025-08-22T14:31:30Z","2025-08-24T02:36:30Z"
"SRC6F511EB954CE006D","vehicle_assessment","BAT0EFEC9A5D5DA","1.0","SYNVEH05193886884","REQ619F3EF91640657F","2025-08-22T09:57:30Z","2025-08-23T21:57:30Z","ASM5F5C8AE51BC6A182","1","usable","method_current","nissan_leaf","hatchback","2018","18436","km","85.0","percent","rough","2025-08-22T07:52:30Z","2025-08-22T09:52:30Z","2025-08-23T09:57:30Z"
"SRC14F58EB677C9B79B","vehicle_assessment","BAT0EFEC9A5D5DA","1.0","SYNVEH10642132520","REQDEED5F4050F370B6","2025-08-22T23:54:30Z","2025-08-23T23:54:30Z","ASMC80756868C41198F","1","usable","method_current","hyundai_ioniq_5","crossover","2021","18847","mi","89.2","percent","rough","2025-08-22T21:49:30Z","2025-08-22T23:49:30Z","2025-08-24T11:54:30Z"
"SRC8E2F013AC67D9C33","vehicle_assessment","BAT0EFEC9A5D5DA","1.0","SYNVEH44471822009","REQ9CD3AB820FB9EEFB","2025-08-22T19:15:30Z","2025-08-24T07:15:30Z","ASM160B3049AC4F9F70","1","usable","method_current","tesla_model_y","crossover","2020","18710","km","90.7","percent","average","2025-08-22T17:10:30Z","2025-08-22T19:10:30Z","2025-08-23T19:15:30Z"
"SRCF32A9C21DC07AF4B","vehicle_assessment","BAT0EFEC9A5D5DA","1.0","SYNVEH47325009117","REQ2A7E959782C973C5","2025-08-23T09:12:30Z","2025-08-24T09:12:30Z","ASM2DD02F109B8ED2B9","1","usable","method_current","ford_f150_lightning","pickup","2023","19121","mi","95.5","percent","average","2025-08-23T07:07:30Z","2025-08-23T09:07:30Z","2025-08-24T21:12:30Z"
"SRC4564A362DB171D34","vehicle_assessment","BAT0EFEC9A5D5DA","1.0","SYNVEH25182304734","REQ8986B16293C53EA7","2025-08-23T04:33:30Z","2025-08-24T16:33:30Z","ASM7B6FC51F338C6065","1","usable","method_current","ford_mustang_mach_e","crossover","2022","18984","km","87.8","percent","clean","2025-08-23T02:28:30Z","2025-08-23T04:28:30Z","2025-08-24T04:33:30Z"
"SRC66F3A8074E0AB0DF","vehicle_assessment","BAT0EFEC9A5D5DA","1.0","SYNVEH54754266090","REQ261CDC5C1587227B","2025-08-23T18:30:30Z","2025-08-24T18:30:30Z","ASM3F24971E00DD2643","1","usable","method_current","nissan_leaf","hatchback","2025","19395","mi","87.2","percent","clean","2025-08-23T16:25:30Z","2025-08-23T18:25:30Z","2025-08-25T06:30:30Z"
"SRC4A966F3E2E06F38F","vehicle_assessment","BAT0EFEC9A5D5DA","1.0","SYNVEH46633745664","REQFA1FB3DC6613CC53","2025-08-23T13:51:30Z","2025-08-25T01:51:30Z","ASM1FF5E915A2DEE172","1","usable","method_current","chevrolet_bolt_ev","hatchback","2024","19258","km","92.5","percent","rough","2025-08-23T11:46:30Z","2025-08-23T13:46:30Z","2025-08-24T13:51:30Z"
"SRCE0C62E05F6B886BD","vehicle_assessment","BAT0EFEC9A5D5DA","1.0","SYNVEH91303798745","REQA706E5B684517131","2025-08-24T03:48:30Z","2025-08-25T03:48:30Z","ASME9C3F33C049B1557","1","usable","method_current","tesla_model_y","crossover","2018","19669","mi","90.0","percent","rough","2025-08-24T01:43:30Z","2025-08-24T03:43:30Z","2025-08-25T15:48:30Z"
"SRC0CFC1101DD368157","vehicle_assessment","BAT0EFEC9A5D5DA","1.0","SYNVEH99175568425","REQ9DC443E8923C3137","2025-08-23T23:09:30Z","2025-08-25T11:09:30Z","ASMD4FB164AED02D630","1","usable","method_current","tesla_model_3","sedan","2026","19532","km","82.8","percent","average","2025-08-23T21:04:30Z","2025-08-23T23:04:30Z","2025-08-24T23:09:30Z"
"SRCDA78E77D02767E18","vehicle_assessment","BAT0EFEC9A5D5DA","1.0","SYNVEH01793592688","REQ1BB970A4EEF4836D","2025-08-24T13:06:30Z","2025-08-25T13:06:30Z","ASMDAEBB9A0D8A78FB8","1","usable","method_current","ford_mustang_mach_e","crossover","2020","19943","mi","89.1","percent","average","2025-08-24T11:01:30Z","2025-08-24T13:01:30Z","2025-08-26T01:06:30Z"
"SRCDCDDF93822F42F94","vehicle_assessment","BAT0EFEC9A5D5DA","1.0","SYNVEH10252694080","REQ923789F8351138FE","2025-08-24T08:27:30Z","2025-08-25T20:27:30Z","ASM1A03EDBFBAA9FADE","1","usable","method_current","hyundai_ioniq_5","crossover","2019","19806","km","94.2","percent","clean","2025-08-24T06:22:30Z","2025-08-24T08:22:30Z","2025-08-25T08:27:30Z"
"SRCAEF89C2EB46E3F68","vehicle_assessment","BAT0EFEC9A5D5DA","1.0","SYNVEH74310151488","REQ9A7893E5CA113647","2025-08-24T22:24:30Z","2025-08-25T22:24:30Z","ASM710EF9B406B74A5C","1","usable","method_current","chevrolet_bolt_ev","hatchback","2022","20217","mi","88.3","percent","clean","2025-08-24T20:19:30Z","2025-08-24T22:19:30Z","2025-08-26T10:24:30Z"
"SRC2D77F6F314C2B174","vehicle_assessment","BAT0EFEC9A5D5DA","1.0","SYNVEH92147605551","REQ9ACE4C7ED854ED6D","2025-08-24T17:45:30Z","2025-08-26T05:45:30Z","ASM09F130F3153CD76D","1","usable","method_current","ford_f150_lightning","pickup","2021","20080","km","88.1","percent","rough","2025-08-24T15:40:30Z","2025-08-24T17:40:30Z","2025-08-25T17:45:30Z"
"SRC1C0D3C17A0397011","vehicle_assessment","BAT0EFEC9A5D5DA","1.0","SYNVEH61786840164","REQ62665B5A8CAFADB5","2025-08-25T07:42:30Z","2025-08-26T07:42:30Z","ASM6A418FDA006E8E1A","1","usable","method_current","tesla_model_3","sedan","2024","20491","mi","83.8","percent","rough","2025-08-25T05:37:30Z","2025-08-25T07:37:30Z","2025-08-26T19:42:30Z"
"SRCE26FD47F572F0542","vehicle_assessment","BAT0EFEC9A5D5DA","1.0","SYNVEH89391327682","REQ82E300969C925596","2025-08-25T03:03:30Z","2025-08-26T15:03:30Z","ASM05573FA4AAB17467","1","usable","method_current","nissan_leaf","hatchback","2023","20354","km","84.1","percent","average","2025-08-25T00:58:30Z","2025-08-25T02:58:30Z","2025-08-26T03:03:30Z"
"SRCB14F3860ECF8AAB7","vehicle_assessment","BAT0EFEC9A5D5DA","1.0","SYNVEH33076617065","REQ7049522325DE8495","2025-08-25T17:00:30Z","2025-08-26T17:00:30Z","ASM402BFFABBD3C6652","1","usable","method_current","hyundai_ioniq_5","crossover","2026","20765","mi","86.4","percent","average","2025-08-25T14:55:30Z","2025-08-25T16:55:30Z","2025-08-27T05:00:30Z"
"SRCE5C53480F9D5E7F4","vehicle_assessment","BAT0EFEC9A5D5DA","1.0","SYNVEH47844130721","REQA41E459F4E82C608","2025-08-25T12:21:30Z","2025-08-27T00:21:30Z","ASMAC89F9F80A011050","1","usable","method_current","tesla_model_y","crossover","2025","20628","km","82.4","percent","clean","2025-08-25T10:16:30Z","2025-08-25T12:16:30Z","2025-08-26T12:21:30Z"
"SRC865D150CE31D3C93","vehicle_assessment","BAT0EFEC9A5D5DA","1.0","SYNVEH32426942187","REQ8A91547E911D95A1","2025-08-26T02:18:30Z","2025-08-27T02:18:30Z","ASM00C7E739AF5194A2","1","usable","method_current","ford_f150_lightning","pickup","2019","21039","mi","91.8","percent","clean","2025-08-26T00:13:30Z","2025-08-26T02:13:30Z","2025-08-27T14:18:30Z"
"SRC1072CC3DD944DCB7","vehicle_assessment","BAT0EFEC9A5D5DA","1.0","SYNVEH71853626817","REQABB22812E8DB0F63","2025-08-25T21:39:30Z","2025-08-27T09:39:30Z","ASM1CB939D3A84AB0CB","1","usable","method_current","ford_mustang_mach_e","crossover","2018","20902","km","96.6","percent","rough","2025-08-25T19:34:30Z","2025-08-25T21:34:30Z","2025-08-26T21:39:30Z"
"SRC55B8A49913C40E57","vehicle_assessment","BAT0EFEC9A5D5DA","1.0","SYNVEH16989570310","REQ238E3B1B6EF9345D","2025-08-26T11:36:30Z","2025-08-27T11:36:30Z","ASM9AA3F0DD9B8F17C0","1","usable","method_current","nissan_leaf","hatchback","2021","21313","mi","85.6","percent","rough","2025-08-26T09:31:30Z","2025-08-26T11:31:30Z","2025-08-27T23:36:30Z"
"SRC5A79FBF3A22F36F9","vehicle_assessment","BAT0EFEC9A5D5DA","1.0","SYNVEH94435594243","REQ39786556F2A4A586","2025-08-26T06:57:30Z","2025-08-27T18:57:30Z","ASM97C8DBB5FBFA1658","1","usable","method_current","chevrolet_bolt_ev","hatchback","2020","21176","km","92.1","percent","average","2025-08-26T04:52:30Z","2025-08-26T06:52:30Z","2025-08-27T06:57:30Z"
"SRCFE07250D85278C2A","vehicle_assessment","BAT0EFEC9A5D5DA","1.0","SYNVEH43757394438","REQEF5FE7CEB54FC492","2025-08-26T20:54:30Z","2025-08-27T20:54:30Z","ASMC1D88E27C304A731","1","usable","method_current","tesla_model_y","crossover","2023","21587","mi","93.1","percent","average","2025-08-26T18:49:30Z","2025-08-26T20:49:30Z","2025-08-28T08:54:30Z"
"SRCFE1E35D4D44E0A36","vehicle_assessment","BAT0EFEC9A5D5DA","1.0","SYNVEH63557491457","REQ3E2071861A0419FE","2025-08-26T16:15:30Z","2025-08-28T04:15:30Z","ASMFF2978EE4EEA55E5","1","usable","method_current","tesla_model_3","sedan","2022","21450","km","88.4","percent","clean","2025-08-26T14:10:30Z","2025-08-26T16:10:30Z","2025-08-27T16:15:30Z"
"SRC8ED9EDE2526BBC62","vehicle_assessment","BAT0EFEC9A5D5DA","1.0","SYNVEH16153941574","REQ21B4B93B82C55ABF","2025-08-27T06:12:30Z","2025-08-28T06:12:30Z","ASM517692852D908F60","1","usable","method_current","ford_mustang_mach_e","crossover","2025","21861","mi","87.7","percent","clean","2025-08-27T04:07:30Z","2025-08-27T06:07:30Z","2025-08-28T18:12:30Z"
"SRCDA33776C314CF1A9","vehicle_assessment","BAT0EFEC9A5D5DA","1.0","SYNVEH66482087233","REQD1BFA1CC43497FB2","2025-08-27T01:33:30Z","2025-08-28T13:33:30Z","ASMB0CFEC268891AB27","1","usable","method_current","hyundai_ioniq_5","crossover","2024","21724","km","90.9","percent","rough","2025-08-26T23:28:30Z","2025-08-27T01:28:30Z","2025-08-28T01:33:30Z"
"SRC1741B6364E330A69","vehicle_assessment","BAT0EFEC9A5D5DA","1.0","SYNVEH91798154126","REQ7C7C3ADE2317B0FE","2025-08-27T15:30:30Z","2025-08-28T15:30:30Z","ASMD8A1B62890D21446","1","usable","method_current","chevrolet_bolt_ev","hatchback","2018","22135","mi","91.1","percent","rough","2025-08-27T13:25:30Z","2025-08-27T15:25:30Z","2025-08-29T03:30:30Z"
"SRCB5CC1FEC8E6B5F69","vehicle_assessment","BAT0EFEC9A5D5DA","1.0","SYNVEH46190389967","REQ437EE70DD750F9DC","2025-08-27T10:51:30Z","2025-08-28T22:51:30Z","ASM4769BDE4BC03E45F","1","usable","method_current","ford_f150_lightning","pickup","2026","21998","km","95.5","percent","average","2025-08-27T08:46:30Z","2025-08-27T10:46:30Z","2025-08-28T10:51:30Z"
"SRC09263543F001E811","vehicle_assessment","BAT0EFEC9A5D5DA","1.0","SYNVEH93101663299","REQC3BC1665AC4C8013","2025-08-28T00:48:30Z","2025-08-29T00:48:30Z","ASM7B9434AC334EC41F","1","usable","method_current","tesla_model_3","sedan","2020","22409","mi","91.9","percent","average","2025-08-27T22:43:30Z","2025-08-28T00:43:30Z","2025-08-29T12:48:30Z"
"SRCA54D7094A559D6E9","vehicle_assessment","BAT0EFEC9A5D5DA","1.0","SYNVEH95306970545","REQ028C0F6398B11A86","2025-08-27T20:09:30Z","2025-08-29T08:09:30Z","ASM848CB7EAAF3EC68F","1","usable","method_current","nissan_leaf","hatchback","2019","22272","km","96.4","percent","clean","2025-08-27T18:04:30Z","2025-08-27T20:04:30Z","2025-08-28T20:09:30Z"
"SRC9286C13782E77A79","vehicle_assessment","BAT0EFEC9A5D5DA","1.0","SYNVEH21742776944","REQ59DD16965BECD7A2","2025-08-28T10:06:30Z","2025-08-29T10:06:30Z","ASM35F749FFB7611CF0","1","usable","method_current","hyundai_ioniq_5","crossover","2022","22683","mi","94.1","percent","clean","2025-08-28T08:01:30Z","2025-08-28T10:01:30Z","2025-08-29T22:06:30Z"
"SRCAD1812E62314B979","vehicle_assessment","BAT0EFEC9A5D5DA","1.0","SYNVEH84066907884","REQCCDC07F3F18745E5","2025-08-28T05:27:30Z","2025-08-29T17:27:30Z","ASME02CA8BF40A623CA","1","usable","method_current","tesla_model_y","crossover","2021","22546","km","88.1","percent","rough","2025-08-28T03:22:30Z","2025-08-28T05:22:30Z","2025-08-29T05:27:30Z"
"SRC5B4D99A2CABE2913","vehicle_assessment","BAT0EFEC9A5D5DA","1.0","SYNVEH88561683413","REQD6B156CB90C488C4","2025-08-28T19:24:30Z","2025-08-29T19:24:30Z","ASM56521D26D7A3CA9F","1","usable","method_current","ford_f150_lightning","pickup","2024","22957","mi","88.7","percent","rough","2025-08-28T17:19:30Z","2025-08-28T19:19:30Z","2025-08-30T07:24:30Z"
"SRCFEE29CB43E43961A","vehicle_assessment","BAT0EFEC9A5D5DA","1.0","SYNVEH43925878978","REQB216DC5EA4A6CFE6","2025-08-28T14:45:30Z","2025-08-30T02:45:30Z","ASMB0155B9000F47A3E","1","usable","method_current","ford_mustang_mach_e","crossover","2023","22820","km","94.0","percent","average","2025-08-28T12:40:30Z","2025-08-28T14:40:30Z","2025-08-29T14:45:30Z"
"SRC8ACEFB38FF3BB333","vehicle_assessment","BAT0EFEC9A5D5DA","1.0","SYNVEH04058459687","REQA28C34942E3783C1","2025-08-29T04:42:30Z","2025-08-30T04:42:30Z","ASM2654C6DC1ADD394F","1","usable","method_current","nissan_leaf","hatchback","2026","23231","mi","89.2","percent","average","2025-08-29T02:37:30Z","2025-08-29T04:37:30Z","2025-08-30T16:42:30Z"
"SRC121B7AFB1CCFB908","vehicle_assessment","BAT0EFEC9A5D5DA","1.0","SYNVEH91919056533","REQEA466C21687AAABA","2025-08-29T00:03:30Z","2025-08-30T12:03:30Z","ASM0378844F5429C16A","1","usable","method_current","chevrolet_bolt_ev","hatchback","2025","23094","km","89.4","percent","clean","2025-08-28T21:58:30Z","2025-08-28T23:58:30Z","2025-08-30T00:03:30Z"
"SRCF7F02F2C3A8C3276","vehicle_assessment","BAT0EFEC9A5D5DA","1.0","SYNVEH61650653485","REQ684AE6ED58A1D1C5","2025-08-29T14:00:30Z","2025-08-30T14:00:30Z","ASMFFE3FD062EC26FFC","1","usable","method_current","tesla_model_y","crossover","2019","23505","mi","85.5","percent","clean","2025-08-29T11:55:30Z","2025-08-29T13:55:30Z","2025-08-31T02:00:30Z"
"SRC417035FBF86EA1AA","vehicle_assessment","BAT0EFEC9A5D5DA","1.0","SYNVEH44471236267","REQ749E0A19E7DA0AD6","2025-08-30T17:54:30Z","2025-08-30T18:24:30Z","ASM946CDB3BF90AED7C","1","usable","method_current","tesla_model_3","sedan","2025","24327","mi","90.1","percent","clean","2025-08-30T15:49:30Z","2025-08-30T17:49:30Z","2025-08-30T19:24:30Z"
"SRC757757AAE31736DB","vehicle_assessment","BAT0EFEC9A5D5DA","1.0","SYNVEH77460183712","REQ6BCBF9A1BB79DA4A","2025-08-29T09:21:30Z","2025-08-30T21:21:30Z","ASM59D5EA73EEC6B99D","1","usable","method_current","tesla_model_3","sedan","2018","23368","km","93.3","percent","rough","2025-08-29T07:16:30Z","2025-08-29T09:16:30Z","2025-08-30T09:21:30Z"
"SRC5A2D54C8371A26F8","vehicle_assessment","BAT0EFEC9A5D5DA","1.0","SYNVEH57524123489","REQ1E2B799512E13FA5","2025-08-30T22:33:30Z","2025-08-31T00:03:30Z","ASMB66235F9319EE8AE","1","usable","method_current","tesla_model_y","crossover","2026","24464","km","92.1","percent","average","2025-08-30T20:28:30Z","2025-08-30T22:28:30Z","2025-08-30T23:03:30Z"
"SRC18CA888C29804A53","vehicle_assessment","BAT0EFEC9A5D5DA","1.0","SYNVEH94257884071","REQ8C98DC33AE1B1CD1","2025-08-31T03:12:30Z","2025-08-31T03:42:30Z","ASME843377B5861BD62","1","usable","method_current","hyundai_ioniq_5","crossover","2018","24601","mi","83.8","percent","rough","2025-08-31T01:07:30Z","2025-08-31T03:07:30Z","2025-08-31T04:42:30Z"
"SRC4D46A1322FC688F5","vehicle_assessment","BAT0EFEC9A5D5DA","1.0","SYNVEH50798768209","REQ533C4E092CD22016","2025-08-29T18:39:30Z","2025-08-31T06:39:30Z","ASM2F62D49B7FBDFC40","1","usable","method_current","hyundai_ioniq_5","crossover","2020","23642","km","90.2","percent","average","2025-08-29T16:34:30Z","2025-08-29T18:34:30Z","2025-08-30T18:39:30Z"
"SRCF0B675FF96E5876E","vehicle_assessment","BAT0EFEC9A5D5DA","1.0","SYNVEH93464189168","REQ70BA7C7320A7DE7C","2025-08-31T07:51:30Z","2025-08-31T09:21:30Z","ASMB9BCA5252D2EF050","1","usable","method_current","ford_mustang_mach_e","crossover","2019","24738","km","89.4","percent","clean","2025-08-31T05:46:30Z","2025-08-31T07:46:30Z","2025-08-31T08:21:30Z"
"SRC9D9D801D6106D279","vehicle_assessment","BAT0EFEC9A5D5DA","1.0","SYNVEH46464354889","REQDC03E9C9FC470B12","2025-08-31T12:30:30Z","2025-08-31T13:00:30Z","ASM7224F4BFEB512BC8","1","usable","method_current","ford_f150_lightning","pickup","2020","24875","mi","82.3","percent","average","2025-08-31T10:25:30Z","2025-08-31T12:25:30Z","2025-08-31T14:00:30Z"
"SRC9D0F749EE5068F27","vehicle_assessment","BAT0EFEC9A5D5DA","1.0","SYNVEH98610623084","REQ98D7453B0D8AC5C3","2025-08-31T17:09:30Z","2025-08-31T18:39:30Z","ASMBD12744E41E10869","1","usable","method_current","chevrolet_bolt_ev","hatchback","2021","25012","km","91.1","percent","rough","2025-08-31T15:04:30Z","2025-08-31T17:04:30Z","2025-08-31T17:39:30Z"
"SRC98B52FBAECE3F2AE","vehicle_assessment","BAT0EFEC9A5D5DA","1.0","SYNVEH16321719568","REQ5E1C4A3A291B6183","2025-08-31T21:48:30Z","2025-08-31T22:18:30Z","ASM33C7A5002B8C7783","1","usable","method_current","nissan_leaf","hatchback","2022","25149","mi","86.3","percent","clean","2025-08-31T19:43:30Z","2025-08-31T21:43:30Z","2025-08-31T23:18:30Z"
"SRC4B4E9544EA1A87DB","vehicle_assessment","BAT0EFEC9A5D5DA","1.0","SYNVEH24612548192","REQ62ED32668793395A","2025-09-01T02:27:30Z","2025-09-01T03:57:30Z","ASM973FB31EFA2F1533","1","usable","method_current","tesla_model_3","sedan","2023","25286","km","93.2","percent","average","2025-09-01T00:22:30Z","2025-09-01T02:22:30Z","2025-09-01T02:57:30Z"
"SRCF403A2690D854DBB","vehicle_assessment","BAT0EFEC9A5D5DA","1.0","SYNVEH30261422373","REQ8869A0BDB8B35035","2025-09-01T07:06:30Z","2025-09-01T07:36:30Z","ASM19E2168E36373843","1","usable","method_current","tesla_model_y","crossover","2024","25423","mi","81.9","percent","rough","2025-09-01T05:01:30Z","2025-09-01T07:01:30Z","2025-09-01T08:36:30Z"
"SRC1AC73BA63C911AF1","vehicle_assessment","BAT0EFEC9A5D5DA","1.0","SYNVEH92723853004","REQ3B4238D96A6FFB52","2025-09-01T11:45:30Z","2025-09-01T13:15:30Z","ASMA35786F49F078B5A","1","usable","method_current","hyundai_ioniq_5","crossover","2025","25560","km","86.0","percent","clean","2025-09-01T09:40:30Z","2025-09-01T11:40:30Z","2025-09-01T12:15:30Z"
"SRCCE9E3C3E9CE5BFD8","vehicle_assessment","BAT0EFEC9A5D5DA","1.0","SYNVEH32953032028","REQ65571C5A762DFDAA","2025-09-01T16:39:17Z","2025-09-01T17:09:17Z","ASMA4DA61652983716D","1","usable","method_current","ford_mustang_mach_e","crossover","2026","25697","mi","94.2","percent","average","2025-09-01T14:34:17Z","2025-09-01T16:34:17Z","2025-09-01T18:09:17Z"
"SRC5F17206E0F25DE22","vehicle_assessment","BAT0EFEC9A5D5DA","1.0","SYNVEH91713933958","REQE7B92A9AC3613188","2025-09-01T21:47:51Z","2025-09-01T23:17:51Z","ASME889C4A69DF7AA6A","1","usable","method_current","ford_f150_lightning","pickup","2018","25834","km","92.9","percent","rough","2025-09-01T19:42:51Z","2025-09-01T21:42:51Z","2025-09-01T22:17:51Z"
"SRC2B9C3CB03D19F2E6","vehicle_assessment","BAT0EFEC9A5D5DA","1.0","SYNVEH20112898641","REQ097CF5FE4F23CE62","2025-09-02T02:56:25Z","2025-09-02T03:26:25Z","ASM5AF3184FAD956230","1","usable","method_current","chevrolet_bolt_ev","hatchback","2019","25971","mi","83.2","percent","clean","2025-09-02T00:51:25Z","2025-09-02T02:51:25Z","2025-09-02T04:26:25Z"
"SRC90BEF1F00FA7178A","vehicle_assessment","BAT0EFEC9A5D5DA","1.0","SYNVEH96624811243","REQFABB2EEC31C8B42A","2025-09-02T08:05:00Z","2025-09-02T09:35:00Z","ASM8FAAB4DB389EA18D","1","usable","method_current","nissan_leaf","hatchback","2020","26108","km","94.8","percent","average","2025-09-02T06:00:00Z","2025-09-02T08:00:00Z","2025-09-02T08:35:00Z"
"SRC31C5187A2FB037A6","vehicle_assessment","BAT0EFEC9A5D5DA","1.0","SYNVEH03508784400","REQ503245FBB3C0D30F","2025-09-02T13:13:34Z","2025-09-02T13:43:34Z","ASM78DD49184225BD19","1","usable","method_current","tesla_model_3","sedan","2021","26245","mi","93.1","percent","rough","2025-09-02T11:08:34Z","2025-09-02T13:08:34Z","2025-09-02T14:43:34Z"
"SRCA32A22AF098732AF","vehicle_assessment","BAT0EFEC9A5D5DA","1.0","SYNVEH72644711993","REQB38112619F6DCF68","2025-09-02T18:22:08Z","2025-09-02T19:52:08Z","ASM565036446DCCCE68","1","usable","method_current","tesla_model_y","crossover","2022","26382","km","88.9","percent","clean","2025-09-02T16:17:08Z","2025-09-02T18:17:08Z","2025-09-02T18:52:08Z"
"SRCE309306DFE8D10D5","vehicle_assessment","BAT0EFEC9A5D5DA","1.0","SYNVEH81681930735","REQ853CCE7061787C4E","2025-09-02T23:30:42Z","2025-09-03T00:00:42Z","ASM4B39A10EC79E78FD","1","usable","method_current","hyundai_ioniq_5","crossover","2023","26519","mi","84.9","percent","average","2025-09-02T21:25:42Z","2025-09-02T23:25:42Z","2025-09-03T01:00:42Z"
"SRC025F5547B63A12BB","vehicle_assessment","BAT0EFEC9A5D5DA","1.0","SYNVEH39946325057","REQ463BB094ACD7AFEB","2025-09-03T04:39:17Z","2025-09-03T06:09:17Z","ASM1A25389F264AEA2E","1","usable","method_current","ford_mustang_mach_e","crossover","2024","26656","km","85.7","percent","rough","2025-09-03T02:34:17Z","2025-09-03T04:34:17Z","2025-09-03T05:09:17Z"
"SRC5AAAD2D3098F3376","vehicle_assessment","BAT0EFEC9A5D5DA","1.0","SYNVEH25552039062","REQ31BD7D19E6E1AEBD","2025-09-03T09:47:51Z","2025-09-03T10:17:51Z","ASM523630E677AEDE7B","1","usable","method_current","ford_f150_lightning","pickup","2025","26793","mi","93.3","percent","clean","2025-09-03T07:42:51Z","2025-09-03T09:42:51Z","2025-09-03T11:17:51Z"
"SRC26DF8AB6A41F48FD","vehicle_assessment","BAT0EFEC9A5D5DA","1.0","SYNVEH36696512392","REQA69EFA257460B76E","2025-09-03T14:56:25Z","2025-09-03T16:26:25Z","ASM53DCE0E0D2D66306","1","usable","method_current","chevrolet_bolt_ev","hatchback","2026","26930","km","89.7","percent","average","2025-09-03T12:51:25Z","2025-09-03T14:51:25Z","2025-09-03T15:26:25Z"
"SRC41AB6CE8409B4D99","vehicle_assessment","BAT0EFEC9A5D5DA","1.0","SYNVEH24690927372","REQE4C7C6F594DC5271","2025-09-03T20:05:00Z","2025-09-03T20:35:00Z","ASM28FFAA7A04A56C16","1","usable","method_current","nissan_leaf","hatchback","2018","27067","mi","96.8","percent","rough","2025-09-03T18:00:00Z","2025-09-03T20:00:00Z","2025-09-03T21:35:00Z"
"SRC8EA84D204CA2F29E","vehicle_assessment","BAT0EFEC9A5D5DA","1.0","SYNVEH37515606622","REQ44B245ABA321EE69","2025-09-04T01:13:34Z","2025-09-04T02:43:34Z","ASM78B4E864298B8B39","1","usable","method_current","tesla_model_3","sedan","2019","27204","km","89.2","percent","clean","2025-09-03T23:08:34Z","2025-09-04T01:08:34Z","2025-09-04T01:43:34Z"
"SRCD180114E6CB078B0","vehicle_assessment","BAT0EFEC9A5D5DA","1.0","SYNVEH46914101100","REQE6FA99CBADB503FA","2025-09-04T06:22:08Z","2025-09-04T06:52:08Z","ASM939FDE43236142DD","1","usable","method_current","tesla_model_y","crossover","2020","27341","mi","95.1","percent","average","2025-09-04T04:17:08Z","2025-09-04T06:17:08Z","2025-09-04T07:52:08Z"
"SRC5B7F03F85D1772B5","vehicle_assessment","BAT0EFEC9A5D5DA","1.0","SYNVEH69384006080","REQ37723B26540C1710","2025-09-04T11:30:42Z","2025-09-04T13:00:42Z","ASMC96DAF59D725EE62","1","usable","method_current","hyundai_ioniq_5","crossover","2021","27478","km","86.4","percent","rough","2025-09-04T09:25:42Z","2025-09-04T11:25:42Z","2025-09-04T12:00:42Z"
"SRC475F5539C4788025","vehicle_assessment","BAT0EFEC9A5D5DA","1.0","SYNVEH08597826566","REQD6929A63D4A0142B","2025-09-04T16:39:17Z","2025-09-04T17:09:17Z","ASMA941B2FD8C13A722","1","usable","method_current","ford_mustang_mach_e","crossover","2022","27615","mi","96.5","percent","clean","2025-09-04T14:34:17Z","2025-09-04T16:34:17Z","2025-09-04T18:09:17Z"
"SRCACCC4F0C0E6CF523","vehicle_assessment","BAT0EFEC9A5D5DA","1.0","SYNVEH95558989957","REQ3E6405395579D968","2025-09-04T21:47:51Z","2025-09-04T23:17:51Z","ASM62BECFE05FA14FEE","1","usable","method_current","ford_f150_lightning","pickup","2023","27752","km","89.2","percent","average","2025-09-04T19:42:51Z","2025-09-04T21:42:51Z","2025-09-04T22:17:51Z"
"SRC0A8EC6D2F776A2A8","vehicle_assessment","BAT0EFEC9A5D5DA","1.0","SYNVEH15985830107","REQ881E2810C6C9A5B4","2025-09-05T02:56:25Z","2025-09-05T03:26:25Z","ASM68CE4AAC68B66527","1","usable","method_current","chevrolet_bolt_ev","hatchback","2024","27889","mi","83.6","percent","rough","2025-09-05T00:51:25Z","2025-09-05T02:51:25Z","2025-09-05T04:26:25Z"
"SRC0FC8E2D5A0E5F1AB","vehicle_assessment","BAT0EFEC9A5D5DA","1.0","SYNVEH65552095731","REQ878FDC98EA842BBE","2025-09-05T08:05:00Z","2025-09-05T09:35:00Z","ASMB3CB2A25C2A88173","1","usable","method_current","nissan_leaf","hatchback","2025","28026","km","90.8","percent","clean","2025-09-05T06:00:00Z","2025-09-05T08:00:00Z","2025-09-05T08:35:00Z"
"SRCBF1B602D15B56F3A","vehicle_assessment","BAT0EFEC9A5D5DA","1.0","SYNVEH77534477928","REQ09546436F8B1FB8E","2025-09-05T13:13:34Z","2025-09-05T13:43:34Z","ASM19C40F8F4F2E5D87","1","usable","method_current","tesla_model_3","sedan","2026","28163","mi","89.1","percent","average","2025-09-05T11:08:34Z","2025-09-05T13:08:34Z","2025-09-05T14:43:34Z"
"SRC1CE2CB0ED7A4A498","vehicle_assessment","BAT0EFEC9A5D5DA","1.0","SYNVEH58638043150","REQD12E6BC01E18A12A","2025-09-05T18:22:08Z","2025-09-05T19:52:08Z","ASMC30DF63D5315E4CB","1","usable","method_current","tesla_model_y","crossover","2018","28300","km","87.5","percent","rough","2025-09-05T16:17:08Z","2025-09-05T18:17:08Z","2025-09-05T18:52:08Z"
"SRC01D2D085FED71C00","vehicle_assessment","BAT0EFEC9A5D5DA","1.0","SYNVEH93747791989","REQAB03EF82DF825BDF","2025-09-05T23:30:42Z","2025-09-06T00:00:42Z","ASM3FEFB379CC8BACE7","1","usable","method_current","hyundai_ioniq_5","crossover","2019","28437","mi","95.5","percent","clean","2025-09-05T21:25:42Z","2025-09-05T23:25:42Z","2025-09-06T01:00:42Z"
"SRCE89CD4656E5E4F56","vehicle_assessment","BAT0EFEC9A5D5DA","1.0","SYNVEH49445934083","REQ69B0B1F899A912A0","2025-09-06T04:39:17Z","2025-09-06T06:09:17Z","ASMEACBE64FDF5651D0","1","usable","method_current","ford_mustang_mach_e","crossover","2020","28574","km","83.5","percent","average","2025-09-06T02:34:17Z","2025-09-06T04:34:17Z","2025-09-06T05:09:17Z"
"SRC02F47C01FE70C667","vehicle_assessment","BAT0EFEC9A5D5DA","1.0","SYNVEH47040451519","REQ54FC1189251B3ADF","2025-09-06T09:47:51Z","2025-09-06T10:17:51Z","ASM38168BF2DE4F7873","1","usable","method_current","ford_f150_lightning","pickup","2021","28711","mi","90.4","percent","rough","2025-09-06T07:42:51Z","2025-09-06T09:42:51Z","2025-09-06T11:17:51Z"
"SRC83522A685F2D0831","vehicle_assessment","BAT0EFEC9A5D5DA","1.0","SYNVEH38761313668","REQ4402CB0D3E51C262","2025-09-06T14:56:25Z","2025-09-06T16:26:25Z","ASM71AA3C1642EE0B9D","1","usable","method_current","chevrolet_bolt_ev","hatchback","2022","28848","km","84.1","percent","clean","2025-09-06T12:51:25Z","2025-09-06T14:51:25Z","2025-09-06T15:26:25Z"
"SRCCC42A2B8C1B2CAD0","vehicle_assessment","BAT0EFEC9A5D5DA","1.0","SYNVEH34810481052","REQF260716296B36801","2025-09-06T20:05:00Z","2025-09-06T20:35:00Z","ASM05AA0741661C6337","1","usable","method_current","nissan_leaf","hatchback","2023","28985","mi","90.7","percent","average","2025-09-06T18:00:00Z","2025-09-06T20:00:00Z","2025-09-06T21:35:00Z"
"SRC9FBD829AFCEAE07F","vehicle_assessment","BAT0EFEC9A5D5DA","1.0","SYNVEH60873893294","REQ3E7EA9FB8FE7BF3B","2025-09-07T01:13:34Z","2025-09-07T02:43:34Z","ASM93B78BCE6402A0BB","1","usable","method_current","tesla_model_3","sedan","2024","29122","km","82.9","percent","rough","2025-09-06T23:08:34Z","2025-09-07T01:08:34Z","2025-09-07T01:43:34Z"
"SRC433B0CD36660B80B","vehicle_assessment","BAT0EFEC9A5D5DA","1.0","SYNVEH35641593959","REQD4382875B8038652","2025-09-07T06:22:08Z","2025-09-07T06:52:08Z","ASM0ED5436159C15258","1","usable","method_current","tesla_model_y","crossover","2025","29259","mi","93.6","percent","clean","2025-09-07T04:17:08Z","2025-09-07T06:17:08Z","2025-09-07T07:52:08Z"
"SRC213752EE60635BDC","vehicle_assessment","BAT0EFEC9A5D5DA","1.0","SYNVEH91221370135","REQ2A47CFAB5A965EAF","2025-09-07T11:30:42Z","2025-09-07T13:00:42Z","ASM0BB377A2C5225F28","1","usable","method_current","hyundai_ioniq_5","crossover","2026","29396","km","87.4","percent","average","2025-09-07T09:25:42Z","2025-09-07T11:25:42Z","2025-09-07T12:00:42Z"
"SRC7B987E7463FE2C8F","vehicle_assessment","BAT0EFEC9A5D5DA","1.0","SYNVEH57212225554","REQ0C28BDB1308A905F","2025-09-07T16:39:17Z","2025-09-07T17:09:17Z","ASM3EF953D24D874BA2","1","usable","method_current","ford_mustang_mach_e","crossover","2018","29533","mi","84.5","percent","rough","2025-09-07T14:34:17Z","2025-09-07T16:34:17Z","2025-09-07T18:09:17Z"
"SRCAE50D5F93A7D3747","vehicle_assessment","BAT0EFEC9A5D5DA","1.0","SYNVEH22429397192","REQ00EBEF0B69A75E15","2025-09-07T21:47:51Z","2025-09-07T23:17:51Z","ASM8EEDF0DCC9245545","1","usable","method_current","ford_f150_lightning","pickup","2019","29670","km","94.9","percent","clean","2025-09-07T19:42:51Z","2025-09-07T21:42:51Z","2025-09-07T22:17:51Z"
"SRC4E26ECD16B34BA7E","vehicle_assessment","BAT0EFEC9A5D5DA","1.0","SYNVEH59426793748","REQA7990F74257BAFAA","2025-09-08T02:56:25Z","2025-09-08T03:26:25Z","ASM64B4A5BAF041E0E6","1","usable","method_current","chevrolet_bolt_ev","hatchback","2020","29807","mi","89.0","percent","average","2025-09-08T00:51:25Z","2025-09-08T02:51:25Z","2025-09-08T04:26:25Z"
"SRCD5A5391333941888","vehicle_assessment","BAT0EFEC9A5D5DA","1.0","SYNVEH60430060250","REQ2FB72AC21522D21D","2025-09-08T08:05:00Z","2025-09-08T09:35:00Z","ASMBAE512DA65B15523","1","usable","method_current","nissan_leaf","hatchback","2021","29944","km","88.5","percent","rough","2025-09-08T06:00:00Z","2025-09-08T08:00:00Z","2025-09-08T08:35:00Z"
"SRCA29E6C9EFA5D8EB4","vehicle_assessment","BAT0EFEC9A5D5DA","1.0","SYNVEH41170371681","REQ3B0870F61C8036FB","2025-09-08T13:13:34Z","2025-09-08T13:43:34Z","ASM8D82044D958914FC","1","usable","method_current","tesla_model_3","sedan","2022","30081","mi","83.7","percent","clean","2025-09-08T11:08:34Z","2025-09-08T13:08:34Z","2025-09-08T14:43:34Z"
"SRC2ADC3FC4DE38B9DC","vehicle_assessment","BAT0EFEC9A5D5DA","1.0","SYNVEH66787856297","REQEC6C1480C927C2EB","2025-09-08T18:22:08Z","2025-09-08T19:52:08Z","ASM4CC4C2868FFC43F8","1","usable","method_current","tesla_model_y","crossover","2023","30218","km","89.3","percent","average","2025-09-08T16:17:08Z","2025-09-08T18:17:08Z","2025-09-08T18:52:08Z"
"SRC2FE3C43B79E516A2","vehicle_assessment","BAT0EFEC9A5D5DA","1.0","SYNVEH25659463434","REQ5D210B64C60E1EBC","2025-09-08T23:30:42Z","2025-09-09T00:00:42Z","ASM0DBAD6E4CE49582D","1","usable","method_current","hyundai_ioniq_5","crossover","2024","30355","mi","85.0","percent","rough","2025-09-08T21:25:42Z","2025-09-08T23:25:42Z","2025-09-09T01:00:42Z"
"SRC877777228656E104","vehicle_assessment","BAT0EFEC9A5D5DA","1.0","SYNVEH05253829115","REQC7CC3B056B7010B7","2025-09-09T04:39:17Z","2025-09-09T06:09:17Z","ASM25D529E836E48038","1","usable","method_current","ford_mustang_mach_e","crossover","2025","30492","km","86.1","percent","clean","2025-09-09T02:34:17Z","2025-09-09T04:34:17Z","2025-09-09T05:09:17Z"
"SRC9874FDDB0EDC813B","vehicle_assessment","BAT0EFEC9A5D5DA","1.0","SYNVEH51014573136","REQC08FEED2274AA4A4","2025-09-09T09:47:51Z","2025-09-09T10:17:51Z","ASMF9B0627946E958DC","1","usable","method_current","ford_f150_lightning","pickup","2026","30629","mi","90.8","percent","average","2025-09-09T07:42:51Z","2025-09-09T09:42:51Z","2025-09-09T11:17:51Z"
"SRC246840A433837790","vehicle_assessment","BAT0EFEC9A5D5DA","1.0","SYNVEH36952781400","REQ128667EC93F0C698","2025-09-09T14:56:25Z","2025-09-09T16:26:25Z","ASMD7B35BDD1227A678","1","usable","method_current","chevrolet_bolt_ev","hatchback","2018","30766","km","86.4","percent","rough","2025-09-09T12:51:25Z","2025-09-09T14:51:25Z","2025-09-09T15:26:25Z"
"SRC8453B837D66F9462","vehicle_assessment","BAT0EFEC9A5D5DA","1.0","SYNVEH65754356439","REQF43CAC2C2DC5A7F3","2025-09-09T20:05:00Z","2025-09-09T20:35:00Z","ASM12FF4408309C07BE","1","usable","method_current","nissan_leaf","hatchback","2019","30903","mi","88.1","percent","clean","2025-09-09T18:00:00Z","2025-09-09T20:00:00Z","2025-09-09T21:35:00Z"
"SRCB361A6A0666D8510","vehicle_assessment","BAT0EFEC9A5D5DA","1.0","SYNVEH73346964177","REQD9823FFF41BDFC92","2025-09-10T01:13:34Z","2025-09-10T02:43:34Z","ASM8288874BE1D796DF","1","usable","method_current","tesla_model_3","sedan","2020","31040","km","88.8","percent","average","2025-09-09T23:08:34Z","2025-09-10T01:08:34Z","2025-09-10T01:43:34Z"
"SRCCCBAA9809E31E22A","vehicle_assessment","BAT0EFEC9A5D5DA","1.0","SYNVEH30212526041","REQ76004FEF4B3F2DFE","2025-09-10T06:22:08Z","2025-09-10T06:52:08Z","ASMEA87275F742D92DB","1","usable","method_current","tesla_model_y","crossover","2021","31177","mi","87.9","percent","rough","2025-09-10T04:17:08Z","2025-09-10T06:17:08Z","2025-09-10T07:52:08Z"
"SRC86990B45B5F425FC","vehicle_assessment","BAT0EFEC9A5D5DA","1.0","SYNVEH60807893323","REQE60AD09FBFE757A0","2025-09-10T11:30:42Z","2025-09-10T13:00:42Z","ASMD64C56619E478805","1","usable","method_current","hyundai_ioniq_5","crossover","2022","31314","km","84.1","percent","clean","2025-09-10T09:25:42Z","2025-09-10T11:25:42Z","2025-09-10T12:00:42Z"
"SRC1811EA7C724BE8BB","vehicle_assessment","BAT0EFEC9A5D5DA","1.0","SYNVEH13326105084","REQ7BB12E647CEB9DB3","2025-09-10T16:39:17Z","2025-09-10T17:09:17Z","ASMCF72A1E391E20BDF","1","usable","method_current","ford_mustang_mach_e","crossover","2023","31451","mi","92.3","percent","average","2025-09-10T14:34:17Z","2025-09-10T16:34:17Z","2025-09-10T18:09:17Z"
"SRC270625DEB71D8268","vehicle_assessment","BAT0EFEC9A5D5DA","1.0","SYNVEH37838264153","REQ095AA6189FF04EEF","2025-09-10T21:47:51Z","2025-09-10T23:17:51Z","ASM5D0DB592BAD202F6","1","usable","method_current","ford_f150_lightning","pickup","2024","31588","km","91.6","percent","rough","2025-09-10T19:42:51Z","2025-09-10T21:42:51Z","2025-09-10T22:17:51Z"
"SRCCEEF1F7A0B29650C","vehicle_assessment","BAT0EFEC9A5D5DA","1.0","SYNVEH46847650856","REQ4CB5FFBF29E3E4B8","2025-09-11T02:56:25Z","2025-09-11T03:26:25Z","ASM19B34784B6B87D68","1","usable","method_current","chevrolet_bolt_ev","hatchback","2025","31725","mi","93.0","percent","clean","2025-09-11T00:51:25Z","2025-09-11T02:51:25Z","2025-09-11T04:26:25Z"
"SRC570A7FB7C2EBE3E9","vehicle_assessment","BAT0EFEC9A5D5DA","1.0","SYNVEH16453062725","REQ71CDAAB12466BAD7","2025-09-11T08:05:00Z","2025-09-11T09:35:00Z","ASM7037E04FB6BBFBB8","1","usable","method_current","nissan_leaf","hatchback","2026","31862","km","92.9","percent","average","2025-09-11T06:00:00Z","2025-09-11T08:00:00Z","2025-09-11T08:35:00Z"
"SRC0A447A4BEA69B7CD","vehicle_assessment","BAT0EFEC9A5D5DA","1.0","SYNVEH31980573710","REQDD3E59BA53A69F0E","2025-09-11T13:13:34Z","2025-09-11T13:43:34Z","ASM1E079A8AF7059A48","1","usable","method_current","tesla_model_3","sedan","2018","31999","mi","89.6","percent","rough","2025-09-11T11:08:34Z","2025-09-11T13:08:34Z","2025-09-11T14:43:34Z"
"SRCC1C0872851FAA8F1","vehicle_assessment","BAT0EFEC9A5D5DA","1.0","SYNVEH75611546222","REQF90378183085342E","2025-09-11T18:22:08Z","2025-09-11T19:52:08Z","ASMB65BE1FB44E6CB01","1","usable","method_current","tesla_model_y","crossover","2019","32136","km","83.8","percent","clean","2025-09-11T16:17:08Z","2025-09-11T18:17:08Z","2025-09-11T18:52:08Z"
"SRCBF9D507960D0F764","vehicle_assessment","BAT0EFEC9A5D5DA","1.0","SYNVEH75818735671","REQ15717F3918A979F1","2025-09-11T23:30:42Z","2025-09-12T00:00:42Z","ASM79F2B01ADB9388E5","1","usable","method_current","hyundai_ioniq_5","crossover","2020","32273","mi","90.1","percent","average","2025-09-11T21:25:42Z","2025-09-11T23:25:42Z","2025-09-12T01:00:42Z"
"SRCB514921EE14F368A","vehicle_assessment","BAT0EFEC9A5D5DA","1.0","SYNVEH14944842634","REQ9339B336414D67BB","2025-09-12T04:39:17Z","2025-09-12T06:09:17Z","ASM69B301EA77EA6B91","1","usable","method_current","ford_mustang_mach_e","crossover","2021","32410","km","86.1","percent","rough","2025-09-12T02:34:17Z","2025-09-12T04:34:17Z","2025-09-12T05:09:17Z"
"SRC1AD71C29E494F38D","vehicle_assessment","BAT0EFEC9A5D5DA","1.0","SYNVEH67934612866","REQB52CE45BAB568324","2025-09-12T09:47:51Z","2025-09-12T10:17:51Z","ASM3F65D3D40E3825F6","1","usable","method_current","ford_f150_lightning","pickup","2022","32547","mi","83.4","percent","clean","2025-09-12T07:42:51Z","2025-09-12T09:42:51Z","2025-09-12T11:17:51Z"
"SRC591BE5EA69FEF465","vehicle_assessment","BAT0EFEC9A5D5DA","1.0","SYNVEH02418918122","REQDD00B76ABE1F5808","2025-09-12T14:56:25Z","2025-09-12T16:26:25Z","ASMA959FE413BC16715","1","usable","method_current","chevrolet_bolt_ev","hatchback","2023","32684","km","96.9","percent","average","2025-09-12T12:51:25Z","2025-09-12T14:51:25Z","2025-09-12T15:26:25Z"
"SRCBAF4229DEA8191B7","vehicle_assessment","BAT0EFEC9A5D5DA","1.0","SYNVEH01018450602","REQBE55E4CA2233124D","2025-09-12T20:05:00Z","2025-09-12T20:35:00Z","ASMF7157E9B59E60248","1","usable","method_current","nissan_leaf","hatchback","2024","32821","mi","93.3","percent","rough","2025-09-12T18:00:00Z","2025-09-12T20:00:00Z","2025-09-12T21:35:00Z"
"SRC6562E87E72F2B3A5","vehicle_assessment","BAT0EFEC9A5D5DA","1.0","SYNVEH84521928878","REQE78479FBEB30F88B","2025-09-13T01:13:34Z","2025-09-13T02:43:34Z","ASM8BBB95CBCBFCCF6A","1","usable","method_current","tesla_model_3","sedan","2025","32958","km","82.1","percent","clean","2025-09-12T23:08:34Z","2025-09-13T01:08:34Z","2025-09-13T01:43:34Z"
"SRC98B5063DC5E8FB3A","vehicle_assessment","BAT0EFEC9A5D5DA","1.0","SYNVEH31993888914","REQ67B6D175C7BE3F86","2025-09-13T06:22:08Z","2025-09-13T06:52:08Z","ASMDB704426A36A96B6","1","usable","method_current","tesla_model_y","crossover","2026","33095","mi","93.2","percent","average","2025-09-13T04:17:08Z","2025-09-13T06:17:08Z","2025-09-13T07:52:08Z"
"SRC75FAE075635DF158","vehicle_assessment","BAT0EFEC9A5D5DA","1.0","SYNVEH24584623579","REQD0C3819EC87575D5","2025-09-13T11:30:42Z","2025-09-13T13:00:42Z","ASM65771C5F08514341","1","usable","method_current","hyundai_ioniq_5","crossover","2018","33232","km","87.1","percent","rough","2025-09-13T09:25:42Z","2025-09-13T11:25:42Z","2025-09-13T12:00:42Z"
"SRC45896E559339FF43","vehicle_assessment","BAT0EFEC9A5D5DA","1.0","SYNVEH41411304019","REQ4BC3FB7D0E5FC0DC","2025-09-13T16:39:17Z","2025-09-13T17:09:17Z","ASM3B3830CAEF2DA953","1","usable","method_current","ford_mustang_mach_e","crossover","2019","33369","mi","88.1","percent","clean","2025-09-13T14:34:17Z","2025-09-13T16:34:17Z","2025-09-13T18:09:17Z"
"SRC8268D44B846B5436","vehicle_assessment","BAT0EFEC9A5D5DA","1.0","SYNVEH72810823462","REQA7B2635CD9979167","2025-09-13T21:47:51Z","2025-09-13T23:17:51Z","ASM9BE7A0C944375AFC","1","usable","method_current","ford_f150_lightning","pickup","2020","33506","km","82.8","percent","average","2025-09-13T19:42:51Z","2025-09-13T21:42:51Z","2025-09-13T22:17:51Z"
"SRCC8E1D3F5E0AA822F","vehicle_assessment","BAT0EFEC9A5D5DA","1.0","SYNVEH98734977042","REQEDD04ADBF5BF6133","2025-09-14T02:56:25Z","2025-09-14T03:26:25Z","ASMF96411458CAB872D","1","usable","method_current","chevrolet_bolt_ev","hatchback","2021","33643","mi","95.3","percent","rough","2025-09-14T00:51:25Z","2025-09-14T02:51:25Z","2025-09-14T04:26:25Z"
"SRC0DE6F5A30D558C73","vehicle_assessment","BAT0EFEC9A5D5DA","1.0","SYNVEH96600508645","REQCCB18BECDA934736","2025-09-14T08:05:00Z","2025-09-14T09:35:00Z","ASMA21F0A80EE3994B2","1","usable","method_current","nissan_leaf","hatchback","2022","33780","km","95.5","percent","clean","2025-09-14T06:00:00Z","2025-09-14T08:00:00Z","2025-09-14T08:35:00Z"
"SRCA3D2C4366DBF3420","vehicle_assessment","BAT0EFEC9A5D5DA","1.0","SYNVEH25617244419","REQ7E21EDC7950B0637","2025-09-14T13:13:34Z","2025-09-14T13:43:34Z","ASM0063D21ACC966933","1","usable","method_current","tesla_model_3","sedan","2023","33917","mi","96.1","percent","average","2025-09-14T11:08:34Z","2025-09-14T13:08:34Z","2025-09-14T14:43:34Z"
"SRC0184FC9A6D5BE3ED","vehicle_assessment","BAT0EFEC9A5D5DA","1.0","SYNVEH72486506885","REQ0151CB96590DBC7B","2025-09-14T18:22:08Z","2025-09-14T19:52:08Z","ASM46420D8D0FDF2897","1","usable","method_current","tesla_model_y","crossover","2024","34054","km","95.8","percent","rough","2025-09-14T16:17:08Z","2025-09-14T18:17:08Z","2025-09-14T18:52:08Z"
"SRCBF90524C40DC6342","vehicle_assessment","BAT0EFEC9A5D5DA","1.0","SYNVEH89566078123","REQ22F6219AB491D26A","2025-09-14T23:30:42Z","2025-09-15T00:00:42Z","ASM7E49A601FA3C5D45","1","usable","method_current","hyundai_ioniq_5","crossover","2025","34191","mi","89.0","percent","clean","2025-09-14T21:25:42Z","2025-09-14T23:25:42Z","2025-09-15T01:00:42Z"
"SRC2D1B66F7F08A8415","vehicle_assessment","BAT0EFEC9A5D5DA","1.0","SYNVEH16313702187","REQ610E25D6D1BFBC1B","2025-09-15T04:39:17Z","2025-09-15T06:09:17Z","ASM6242C2DC027E2AF0","1","usable","method_current","ford_mustang_mach_e","crossover","2026","34328","km","91.8","percent","average","2025-09-15T02:34:17Z","2025-09-15T04:34:17Z","2025-09-15T05:09:17Z"
"SRCAD1EF5F1C8655D87","vehicle_assessment","BAT0EFEC9A5D5DA","1.0","SYNVEH99146620062","REQ1DF66B5231459FD2","2025-09-15T09:47:51Z","2025-09-15T10:17:51Z","ASMD0678033CCBA19DF","1","usable","method_current","ford_f150_lightning","pickup","2018","34465","mi","82.1","percent","rough","2025-09-15T07:42:51Z","2025-09-15T09:42:51Z","2025-09-15T11:17:51Z"
"SRC14E627102573D6B5","vehicle_assessment","BAT0EFEC9A5D5DA","1.0","SYNVEH16187358186","REQD00DE5A4202AE1D2","2025-09-15T14:56:25Z","2025-09-15T16:26:25Z","ASM0FDBE2585344C6D7","1","usable","method_current","chevrolet_bolt_ev","hatchback","2019","34602","km","90.9","percent","clean","2025-09-15T12:51:25Z","2025-09-15T14:51:25Z","2025-09-15T15:26:25Z"
"SRC26AFB0BFC3E5359F","vehicle_assessment","BAT0EFEC9A5D5DA","1.0","SYNVEH09012613749","REQF0EC939CB7D8C06B","2025-09-15T20:05:00Z","2025-09-15T20:35:00Z","ASM3FEF3D8B06FA9E8D","1","usable","method_current","nissan_leaf","hatchback","2020","34739","mi","85.6","percent","average","2025-09-15T18:00:00Z","2025-09-15T20:00:00Z","2025-09-15T21:35:00Z"
"SRC32DE3F307F5F74D2","vehicle_assessment","BAT0EFEC9A5D5DA","1.0","SYNVEH63306983561","REQ99B4F0E88F68F029","2025-09-16T01:13:34Z","2025-09-16T02:43:34Z","ASMC24F7BE3BC19DE3D","1","usable","method_current","tesla_model_3","sedan","2021","34876","km","86.2","percent","rough","2025-09-15T23:08:34Z","2025-09-16T01:08:34Z","2025-09-16T01:43:34Z"
"SRC91FE53045A90F377","vehicle_assessment","BAT0EFEC9A5D5DA","1.0","SYNVEH10383138715","REQ8A387A799C9C49DE","2025-09-16T06:22:08Z","2025-09-16T06:52:08Z","ASM675A86522510F045","1","usable","method_current","tesla_model_y","crossover","2022","35013","mi","85.6","percent","clean","2025-09-16T04:17:08Z","2025-09-16T06:17:08Z","2025-09-16T07:52:08Z"
"SRC40EF7E5FA16C4790","vehicle_assessment","BAT0EFEC9A5D5DA","1.0","SYNVEH66894590130","REQ8FAE2D14554496D3","2025-09-16T11:30:42Z","2025-09-16T13:00:42Z","ASMD462C613928CA195","1","usable","method_current","hyundai_ioniq_5","crossover","2023","35150","km","85.4","percent","average","2025-09-16T09:25:42Z","2025-09-16T11:25:42Z","2025-09-16T12:00:42Z"
"SRCF32563CDA607A850","vehicle_assessment","BAT0EFEC9A5D5DA","1.0","SYNVEH97789515048","REQBED5D6746B5B6FAE","2025-09-16T16:39:17Z","2025-09-16T17:09:17Z","ASM8916E7D5EE3A76E3","1","usable","method_current","ford_mustang_mach_e","crossover","2024","35287","mi","94.6","percent","rough","2025-09-16T14:34:17Z","2025-09-16T16:34:17Z","2025-09-16T18:09:17Z"
"SRCB0E445FBA8EFA12C","vehicle_assessment","BAT0EFEC9A5D5DA","1.0","SYNVEH02246939840","REQ27253E90151C126E","2025-09-16T21:47:51Z","2025-09-16T23:17:51Z","ASM9D2657353A8605CF","1","usable","method_current","ford_f150_lightning","pickup","2025","35424","km","95.9","percent","clean","2025-09-16T19:42:51Z","2025-09-16T21:42:51Z","2025-09-16T22:17:51Z"
"SRCA2761543AD7500AC","vehicle_assessment","BAT0EFEC9A5D5DA","1.0","SYNVEH77817886835","REQBCECB2C03037C64D","2025-09-17T02:56:25Z","2025-09-17T03:26:25Z","ASMDC1899FC90A5E45D","1","usable","method_current","chevrolet_bolt_ev","hatchback","2026","35561","mi","81.7","percent","average","2025-09-17T00:51:25Z","2025-09-17T02:51:25Z","2025-09-17T04:26:25Z"
"SRC3C4DE0CB7F081608","vehicle_assessment","BAT0EFEC9A5D5DA","1.0","SYNVEH80923967208","REQ89A8EB651995EDC0","2025-09-17T08:05:00Z","2025-09-17T09:35:00Z","ASM2DB9681435915A91","1","usable","method_current","nissan_leaf","hatchback","2018","35698","km","89.8","percent","rough","2025-09-17T06:00:00Z","2025-09-17T08:00:00Z","2025-09-17T08:35:00Z"
"SRCAD78326E26B7973B","vehicle_assessment","BAT0EFEC9A5D5DA","1.0","SYNVEH77573137745","REQDF277C50CE27E2C3","2025-09-17T13:13:34Z","2025-09-17T13:43:34Z","ASM8CD67121A2951009","1","usable","method_current","tesla_model_3","sedan","2019","35835","mi","89.7","percent","clean","2025-09-17T11:08:34Z","2025-09-17T13:08:34Z","2025-09-17T14:43:34Z"
"SRC7ADC8B6DCB158448","vehicle_assessment","BAT0EFEC9A5D5DA","1.0","SYNVEH65850738939","REQD21F5657AAC2C74A","2025-09-17T18:22:08Z","2025-09-17T19:52:08Z","ASM6CFFB97B24FDFE4C","1","usable","method_current","tesla_model_y","crossover","2020","35972","km","83.8","percent","average","2025-09-17T16:17:08Z","2025-09-17T18:17:08Z","2025-09-17T18:52:08Z"
"SRC23614AB851644721","vehicle_assessment","BAT0EFEC9A5D5DA","1.0","SYNVEH58532317069","REQ5BEAF3DC5DE792CF","2025-09-17T23:30:42Z","2025-09-18T00:00:42Z","ASMF3F5A8112933C5E6","1","usable","method_current","hyundai_ioniq_5","crossover","2021","36109","mi","95.8","percent","rough","2025-09-17T21:25:42Z","2025-09-17T23:25:42Z","2025-09-18T01:00:42Z"
"SRC2F5DF55FBC9F3E2E","vehicle_assessment","BAT0EFEC9A5D5DA","1.0","SYNVEH43634658643","REQ58F4822F4CDD72F0","2025-09-18T04:39:17Z","2025-09-18T06:09:17Z","ASMD36ABE62DCDB0CC3","1","usable","method_current","ford_mustang_mach_e","crossover","2022","36246","km","82.5","percent","clean","2025-09-18T02:34:17Z","2025-09-18T04:34:17Z","2025-09-18T05:09:17Z"
"SRC1A1E7A5E761ADD28","vehicle_assessment","BAT0EFEC9A5D5DA","1.0","SYNVEH65947986586","REQ94634F377DEEEBB6","2025-09-18T09:47:51Z","2025-09-18T10:17:51Z","ASM41CD24D76C25AC34","1","usable","method_current","ford_f150_lightning","pickup","2023","36383","mi","93.3","percent","average","2025-09-18T07:42:51Z","2025-09-18T09:42:51Z","2025-09-18T11:17:51Z"
"SRC0055155D5512F054","vehicle_assessment","BAT0EFEC9A5D5DA","1.0","SYNVEH99962962836","REQAC2FB74E55ABF7F0","2025-09-18T14:56:25Z","2025-09-18T16:26:25Z","ASM3F5E8D1832F63985","1","usable","method_current","chevrolet_bolt_ev","hatchback","2024","36520","km","96.4","percent","rough","2025-09-18T12:51:25Z","2025-09-18T14:51:25Z","2025-09-18T15:26:25Z"
"SRCCD837BC7C1515F8E","vehicle_assessment","BAT0EFEC9A5D5DA","1.0","SYNVEH82258670197","REQEC05D0ED11F4DE61","2025-09-18T20:05:00Z","2025-09-18T20:35:00Z","ASM701B0AA8427F8FC2","1","usable","method_current","nissan_leaf","hatchback","2025","36657","mi","92.3","percent","clean","2025-09-18T18:00:00Z","2025-09-18T20:00:00Z","2025-09-18T21:35:00Z"
"SRCD7F2A8D9F23CCD76","vehicle_assessment","BAT0EFEC9A5D5DA","1.0","SYNVEH86455398044","REQE779654316211D9C","2025-09-19T01:13:34Z","2025-09-19T02:43:34Z","ASM7616E38C7CFA6A29","1","usable","method_current","tesla_model_3","sedan","2026","36794","km","94.3","percent","average","2025-09-18T23:08:34Z","2025-09-19T01:08:34Z","2025-09-19T01:43:34Z"
"SRC158E715BD764D0A7","vehicle_assessment","BAT0EFEC9A5D5DA","1.0","SYNVEH87213162353","REQDC0289A15666AD99","2025-09-19T06:22:08Z","2025-09-19T06:52:08Z","ASME2817E835002C199","1","usable","method_current","tesla_model_y","crossover","2018","36931","mi","86.2","percent","rough","2025-09-19T04:17:08Z","2025-09-19T06:17:08Z","2025-09-19T07:52:08Z"
"SRCEC2D9BFF6C3E0AB9","vehicle_assessment","BAT0EFEC9A5D5DA","1.0","SYNVEH20393297991","REQ6F58D3C3F27E0276","2025-09-19T11:30:42Z","2025-09-19T13:00:42Z","ASM3C69D92B5CD6ECAC","1","usable","method_current","hyundai_ioniq_5","crossover","2019","37068","km","84.6","percent","clean","2025-09-19T09:25:42Z","2025-09-19T11:25:42Z","2025-09-19T12:00:42Z"
"SRC4E8A6FB9E5AD52D3","vehicle_assessment","BAT0EFEC9A5D5DA","1.0","SYNVEH91884521038","REQ6A5E36839647087C","2025-09-19T16:39:17Z","2025-09-19T17:09:17Z","ASM65B2719308DCE630","1","usable","method_current","ford_mustang_mach_e","crossover","2020","37205","mi","95.2","percent","average","2025-09-19T14:34:17Z","2025-09-19T16:34:17Z","2025-09-19T18:09:17Z"
"SRCDFB5CB55BCC3CFBC","vehicle_assessment","BAT0EFEC9A5D5DA","1.0","SYNVEH51153315748","REQ6D531BF9F58B07D2","2025-09-19T21:47:51Z","2025-09-19T23:17:51Z","ASM268075810A7ABDDC","1","usable","method_current","ford_f150_lightning","pickup","2021","37342","km","88.7","percent","rough","2025-09-19T19:42:51Z","2025-09-19T21:42:51Z","2025-09-19T22:17:51Z"
"SRCDB88522475E3A8AF","vehicle_assessment","BAT0EFEC9A5D5DA","1.0","SYNVEH52746203831","REQ40AF1627EBE78247","2025-09-20T02:56:25Z","2025-09-20T03:26:25Z","ASMCB1CA159BBCE5D47","1","usable","method_current","chevrolet_bolt_ev","hatchback","2022","37479","mi","87.2","percent","clean","2025-09-20T00:51:25Z","2025-09-20T02:51:25Z","2025-09-20T04:26:25Z"
"SRCCB5BE2B541323985","vehicle_assessment","BAT0EFEC9A5D5DA","1.0","SYNVEH63234124377","REQ60D3D9B45B00EAD8","2025-09-20T08:05:00Z","2025-09-20T09:35:00Z","ASMA0D63894F3B4BDB9","1","usable","method_current","nissan_leaf","hatchback","2023","37616","km","90.3","percent","average","2025-09-20T06:00:00Z","2025-09-20T08:00:00Z","2025-09-20T08:35:00Z"
"SRC26809528DBB35949","vehicle_assessment","BAT0EFEC9A5D5DA","1.0","SYNVEH06339972081","REQFA0E7991F4B78CEB","2025-09-20T13:13:34Z","2025-09-20T13:43:34Z","ASM6078174214E5FDBA","1","usable","method_current","tesla_model_3","sedan","2024","37753","mi","86.7","percent","rough","2025-09-20T11:08:34Z","2025-09-20T13:08:34Z","2025-09-20T14:43:34Z"
"SRC6467DD6F20D73585","vehicle_assessment","BAT0EFEC9A5D5DA","1.0","SYNVEH31810093094","REQ93D3BCFD9B065301","2025-09-20T18:22:08Z","2025-09-20T19:52:08Z","ASM28DCDFDA66310C47","1","usable","method_current","tesla_model_y","crossover","2025","37890","km","94.6","percent","clean","2025-09-20T16:17:08Z","2025-09-20T18:17:08Z","2025-09-20T18:52:08Z"
"SRCBF7DE074DBA2D236","vehicle_assessment","BAT0EFEC9A5D5DA","1.0","SYNVEH33772994354","REQ88CDE24E4CBF61B9","2025-09-20T23:30:42Z","2025-09-21T00:00:42Z","ASMEFF5161E91753753","1","usable","method_current","hyundai_ioniq_5","crossover","2026","38027","mi","96.9","percent","average","2025-09-20T21:25:42Z","2025-09-20T23:25:42Z","2025-09-21T01:00:42Z"
"SRC23787D26FC152363","vehicle_assessment","BAT0EFEC9A5D5DA","1.0","SYNVEH84765730784","REQ6CF051652C69A881","2025-09-21T04:39:17Z","2025-09-21T06:09:17Z","ASMD02C679DD5921AA1","1","usable","method_current","ford_mustang_mach_e","crossover","2018","38164","km","86.8","percent","rough","2025-09-21T02:34:17Z","2025-09-21T04:34:17Z","2025-09-21T05:09:17Z"
"SRC4C7326055CD03AFE","vehicle_assessment","BAT0EFEC9A5D5DA","1.0","SYNVEH95994521115","REQ5E6BA110FD0B6B80","2025-09-21T09:47:51Z","2025-09-21T10:17:51Z","ASMCB56485B9C6E77B9","1","usable","method_current","ford_f150_lightning","pickup","2019","38301","mi","90.2","percent","clean","2025-09-21T07:42:51Z","2025-09-21T09:42:51Z","2025-09-21T11:17:51Z"
"SRCF8CBDC71720DE55B","vehicle_assessment","BAT0EFEC9A5D5DA","1.0","SYNVEH35513907407","REQC2D34441C6AC56A9","2025-09-21T14:56:25Z","2025-09-21T16:26:25Z","ASM48DB0AA064D5073B","1","usable","method_current","chevrolet_bolt_ev","hatchback","2020","38438","km","81.9","percent","average","2025-09-21T12:51:25Z","2025-09-21T14:51:25Z","2025-09-21T15:26:25Z"
"SRCE3B282822F9CCD85","vehicle_assessment","BAT0EFEC9A5D5DA","1.0","SYNVEH88558927290","REQ95A35EDC4E07C575","2025-09-21T20:05:00Z","2025-09-21T20:35:00Z","ASM447FDB9C39F25096","1","usable","method_current","nissan_leaf","hatchback","2021","38575","mi","91.3","percent","rough","2025-09-21T18:00:00Z","2025-09-21T20:00:00Z","2025-09-21T21:35:00Z"
"SRC994BA2B9974958AB","vehicle_assessment","BAT0EFEC9A5D5DA","1.0","SYNVEH87906363674","REQC9C82498B543B671","2025-09-22T01:13:34Z","2025-09-22T02:43:34Z","ASMAE85C27CEE71344A","1","usable","method_current","tesla_model_3","sedan","2022","38712","km","94.9","percent","clean","2025-09-21T23:08:34Z","2025-09-22T01:08:34Z","2025-09-22T01:43:34Z"
"SRC0CE2CD01DB961B48","vehicle_assessment","BAT0EFEC9A5D5DA","1.0","SYNVEH08243473261","REQ1DD476B57BC05643","2025-09-22T06:22:08Z","2025-09-22T06:52:08Z","ASM1FC0150D0368AD17","1","usable","method_current","tesla_model_y","crossover","2023","38849","mi","89.1","percent","average","2025-09-22T04:17:08Z","2025-09-22T06:17:08Z","2025-09-22T07:52:08Z"
"SRC9B888906371D4E10","vehicle_assessment","BAT0EFEC9A5D5DA","1.0","SYNVEH36746516361","REQ670405CA3810AAFD","2025-09-22T11:30:42Z","2025-09-22T13:00:42Z","ASM2DB091CB9D728235","1","usable","method_current","hyundai_ioniq_5","crossover","2024","38986","km","88.7","percent","rough","2025-09-22T09:25:42Z","2025-09-22T11:25:42Z","2025-09-22T12:00:42Z"
"SRC3444328B03DDE6E4","vehicle_assessment","BAT0EFEC9A5D5DA","1.0","SYNVEH69513615290","REQ1FAA481654E85D31","2025-09-22T16:39:17Z","2025-09-22T17:09:17Z","ASM1CC3DA54CB82F071","1","usable","method_current","ford_mustang_mach_e","crossover","2025","39123","mi","89.8","percent","clean","2025-09-22T14:34:17Z","2025-09-22T16:34:17Z","2025-09-22T18:09:17Z"
"SRC4E82C03DD7EC436A","vehicle_assessment","BAT0EFEC9A5D5DA","1.0","SYNVEH61488495136","REQ35DBA62836600C56","2025-09-22T21:47:51Z","2025-09-22T23:17:51Z","ASM74FC96221B45BDB3","1","usable","method_current","ford_f150_lightning","pickup","2026","39260","km","83.2","percent","average","2025-09-22T19:42:51Z","2025-09-22T21:42:51Z","2025-09-22T22:17:51Z"
"SRC766AAC1C4EA3FD5E","vehicle_assessment","BAT0EFEC9A5D5DA","1.0","SYNVEH54582100688","REQBE0EBD669CDC48CA","2025-09-23T02:56:25Z","2025-09-23T03:26:25Z","ASMB8BE3BA662C3C8FB","1","usable","method_current","chevrolet_bolt_ev","hatchback","2018","39397","mi","89.2","percent","rough","2025-09-23T00:51:25Z","2025-09-23T02:51:25Z","2025-09-23T04:26:25Z"
"SRC49293DE9EDCEA263","vehicle_assessment","BAT0EFEC9A5D5DA","1.0","SYNVEH33098494850","REQ6F67AE35D32BC311","2025-09-23T08:05:00Z","2025-09-23T09:35:00Z","ASM5C09CB682A2BA621","1","usable","method_current","nissan_leaf","hatchback","2019","39534","km","89.9","percent","clean","2025-09-23T06:00:00Z","2025-09-23T08:00:00Z","2025-09-23T08:35:00Z"
"SRCF599CD28C0D02237","vehicle_assessment","BAT0EFEC9A5D5DA","1.0","SYNVEH26622871992","REQA487F26942B205FE","2025-09-23T13:13:34Z","2025-09-23T13:43:34Z","ASM20DCA8F73B31C522","1","usable","method_current","tesla_model_3","sedan","2020","39671","mi","85.3","percent","average","2025-09-23T11:08:34Z","2025-09-23T13:08:34Z","2025-09-23T14:43:34Z"
"SRC00D51AE983CCC37F","vehicle_assessment","BAT0EFEC9A5D5DA","1.0","SYNVEH09160101447","REQ176A5BC7EF682341","2025-09-23T18:22:08Z","2025-09-23T19:52:08Z","ASM6FFC3955970CD1FF","1","usable","method_current","tesla_model_y","crossover","2021","39808","km","95.4","percent","rough","2025-09-23T16:17:08Z","2025-09-23T18:17:08Z","2025-09-23T18:52:08Z"
"SRC5C350A3E469BD3F3","vehicle_assessment","BAT0EFEC9A5D5DA","1.0","SYNVEH62239549537","REQ6F928588B2FC0AE7","2025-09-23T23:30:42Z","2025-09-24T00:00:42Z","ASM196B9CE4A3ACAC2F","1","usable","method_current","hyundai_ioniq_5","crossover","2022","39945","mi","83.8","percent","clean","2025-09-23T21:25:42Z","2025-09-23T23:25:42Z","2025-09-24T01:00:42Z"
"SRC789D47211A03A8AB","vehicle_assessment","BAT0EFEC9A5D5DA","1.0","SYNVEH28560926219","REQ6FB59F4F72CCD392","2025-09-24T04:39:17Z","2025-09-24T06:09:17Z","ASME81EC7F8ADDBA9D9","1","usable","method_current","ford_mustang_mach_e","crossover","2023","40082","km","84.3","percent","average","2025-09-24T02:34:17Z","2025-09-24T04:34:17Z","2025-09-24T05:09:17Z"
"SRC7842C3264BF418A3","vehicle_assessment","BAT0EFEC9A5D5DA","1.0","SYNVEH63397892974","REQB86CCB2BC5D7FC3D","2025-09-24T09:47:51Z","2025-09-24T10:17:51Z","ASMC4A2D189B95368F7","1","usable","method_current","ford_f150_lightning","pickup","2024","40219","mi","89.3","percent","rough","2025-09-24T07:42:51Z","2025-09-24T09:42:51Z","2025-09-24T11:17:51Z"
"SRC827326604EC99EC3","vehicle_assessment","BAT0EFEC9A5D5DA","1.0","SYNVEH11871621410","REQ6A059E02B288F0BA","2025-09-24T14:56:25Z","2025-09-24T16:26:25Z","ASM5DD7173945850580","1","usable","method_current","chevrolet_bolt_ev","hatchback","2025","40356","km","87.3","percent","clean","2025-09-24T12:51:25Z","2025-09-24T14:51:25Z","2025-09-24T15:26:25Z"
"SRCCD195A61C684D049","vehicle_assessment","BAT0EFEC9A5D5DA","1.0","SYNVEH64861234443","REQ511FE310C21BEC6F","2025-09-24T20:05:00Z","2025-09-24T20:35:00Z","ASMCC4BDED29F501E7A","1","usable","method_current","nissan_leaf","hatchback","2026","40493","mi","88.9","percent","average","2025-09-24T18:00:00Z","2025-09-24T20:00:00Z","2025-09-24T21:35:00Z"
"SRC812433E98EEDD06A","vehicle_assessment","BAT0EFEC9A5D5DA","1.0","SYNVEH12906924200","REQC9494AF8E145EA81","2025-09-25T01:13:34Z","2025-09-25T02:43:34Z","ASM7C470F0655791E31","1","usable","method_current","tesla_model_3","sedan","2018","40630","km","87.3","percent","rough","2025-09-24T23:08:34Z","2025-09-25T01:08:34Z","2025-09-25T01:43:34Z"
"SRC43F6D61B9AA52552","vehicle_assessment","BAT0EFEC9A5D5DA","1.0","SYNVEH97190817834","REQEB8AF62D2F66FEA8","2025-09-25T06:22:08Z","2025-09-25T06:52:08Z","ASMEA1C8DABD9AC7003","1","usable","method_current","tesla_model_y","crossover","2019","40767","mi","85.8","percent","clean","2025-09-25T04:17:08Z","2025-09-25T06:17:08Z","2025-09-25T07:52:08Z"
"SRC53016BDF50D47794","vehicle_assessment","BAT0EFEC9A5D5DA","1.0","SYNVEH72181912817","REQ680129E3B1D3CFAA","2025-09-25T11:30:42Z","2025-09-25T13:00:42Z","ASMC72DD5CC11081B22","1","usable","method_current","hyundai_ioniq_5","crossover","2020","40904","km","94.0","percent","average","2025-09-25T09:25:42Z","2025-09-25T11:25:42Z","2025-09-25T12:00:42Z"
"SRC44B17C69946415E5","vehicle_assessment","BAT0EFEC9A5D5DA","1.0","SYNVEH91102368362","REQ4F3BE35B1D8E7C39","2025-09-25T16:39:17Z","2025-09-25T17:09:17Z","ASMBABADD9BF633AFB3","1","usable","method_current","ford_mustang_mach_e","crossover","2021","41041","mi","82.5","percent","rough","2025-09-25T14:34:17Z","2025-09-25T16:34:17Z","2025-09-25T18:09:17Z"
"SRCDA7396AC638E0E23","vehicle_assessment","BAT0EFEC9A5D5DA","1.0","SYNVEH84904955514","REQ60FDD65E23C531ED","2025-09-25T21:47:51Z","2025-09-25T23:17:51Z","ASMF38738449495D0E5","1","usable","method_current","ford_f150_lightning","pickup","2022","41178","km","91.9","percent","clean","2025-09-25T19:42:51Z","2025-09-25T21:42:51Z","2025-09-25T22:17:51Z"
"SRCE134D8AFC3BBCC4E","vehicle_assessment","BAT0EFEC9A5D5DA","1.0","SYNVEH21872564910","REQDFBF741FF6A9A927","2025-09-26T02:56:25Z","2025-09-26T03:26:25Z","ASM31E8890D05E4F45C","1","usable","method_current","chevrolet_bolt_ev","hatchback","2023","41315","mi","86.4","percent","average","2025-09-26T00:51:25Z","2025-09-26T02:51:25Z","2025-09-26T04:26:25Z"
"SRC7E1A138652164D6D","vehicle_assessment","BAT0EFEC9A5D5DA","1.0","SYNVEH45914567091","REQB5F767F513114A63","2025-09-26T08:05:00Z","2025-09-26T09:35:00Z","ASM7FA4DB27250D5617","1","usable","method_current","nissan_leaf","hatchback","2024","41452","km","90.7","percent","rough","2025-09-26T06:00:00Z","2025-09-26T08:00:00Z","2025-09-26T08:35:00Z"
"SRC8C61070A899A3EC5","vehicle_assessment","BAT0EFEC9A5D5DA","1.0","SYNVEH06059080532","REQAFEBA95C9A503E25","2025-09-26T13:13:34Z","2025-09-26T13:43:34Z","ASM87F17F54F5CA63A9","1","usable","method_current","tesla_model_3","sedan","2025","41589","mi","83.0","percent","clean","2025-09-26T11:08:34Z","2025-09-26T13:08:34Z","2025-09-26T14:43:34Z"
"SRC3932AB5426512E2D","vehicle_assessment","BAT0EFEC9A5D5DA","1.0","SYNVEH27400797522","REQ5C11FB504C039D5C","2025-09-26T18:22:08Z","2025-09-26T19:52:08Z","ASM2C8B1CC283D86031","1","usable","method_current","tesla_model_y","crossover","2026","41726","km","85.6","percent","average","2025-09-26T16:17:08Z","2025-09-26T18:17:08Z","2025-09-26T18:52:08Z"
"SRCB02302FA9B51BC3E","vehicle_assessment","BAT0EFEC9A5D5DA","1.0","SYNVEH65011386571","REQ5D7595393917E254","2025-09-26T23:30:42Z","2025-09-27T00:00:42Z","ASMC92A9D22C1727760","1","usable","method_current","hyundai_ioniq_5","crossover","2018","41863","mi","92.4","percent","rough","2025-09-26T21:25:42Z","2025-09-26T23:25:42Z","2025-09-27T01:00:42Z"
"SRC10250103A7A7B7D2","vehicle_assessment","BAT0EFEC9A5D5DA","1.0","SYNVEH73347142030","REQEE3682F75F8A7134","2025-09-27T04:39:17Z","2025-09-27T06:09:17Z","ASMA88FF770D0F42283","1","usable","method_current","ford_mustang_mach_e","crossover","2019","42000","km","90.6","percent","clean","2025-09-27T02:34:17Z","2025-09-27T04:34:17Z","2025-09-27T05:09:17Z"
"SRCA5612869EBA6C371","vehicle_assessment","BAT0EFEC9A5D5DA","1.0","SYNVEH50688253438","REQ00F5429C9C391EC2","2025-09-27T09:47:51Z","2025-09-27T10:17:51Z","ASMD741F45D4CB469E1","1","usable","method_current","ford_f150_lightning","pickup","2020","42137","mi","82.2","percent","average","2025-09-27T07:42:51Z","2025-09-27T09:42:51Z","2025-09-27T11:17:51Z"
"SRCAAC9750A478E61ED","vehicle_assessment","BAT0EFEC9A5D5DA","1.0","SYNVEH34111616315","REQ390B5D479ED5882C","2025-09-27T14:56:25Z","2025-09-27T16:26:25Z","ASMA234F2389AE1E52D","1","usable","method_current","chevrolet_bolt_ev","hatchback","2021","42274","km","91.7","percent","rough","2025-09-27T12:51:25Z","2025-09-27T14:51:25Z","2025-09-27T15:26:25Z"
"SRC8F47671ADCEF8BD9","vehicle_assessment","BAT0EFEC9A5D5DA","1.0","SYNVEH99867445568","REQ2D3EEB598FD3092B","2025-09-27T20:05:00Z","2025-09-27T20:35:00Z","ASM6C932516265B7149","1","usable","method_current","nissan_leaf","hatchback","2022","42411","mi","86.4","percent","clean","2025-09-27T18:00:00Z","2025-09-27T20:00:00Z","2025-09-27T21:35:00Z"
"SRCE81516851A6E3622","vehicle_assessment","BAT0EFEC9A5D5DA","1.0","SYNVEH86928109955","REQ6D5873C5D0AD2664","2025-09-28T01:13:34Z","2025-09-28T02:43:34Z","ASM54A984826265694E","1","usable","method_current","tesla_model_3","sedan","2023","42548","km","83.0","percent","average","2025-09-27T23:08:34Z","2025-09-28T01:08:34Z","2025-09-28T01:43:34Z"
"SRCA26FF2D4181C709F","vehicle_assessment","BAT0EFEC9A5D5DA","1.0","SYNVEH34431092430","REQ0B013AE8017D5CE9","2025-10-01T17:48:12Z","2025-10-01T18:18:12Z","ASM6ADBF76052C1639E","1","failed","method_current","","","","","","","","","","2025-10-01T17:43:12Z","2025-10-01T19:18:12Z"
"SRC20A1B3AE759813B9","vehicle_assessment","BAT0EFEC9A5D5DA","1.0","SYNVEH11937731130","REQ474EB7B20D20544B","2025-10-02T01:14:36Z","2025-10-02T02:44:36Z","ASM150295377F065B05","1","failed","method_current","","","","","","","","","","2025-10-02T01:09:36Z","2025-10-02T01:44:36Z"
"SRC7157380B58BFE930","vehicle_assessment","BAT0EFEC9A5D5DA","1.0","SYNVEH46055987782","REQAB5176D610DE84EC","2025-10-02T08:41:00Z","2025-10-02T09:11:00Z","ASMBBA69DFC65BD05DB","1","failed","method_current","","","","","","","","","","2025-10-02T08:36:00Z","2025-10-02T10:11:00Z"
"SRC9DF0145ADB16974D","vehicle_assessment","BAT0EFEC9A5D5DA","1.0","SYNVEH94605811050","REQ5E7907D116F10507","2025-10-02T16:07:24Z","2025-10-02T17:37:24Z","ASM848A8DD2522AE46D","1","failed","method_current","","","","","","","","","","2025-10-02T16:02:24Z","2025-10-02T16:37:24Z"
"SRC63AF3C3E02653E77","vehicle_assessment","BAT0EFEC9A5D5DA","1.0","SYNVEH58047173656","REQ45CE979BD7F86FFA","2025-10-02T23:33:48Z","2025-10-03T00:03:48Z","ASM7C33A2874141896B","1","failed","method_current","","","","","","","","","","2025-10-02T23:28:48Z","2025-10-03T01:03:48Z"
"SRCBCDFC4AE7A227DFF","vehicle_assessment","BAT0EFEC9A5D5DA","1.0","SYNVEH74824153348","REQ72352C0B82267679","2025-10-03T07:00:12Z","2025-10-03T08:30:12Z","ASMBA14C1324BA8B8A7","1","usable","method_current","tesla_model_y","crossover","2018","45562","km","83.2","percent","rough","2025-10-03T04:55:12Z","2025-10-03T06:55:12Z","2025-10-03T07:30:12Z"
"SRC69733861E6BEB2AB","vehicle_assessment","BAT0EFEC9A5D5DA","1.0","SYNVEH83428156285","REQ1D35E328EC7A9C17","2025-10-03T14:26:36Z","2025-10-03T14:56:36Z","ASM33C4BEC39CBFA4C6","1","usable","method_current","hyundai_ioniq_5","crossover","2019","45699","mi","85.9","percent","clean","2025-10-03T12:21:36Z","2025-10-03T14:21:36Z","2025-10-03T15:56:36Z"
"SRC3A66156FD1420084","vehicle_assessment","BAT0EFEC9A5D5DA","1.0","SYNVEH74824153348","REQ72352C0B82267679","2025-10-03T16:20:12Z","2025-10-03T17:50:12Z","ASMBA14C1324BA8B8A7","2","usable","method_current","tesla_model_y","crossover","2018","45562","km","83.1","percent","rough","2025-10-03T14:15:12Z","2025-10-03T16:15:12Z","2025-10-03T16:50:12Z"
"SRCDB7385BE137E9F37","vehicle_assessment","BAT0EFEC9A5D5DA","1.0","SYNVEH81960657531","REQ6D4808BDF908CBE9","2025-10-03T21:53:00Z","2025-10-03T23:23:00Z","ASM333CC61E0BC2B6CE","1","usable","method_current","ford_mustang_mach_e","crossover","2020","45836","km","85.6","percent","average","2025-10-03T19:48:00Z","2025-10-03T21:48:00Z","2025-10-03T22:23:00Z"
"SRCA7467324A5C329E9","vehicle_assessment","BAT0EFEC9A5D5DA","1.0","SYNVEH83428156285","REQ1D35E328EC7A9C17","2025-10-04T00:46:36Z","2025-10-04T01:16:36Z","ASM33C4BEC39CBFA4C6","2","usable","method_current","hyundai_ioniq_5","crossover","2019","45699","mi","86.0","percent","clean","2025-10-03T22:41:36Z","2025-10-04T00:41:36Z","2025-10-04T02:16:36Z"
"SRCBA7EC6076DBB2A6D","vehicle_assessment","BAT0EFEC9A5D5DA","1.0","SYNVEH17102551940","REQ2A6DE3F7E32F32E6","2025-10-04T05:19:24Z","2025-10-04T05:49:24Z","ASMEABD3B2D3A7649A8","1","usable","method_current","ford_f150_lightning","pickup","2021","45973","mi","87.3","percent","rough","2025-10-04T03:14:24Z","2025-10-04T05:14:24Z","2025-10-04T06:49:24Z"
"SRC626B9F358D93CC20","vehicle_assessment","BAT0EFEC9A5D5DA","1.0","SYNVEH86988495037","REQ1684F76DFB5503E3","2025-10-04T12:45:48Z","2025-10-04T14:15:48Z","ASM426CB7A1A68D0490","1","usable","method_current","chevrolet_bolt_ev","hatchback","2022","46110","km","91.1","percent","clean","2025-10-04T10:40:48Z","2025-10-04T12:40:48Z","2025-10-04T13:15:48Z"
"SRCCE5737AF05E1F09B","vehicle_assessment","BAT0EFEC9A5D5DA","1.0","SYNVEH64002854213","REQA4A2AD1ED56C10D1","2025-10-04T20:12:12Z","2025-10-04T20:42:12Z","ASMA9FA0066FDF45375","1","usable","method_current","nissan_leaf","hatchback","2023","46247","mi","92.7","percent","average","2025-10-04T18:07:12Z","2025-10-04T20:07:12Z","2025-10-04T21:42:12Z"
"SRC0E1490A8FE904F84","vehicle_assessment","BAT0EFEC9A5D5DA","1.0","SYNVEH08633916989","REQ18CFB13388A89818","2025-10-05T03:38:36Z","2025-10-05T05:08:36Z","ASM707FA846558C20B4","1","usable","method_current","tesla_model_3","sedan","2024","46384","km","83.4","percent","rough","2025-10-05T01:33:36Z","2025-10-05T03:33:36Z","2025-10-05T04:08:36Z"
"SRC5CA5B001CD7D8496","vehicle_assessment","BAT0EFEC9A5D5DA","1.0","SYNVEH89093367672","REQ19555A2DF3CE8A80","2025-10-05T11:05:00Z","2025-10-05T11:35:00Z","ASM236CE6E09D1FC854","1","usable","method_current","tesla_model_y","crossover","2025","46521","mi","86.1","percent","clean","2025-10-05T09:00:00Z","2025-10-05T11:00:00Z","2025-10-05T12:35:00Z"
"SRC806C177F2AA76825","vehicle_assessment","BAT0EFEC9A5D5DA","1.0","SYNVEH87214098923","REQEC6E0168BEC5E104","2025-10-05T18:31:24Z","2025-10-05T20:01:24Z","ASMB6DBBFF0B9099445","1","usable","method_current","hyundai_ioniq_5","crossover","2026","46658","km","88.9","percent","average","2025-10-05T16:26:24Z","2025-10-05T18:26:24Z","2025-10-05T19:01:24Z"
"SRC363819228736CBD4","vehicle_assessment","BAT0EFEC9A5D5DA","1.0","SYNVEH62907902016","REQ43D5ACD5712469F3","2025-10-06T01:57:48Z","2025-10-06T02:27:48Z","ASM5EAAC520AD99AD11","1","usable","method_current","ford_mustang_mach_e","crossover","2018","46795","mi","83.0","percent","rough","2025-10-05T23:52:48Z","2025-10-06T01:52:48Z","2025-10-06T03:27:48Z"
"SRCF8AC799B70BFEBC2","vehicle_assessment","BAT0EFEC9A5D5DA","1.0","SYNVEH78436367897","REQ0239954E2DAEDC1B","2025-10-06T09:24:12Z","2025-10-06T10:54:12Z","ASM044D1DDC5EAF2FEB","1","usable","method_current","ford_f150_lightning","pickup","2019","46932","km","94.2","percent","clean","2025-10-06T07:19:12Z","2025-10-06T09:19:12Z","2025-10-06T09:54:12Z"
"SRC1C06E749237870A6","vehicle_assessment","BAT0EFEC9A5D5DA","1.0","SYNVEH36760536083","REQE4F01EAD8941B743","2025-10-06T16:50:36Z","2025-10-06T17:20:36Z","ASM9BE1738F94D9C037","1","usable","method_current","chevrolet_bolt_ev","hatchback","2020","47069","mi","85.0","percent","average","2025-10-06T14:45:36Z","2025-10-06T16:45:36Z","2025-10-06T18:20:36Z"
"SRC3390666B4E6FFA33","vehicle_assessment","BAT0EFEC9A5D5DA","1.0","SYNVEH14898613165","REQ95A9A94C29D0159A","2025-10-07T00:17:00Z","2025-10-07T01:47:00Z","ASM94F7669B87B4B6FC","1","usable","method_current","nissan_leaf","hatchback","2021","47206","km","97.4","percent","rough","2025-10-06T22:12:00Z","2025-10-07T00:12:00Z","2025-10-07T00:47:00Z"
"SRC6D777070FA6A20B2","vehicle_assessment","BAT0EFEC9A5D5DA","1.0","SYNVEH48194302807","REQD8F0675F263A4422","2025-10-07T07:43:24Z","2025-10-07T08:13:24Z","ASMB13DF11C4FD8911B","1","usable","method_current","tesla_model_3","sedan","2022","47343","mi","93.8","percent","clean","2025-10-07T05:38:24Z","2025-10-07T07:38:24Z","2025-10-07T09:13:24Z"
"SRCD9F7731D64379A71","vehicle_assessment","BAT0EFEC9A5D5DA","1.0","SYNVEH35339975612","REQBA7496A878AFAE44","2025-10-07T15:09:48Z","2025-10-07T16:39:48Z","ASM56D58633BDBC3F3D","1","usable","method_current","tesla_model_y","crossover","2023","47480","km","88.7","percent","average","2025-10-07T13:04:48Z","2025-10-07T15:04:48Z","2025-10-07T15:39:48Z"
"SRC8D961325F5A19D0A","vehicle_assessment","BAT0EFEC9A5D5DA","1.0","SYNVEH40903964110","REQA6D605BAE27912C8","2025-10-07T22:36:12Z","2025-10-07T23:06:12Z","ASMA5065974FC78171E","1","usable","method_current","hyundai_ioniq_5","crossover","2024","47617","mi","84.5","percent","rough","2025-10-07T20:31:12Z","2025-10-07T22:31:12Z","2025-10-08T00:06:12Z"
"SRC4742B00C1F77921B","vehicle_assessment","BAT0EFEC9A5D5DA","1.0","SYNVEH45858461565","REQ8A8AE017AC391296","2025-10-08T06:02:36Z","2025-10-08T07:32:36Z","ASM0295BD1E273E2457","1","usable","method_current","ford_mustang_mach_e","crossover","2025","47754","km","90.8","percent","clean","2025-10-08T03:57:36Z","2025-10-08T05:57:36Z","2025-10-08T06:32:36Z"
"SRC5B09A46845BAB322","vehicle_assessment","BAT0EFEC9A5D5DA","1.0","SYNVEH28317215182","REQ519912A685BC3E66","2025-10-08T13:29:00Z","2025-10-08T13:59:00Z","ASMAB7FD55EB975F88F","1","usable","method_current","ford_f150_lightning","pickup","2026","47891","mi","84.4","percent","average","2025-10-08T11:24:00Z","2025-10-08T13:24:00Z","2025-10-08T14:59:00Z"
"SRC2670935A8EF13376","vehicle_assessment","BAT0EFEC9A5D5DA","1.0","SYNVEH55647280029","REQDB7162CC62CDDE87","2025-10-08T20:55:24Z","2025-10-08T22:25:24Z","ASM6D6E3C44412EC802","1","usable","method_current","chevrolet_bolt_ev","hatchback","2018","48028","km","92.5","percent","rough","2025-10-08T18:50:24Z","2025-10-08T20:50:24Z","2025-10-08T21:25:24Z"
"SRC1F2300D10F90CE22","vehicle_assessment","BAT0EFEC9A5D5DA","1.0","SYNVEH26318021347","REQ3E713130DE4A26A1","2025-10-09T04:21:48Z","2025-10-09T04:51:48Z","ASMA28C8B459E0422E9","1","usable","method_current","nissan_leaf","hatchback","2019","48165","mi","97.3","percent","clean","2025-10-09T02:16:48Z","2025-10-09T04:16:48Z","2025-10-09T05:51:48Z"
"SRC95250826F683ED94","vehicle_assessment","BAT0EFEC9A5D5DA","1.0","SYNVEH33739850824","REQ8B41841422EED49E","2025-10-09T11:48:12Z","2025-10-09T13:18:12Z","ASMFC7B7EBF07229A55","1","usable","method_current","tesla_model_3","sedan","2020","48302","km","81.8","percent","average","2025-10-09T09:43:12Z","2025-10-09T11:43:12Z","2025-10-09T12:18:12Z"
"SRCB654DB3EFE0E55FB","vehicle_assessment","BAT0EFEC9A5D5DA","1.0","SYNVEH52384197601","REQ02BEF87E1543627E","2025-10-09T19:14:36Z","2025-10-09T19:44:36Z","ASM709761468DAC4EF0","1","usable","method_current","tesla_model_y","crossover","2021","48439","mi","96.3","percent","rough","2025-10-09T17:09:36Z","2025-10-09T19:09:36Z","2025-10-09T20:44:36Z"
"SRC161B7105EB471293","vehicle_assessment","BAT0EFEC9A5D5DA","1.0","SYNVEH91372614645","REQ6B29DBA6471AB65E","2025-10-10T02:41:00Z","2025-10-10T04:11:00Z","ASM6E90AF390CAFF56C","1","usable","method_current","hyundai_ioniq_5","crossover","2022","48576","km","97.0","percent","clean","2025-10-10T00:36:00Z","2025-10-10T02:36:00Z","2025-10-10T03:11:00Z"
"SRCB8E3130A5B307215","vehicle_assessment","BAT0EFEC9A5D5DA","1.0","SYNVEH20488129233","REQA8B45D16EC4AC37B","2025-10-10T10:07:24Z","2025-10-10T10:37:24Z","ASM717F3822BABFC6F3","1","usable","method_current","ford_mustang_mach_e","crossover","2023","48713","mi","83.6","percent","average","2025-10-10T08:02:24Z","2025-10-10T10:02:24Z","2025-10-10T11:37:24Z"
"SRC40E48D881119484C","vehicle_assessment","BAT0EFEC9A5D5DA","1.0","SYNVEH71920792385","REQ17B4CDD49C2748B3","2025-10-10T17:33:48Z","2025-10-10T19:03:48Z","ASM8C15CC756270D552","1","usable","method_current","ford_f150_lightning","pickup","2024","48850","km","86.7","percent","rough","2025-10-10T15:28:48Z","2025-10-10T17:28:48Z","2025-10-10T18:03:48Z"
"SRC3D8233A9DCEA8603","vehicle_assessment","BAT0EFEC9A5D5DA","1.0","SYNVEH62311541081","REQ269D41B05F282C48","2025-10-11T01:00:12Z","2025-10-11T01:30:12Z","ASM76A2F95B84A97C32","1","usable","method_current","chevrolet_bolt_ev","hatchback","2025","48987","mi","88.1","percent","clean","2025-10-10T22:55:12Z","2025-10-11T00:55:12Z","2025-10-11T02:30:12Z"
"SRC64A6B074F55CB935","vehicle_assessment","BAT0EFEC9A5D5DA","1.0","SYNVEH08910409845","REQ9A0D6C689FD88176","2025-10-11T08:26:36Z","2025-10-11T09:56:36Z","ASM0E24114EAF91202E","1","usable","method_current","nissan_leaf","hatchback","2026","49124","km","92.1","percent","average","2025-10-11T06:21:36Z","2025-10-11T08:21:36Z","2025-10-11T08:56:36Z"
"SRCFED0EC8C183C7DFC","vehicle_assessment","BAT0EFEC9A5D5DA","1.0","SYNVEH65095093012","REQ2299D28B61524D74","2025-10-11T15:53:00Z","2025-10-11T16:23:00Z","ASMB829151B56AFD281","1","usable","method_current","tesla_model_3","sedan","2018","49261","mi","88.5","percent","rough","2025-10-11T13:48:00Z","2025-10-11T15:48:00Z","2025-10-11T17:23:00Z"
"SRCBE99E12692EEB35B","vehicle_assessment","BAT0EFEC9A5D5DA","1.0","SYNVEH12634065690","REQ0C50CA582B3CC022","2025-10-11T23:19:24Z","2025-10-12T00:49:24Z","ASMED79FED84F998CBE","1","usable","method_current","tesla_model_y","crossover","2019","49398","km","86.5","percent","clean","2025-10-11T21:14:24Z","2025-10-11T23:14:24Z","2025-10-11T23:49:24Z"
"SRC7E07ECD50F0FD383","vehicle_assessment","BAT0EFEC9A5D5DA","1.0","SYNVEH00243014768","REQ427297CF1F5C587F","2025-10-12T06:45:48Z","2025-10-12T07:15:48Z","ASM6E757FF2CAF70682","1","usable","method_current","hyundai_ioniq_5","crossover","2020","49535","mi","95.8","percent","average","2025-10-12T04:40:48Z","2025-10-12T06:40:48Z","2025-10-12T08:15:48Z"
"SRCAD2BAEADE165CBBE","vehicle_assessment","BAT0EFEC9A5D5DA","1.0","SYNVEH72157271471","REQB63CCAB8915B35D9","2025-10-12T14:12:12Z","2025-10-12T15:42:12Z","ASM52E9F33D398930E1","1","usable","method_current","ford_mustang_mach_e","crossover","2021","49672","km","93.5","percent","rough","2025-10-12T12:07:12Z","2025-10-12T14:07:12Z","2025-10-12T14:42:12Z"
"SRC45C51AFFC3278B72","vehicle_assessment","BAT0EFEC9A5D5DA","1.0","SYNVEH24988940961","REQ05D72CFEE7E5E257","2025-10-12T21:38:36Z","2025-10-12T22:08:36Z","ASME1920602C9A2C065","1","usable","method_current","ford_f150_lightning","pickup","2022","49809","mi","84.7","percent","clean","2025-10-12T19:33:36Z","2025-10-12T21:33:36Z","2025-10-12T23:08:36Z"
"SRC06E0C3E424B9B299","vehicle_assessment","BAT0EFEC9A5D5DA","1.0","SYNVEH21495843279","REQA532330560C581F0","2025-10-13T05:05:00Z","2025-10-13T06:35:00Z","ASM09A8AA6A69A4C7F1","1","usable","method_current","chevrolet_bolt_ev","hatchback","2023","49946","km","90.9","percent","average","2025-10-13T03:00:00Z","2025-10-13T05:00:00Z","2025-10-13T05:35:00Z"
"SRC35E294C5895BEF6A","vehicle_assessment","BAT0EFEC9A5D5DA","1.0","SYNVEH76982857517","REQAC9751F2C97789A8","2025-10-13T12:31:24Z","2025-10-13T13:01:24Z","ASM0BFE61D1206ED256","1","usable","method_current","nissan_leaf","hatchback","2024","50083","mi","90.3","percent","rough","2025-10-13T10:26:24Z","2025-10-13T12:26:24Z","2025-10-13T14:01:24Z"
"SRCBD38964C775EFB4D","vehicle_assessment","BAT0EFEC9A5D5DA","1.0","SYNVEH34133126755","REQ54C6E164F0B0BD0A","2025-10-13T19:57:48Z","2025-10-13T21:27:48Z","ASMF3783C73A083DA03","1","usable","method_current","tesla_model_3","sedan","2025","50220","km","92.8","percent","clean","2025-10-13T17:52:48Z","2025-10-13T19:52:48Z","2025-10-13T20:27:48Z"
"SRC0E8412FD8669D442","vehicle_assessment","BAT0EFEC9A5D5DA","1.0","SYNVEH72674847838","REQ0DC1FF9D92CF4508","2025-10-14T03:24:12Z","2025-10-14T03:54:12Z","ASM34B4C14680E8C510","1","usable","method_current","tesla_model_y","crossover","2026","50357","mi","84.3","percent","average","2025-10-14T01:19:12Z","2025-10-14T03:19:12Z","2025-10-14T04:54:12Z"
"SRC080D8C5E61D1E2D4","vehicle_assessment","BAT0EFEC9A5D5DA","1.0","SYNVEH43940309964","REQ65352780F6F720D8","2025-10-14T10:50:36Z","2025-10-14T12:20:36Z","ASMF74DFE930F989C69","1","usable","method_current","hyundai_ioniq_5","crossover","2018","50494","km","82.6","percent","rough","2025-10-14T08:45:36Z","2025-10-14T10:45:36Z","2025-10-14T11:20:36Z"
"SRC4B21C56436366C17","vehicle_assessment","BAT0EFEC9A5D5DA","1.0","SYNVEH84515964349","REQ18C977C139D962A8","2025-10-14T18:17:00Z","2025-10-14T18:47:00Z","ASM0F53B98B85D92EC2","1","usable","method_current","ford_mustang_mach_e","crossover","2019","50631","mi","94.1","percent","clean","2025-10-14T16:12:00Z","2025-10-14T18:12:00Z","2025-10-14T19:47:00Z"
"SRCA11A43546A387CE9","vehicle_assessment","BAT0EFEC9A5D5DA","1.0","SYNVEH71232572597","REQ6266E01A5D4A11E8","2025-10-15T01:43:24Z","2025-10-15T03:13:24Z","ASM190030CE825FFFC1","1","usable","method_current","ford_f150_lightning","pickup","2020","50768","km","89.1","percent","average","2025-10-14T23:38:24Z","2025-10-15T01:38:24Z","2025-10-15T02:13:24Z"
"SRC3977B90F688C975F","vehicle_assessment","BAT0EFEC9A5D5DA","1.0","SYNVEH06997644629","REQ163DBDDB9A32F412","2025-10-15T09:09:48Z","2025-10-15T09:39:48Z","ASMB36F993D448F8A92","1","usable","method_current","chevrolet_bolt_ev","hatchback","2021","50905","mi","85.5","percent","rough","2025-10-15T07:04:48Z","2025-10-15T09:04:48Z","2025-10-15T10:39:48Z"
"SRC817399E52D7CBEB1","vehicle_assessment","BAT0EFEC9A5D5DA","1.0","SYNVEH72222295535","REQFF7E4C51C46C0270","2025-10-15T16:36:12Z","2025-10-15T18:06:12Z","ASM9B51459321E3257F","1","usable","method_current","nissan_leaf","hatchback","2022","51042","km","87.4","percent","clean","2025-10-15T14:31:12Z","2025-10-15T16:31:12Z","2025-10-15T17:06:12Z"
"SRCDFF0378A8A5B0F4B","vehicle_assessment","BAT0EFEC9A5D5DA","1.0","SYNVEH87575745220","REQF8F75C5BCD09E51E","2025-10-16T00:02:36Z","2025-10-16T00:32:36Z","ASMBCD51263FA28F374","1","usable","method_current","tesla_model_3","sedan","2023","51179","mi","91.5","percent","average","2025-10-15T21:57:36Z","2025-10-15T23:57:36Z","2025-10-16T01:32:36Z"
"SRC4E0CE5ECFE2A4852","vehicle_assessment","BAT0EFEC9A5D5DA","1.0","SYNVEH16576671530","REQ43789515F06E7AD9","2025-10-16T07:29:00Z","2025-10-16T08:59:00Z","ASMF651A7C2005F654C","1","usable","method_current","tesla_model_y","crossover","2024","51316","km","93.6","percent","rough","2025-10-16T05:24:00Z","2025-10-16T07:24:00Z","2025-10-16T07:59:00Z"
"SRCD5BB24CFDCBE488B","vehicle_assessment","BAT0EFEC9A5D5DA","1.0","SYNVEH83537028156","REQDE1FCA2A3E5239FA","2025-10-16T14:55:24Z","2025-10-16T15:25:24Z","ASMC18855B33B6E5019","1","usable","method_current","hyundai_ioniq_5","crossover","2025","51453","mi","86.7","percent","clean","2025-10-16T12:50:24Z","2025-10-16T14:50:24Z","2025-10-16T16:25:24Z"
"SRC3A973113C9DFAB28","vehicle_assessment","BAT0EFEC9A5D5DA","1.0","SYNVEH86568472239","REQFA543B1581EF4D03","2025-10-16T22:21:48Z","2025-10-16T23:51:48Z","ASM317E9409030DA5DC","1","usable","method_current","ford_mustang_mach_e","crossover","2026","51590","km","86.9","percent","average","2025-10-16T20:16:48Z","2025-10-16T22:16:48Z","2025-10-16T22:51:48Z"
"SRC8D931E04EB8CF8B2","vehicle_assessment","BAT0EFEC9A5D5DA","1.0","SYNVEH78544051936","REQ9A03BFE3DFCBE5D4","2025-10-17T05:48:12Z","2025-10-17T06:18:12Z","ASM02EFAF3A42CFEA4F","1","usable","method_current","ford_f150_lightning","pickup","2018","51727","mi","94.2","percent","rough","2025-10-17T03:43:12Z","2025-10-17T05:43:12Z","2025-10-17T07:18:12Z"
"SRC4684C0707B2F0CDB","vehicle_assessment","BAT0EFEC9A5D5DA","1.0","SYNVEH68723049938","REQ32A6FA622F731629","2025-10-17T13:14:36Z","2025-10-17T14:44:36Z","ASM9012950BDFEAD935","1","usable","method_current","chevrolet_bolt_ev","hatchback","2019","51864","km","84.3","percent","clean","2025-10-17T11:09:36Z","2025-10-17T13:09:36Z","2025-10-17T13:44:36Z"
"SRCE3D9409BECA6DA18","vehicle_assessment","BAT0EFEC9A5D5DA","1.0","SYNVEH70088471860","REQ7012FD22DF13C0C4","2025-10-17T20:41:00Z","2025-10-17T21:11:00Z","ASM6BFD4E4366F05EC6","1","usable","method_current","nissan_leaf","hatchback","2020","52001","mi","93.7","percent","average","2025-10-17T18:36:00Z","2025-10-17T20:36:00Z","2025-10-17T22:11:00Z"
"SRC946014BB87D4443A","vehicle_assessment","BAT0EFEC9A5D5DA","1.0","SYNVEH81966401665","REQ952CA33CB6504A32","2025-10-18T04:07:24Z","2025-10-18T05:37:24Z","ASMAB3DDCF6477998A7","1","usable","method_current","tesla_model_3","sedan","2021","52138","km","94.8","percent","rough","2025-10-18T02:02:24Z","2025-10-18T04:02:24Z","2025-10-18T04:37:24Z"
"SRCF249B221242F921C","vehicle_assessment","BAT0EFEC9A5D5DA","1.0","SYNVEH69707599060","REQ641F16F6FA2E467E","2025-10-18T11:33:48Z","2025-10-18T12:03:48Z","ASM6754B05A52B10332","1","usable","method_current","tesla_model_y","crossover","2022","52275","mi","86.3","percent","clean","2025-10-18T09:28:48Z","2025-10-18T11:28:48Z","2025-10-18T13:03:48Z"
"SRC7D091FF5ED65B41D","vehicle_assessment","BAT0EFEC9A5D5DA","1.0","SYNVEH73610491040","REQA9A70E426B642672","2025-10-18T19:00:12Z","2025-10-18T20:30:12Z","ASM4888D50AF917F43B","1","usable","method_current","hyundai_ioniq_5","crossover","2023","52412","km","85.8","percent","average","2025-10-18T16:55:12Z","2025-10-18T18:55:12Z","2025-10-18T19:30:12Z"
"SRC9C8219BC8A18848D","vehicle_assessment","BAT0EFEC9A5D5DA","1.0","SYNVEH52569423597","REQA5A08705BF5BACAD","2025-10-19T02:26:36Z","2025-10-19T02:56:36Z","ASMDDD890B53E928B24","1","usable","method_current","ford_mustang_mach_e","crossover","2024","52549","mi","88.4","percent","rough","2025-10-19T00:21:36Z","2025-10-19T02:21:36Z","2025-10-19T03:56:36Z"
"SRC900F7ACBC338FB03","vehicle_assessment","BAT0EFEC9A5D5DA","1.0","SYNVEH47340246172","REQ29FCEF23CF549EA1","2025-10-19T09:53:00Z","2025-10-19T11:23:00Z","ASMA91657FDB81D915A","1","usable","method_current","ford_f150_lightning","pickup","2025","52686","km","95.3","percent","clean","2025-10-19T07:48:00Z","2025-10-19T09:48:00Z","2025-10-19T10:23:00Z"
"SRC24A66EBFAF7EBC05","vehicle_assessment","BAT0EFEC9A5D5DA","1.0","SYNVEH10819115113","REQ33B1DAF54BAE2B75","2025-10-19T17:19:24Z","2025-10-19T17:49:24Z","ASMB11F75DFFB2B4DF5","1","usable","method_current","chevrolet_bolt_ev","hatchback","2026","52823","mi","89.1","percent","average","2025-10-19T15:14:24Z","2025-10-19T17:14:24Z","2025-10-19T18:49:24Z"
"SRCAF9325FF50C18F65","vehicle_assessment","BAT0EFEC9A5D5DA","1.0","SYNVEH17757594666","REQD18F5645EF5C0BD0","2025-10-20T00:45:48Z","2025-10-20T02:15:48Z","ASMCFCF241F49A82FD6","1","usable","method_current","nissan_leaf","hatchback","2018","52960","km","95.9","percent","rough","2025-10-19T22:40:48Z","2025-10-20T00:40:48Z","2025-10-20T01:15:48Z"
"SRCE3C499C3DAA3C262","vehicle_assessment","BAT0EFEC9A5D5DA","1.0","SYNVEH83792724859","REQ29A2D71FB0193F81","2025-10-20T08:12:12Z","2025-10-20T08:42:12Z","ASMFCB7CE1092368711","1","usable","method_current","tesla_model_3","sedan","2019","53097","mi","90.8","percent","clean","2025-10-20T06:07:12Z","2025-10-20T08:07:12Z","2025-10-20T09:42:12Z"
"SRCBF188A38F3B42AA7","vehicle_assessment","BAT0EFEC9A5D5DA","1.0","SYNVEH84525944667","REQB6F793987717C51C","2025-10-20T15:38:36Z","2025-10-20T17:08:36Z","ASMF848B1B03A9C0394","1","usable","method_current","tesla_model_y","crossover","2020","53234","km","88.0","percent","average","2025-10-20T13:33:36Z","2025-10-20T15:33:36Z","2025-10-20T16:08:36Z"
"SRC2DBB2309F3AE6B15","vehicle_assessment","BAT0EFEC9A5D5DA","1.0","SYNVEH27282604198","REQ72BA99DBC3CA2D61","2025-10-20T23:05:00Z","2025-10-20T23:35:00Z","ASM7A0F320FA92BA99F","1","usable","method_current","hyundai_ioniq_5","crossover","2021","53371","mi","83.9","percent","rough","2025-10-20T21:00:00Z","2025-10-20T23:00:00Z","2025-10-21T00:35:00Z"
"SRC4E1B148BD3CEBDF4","vehicle_assessment","BAT0EFEC9A5D5DA","1.0","SYNVEH10631843252","REQE9C9FAEE7080B278","2025-10-21T06:31:24Z","2025-10-21T08:01:24Z","ASM8BF1C706C0BE553B","1","usable","method_current","ford_mustang_mach_e","crossover","2022","53508","km","83.7","percent","clean","2025-10-21T04:26:24Z","2025-10-21T06:26:24Z","2025-10-21T07:01:24Z"
"SRC76183C179BCB8F09","vehicle_assessment","BAT0EFEC9A5D5DA","1.0","SYNVEH63280877907","REQAB843F2D4962FDBF","2025-10-21T13:57:48Z","2025-10-21T14:27:48Z","ASM3592B8426FF7B08A","1","usable","method_current","ford_f150_lightning","pickup","2023","53645","mi","91.0","percent","average","2025-10-21T11:52:48Z","2025-10-21T13:52:48Z","2025-10-21T15:27:48Z"
"SRC6A5099584B64851F","vehicle_assessment","BAT0EFEC9A5D5DA","1.0","SYNVEH96978940095","REQ6CFAE0AF6CBB1A77","2025-10-21T21:24:12Z","2025-10-21T22:54:12Z","ASMC90FB0C9E7AEE73B","1","usable","method_current","chevrolet_bolt_ev","hatchback","2024","53782","km","95.3","percent","rough","2025-10-21T19:19:12Z","2025-10-21T21:19:12Z","2025-10-21T21:54:12Z"
"SRC66F04A81944B2EF7","vehicle_assessment","BAT0EFEC9A5D5DA","1.0","SYNVEH42391728723","REQ3E63EE19D0339FBA","2025-10-22T04:50:36Z","2025-10-22T05:20:36Z","ASMF56DF69623B22935","1","usable","method_current","nissan_leaf","hatchback","2025","53919","mi","93.3","percent","clean","2025-10-22T02:45:36Z","2025-10-22T04:45:36Z","2025-10-22T06:20:36Z"
"SRC7758C4A36A781C80","vehicle_assessment","BAT0EFEC9A5D5DA","1.0","SYNVEH38124488358","REQDD2F83B9EFD2F4BD","2025-10-22T12:17:00Z","2025-10-22T13:47:00Z","ASM660B810BF494F28F","1","usable","method_current","tesla_model_3","sedan","2026","54056","km","83.5","percent","average","2025-10-22T10:12:00Z","2025-10-22T12:12:00Z","2025-10-22T12:47:00Z"
"SRC248ABDCE89ED94DD","vehicle_assessment","BAT0EFEC9A5D5DA","1.0","SYNVEH22512189189","REQC14C7309B76F3C87","2025-10-22T19:43:24Z","2025-10-22T20:13:24Z","ASM1C512151AF9779BE","1","usable","method_current","tesla_model_y","crossover","2018","54193","mi","87.7","percent","rough","2025-10-22T17:38:24Z","2025-10-22T19:38:24Z","2025-10-22T21:13:24Z"
"SRC8903FDF0CC4CC921","vehicle_assessment","BAT0EFEC9A5D5DA","1.0","SYNVEH48502856326","REQEF08C254323465DE","2025-10-23T03:09:48Z","2025-10-23T04:39:48Z","ASM4F1395286F732DBE","1","usable","method_current","hyundai_ioniq_5","crossover","2019","54330","km","84.8","percent","clean","2025-10-23T01:04:48Z","2025-10-23T03:04:48Z","2025-10-23T03:39:48Z"
"SRC6203E334A0B642E1","vehicle_assessment","BAT0EFEC9A5D5DA","1.0","SYNVEH15453524850","REQ45464485D78F7AEF","2025-10-23T10:36:12Z","2025-10-23T11:06:12Z","ASM9514F47F9351FD28","1","usable","method_current","ford_mustang_mach_e","crossover","2020","54467","mi","84.0","percent","average","2025-10-23T08:31:12Z","2025-10-23T10:31:12Z","2025-10-23T12:06:12Z"
"SRC29EC3218EB38A41C","vehicle_assessment","BAT0EFEC9A5D5DA","1.0","SYNVEH88303084221","REQ2645617B3C3CF7DA","2025-10-23T18:02:36Z","2025-10-23T19:32:36Z","ASMF67EB174D9DDB10F","1","usable","method_current","ford_f150_lightning","pickup","2021","54604","km","87.4","percent","rough","2025-10-23T15:57:36Z","2025-10-23T17:57:36Z","2025-10-23T18:32:36Z"
"SRC01E22AC79AA4FFA4","vehicle_assessment","BAT0EFEC9A5D5DA","1.0","SYNVEH16998097459","REQ3D327BFEDE7B5359","2025-10-24T01:29:00Z","2025-10-24T01:59:00Z","ASMAD44677882F12170","1","usable","method_current","chevrolet_bolt_ev","hatchback","2022","54741","mi","95.6","percent","clean","2025-10-23T23:24:00Z","2025-10-24T01:24:00Z","2025-10-24T02:59:00Z"
"SRCB4F4C54AFA26B0F8","vehicle_assessment","BAT0EFEC9A5D5DA","1.0","SYNVEH49936648148","REQEC51F39B32744385","2025-10-24T08:55:24Z","2025-10-24T10:25:24Z","ASM09A93BF24621FDE0","1","usable","method_current","nissan_leaf","hatchback","2023","54878","km","90.3","percent","average","2025-10-24T06:50:24Z","2025-10-24T08:50:24Z","2025-10-24T09:25:24Z"
"SRC56CF8493149FAC70","vehicle_assessment","BAT0EFEC9A5D5DA","1.0","SYNVEH43097723546","REQ0E05F8C7CF190AEF","2025-10-24T16:21:48Z","2025-10-24T16:51:48Z","ASMFEEF697A01F21654","1","usable","method_current","tesla_model_3","sedan","2024","55015","mi","91.2","percent","rough","2025-10-24T14:16:48Z","2025-10-24T16:16:48Z","2025-10-24T17:51:48Z"
"SRC07B6C71787EC59A8","vehicle_assessment","BAT0EFEC9A5D5DA","1.0","SYNVEH14905898550","REQ18E4DD21C076773A","2025-10-24T23:48:12Z","2025-10-25T01:18:12Z","ASM4C4D14D460320B5A","1","usable","method_current","tesla_model_y","crossover","2025","55152","km","93.7","percent","clean","2025-10-24T21:43:12Z","2025-10-24T23:43:12Z","2025-10-25T00:18:12Z"
"SRC24D327A49BDB22A6","vehicle_assessment","BAT0EFEC9A5D5DA","1.0","SYNVEH14018123383","REQAF16B02113B31F75","2025-10-25T07:14:36Z","2025-10-25T07:44:36Z","ASMEC67603601AD6ACB","1","usable","method_current","hyundai_ioniq_5","crossover","2026","55289","mi","90.5","percent","average","2025-10-25T05:09:36Z","2025-10-25T07:09:36Z","2025-10-25T08:44:36Z"
"SRCE0BA43D8918FDEB3","vehicle_assessment","BAT0EFEC9A5D5DA","1.0","SYNVEH82855932100","REQ920A7CBA477E4D6E","2025-10-25T14:41:00Z","2025-10-25T16:11:00Z","ASMB95A9C33A9D7165E","1","usable","method_current","ford_mustang_mach_e","crossover","2018","55426","km","89.1","percent","rough","2025-10-25T12:36:00Z","2025-10-25T14:36:00Z","2025-10-25T15:11:00Z"
"SRCDF3BF98BD7F45AAD","vehicle_assessment","BAT0EFEC9A5D5DA","1.0","SYNVEH00099968708","REQ2D201C70C3483277","2025-10-25T22:07:24Z","2025-10-25T22:37:24Z","ASM036F9D2C03C06246","1","usable","method_current","ford_f150_lightning","pickup","2019","55563","mi","83.3","percent","clean","2025-10-25T20:02:24Z","2025-10-25T22:02:24Z","2025-10-25T23:37:24Z"
"SRC7AB433FC0E1F2DC6","vehicle_assessment","BAT0EFEC9A5D5DA","1.0","SYNVEH71139716849","REQ126D2D00C13C9397","2025-10-26T05:33:48Z","2025-10-26T07:03:48Z","ASM12680078C3A4625C","1","usable","method_current","chevrolet_bolt_ev","hatchback","2020","55700","km","90.6","percent","average","2025-10-26T03:28:48Z","2025-10-26T05:28:48Z","2025-10-26T06:03:48Z"
"SRCD7194BABFF90BB65","vehicle_assessment","BAT0EFEC9A5D5DA","1.0","SYNVEH82291747964","REQ04AC6448230B5565","2025-10-26T13:00:12Z","2025-10-26T13:30:12Z","ASM475DFF5DBD1AB410","1","usable","method_current","nissan_leaf","hatchback","2021","55837","mi","93.4","percent","rough","2025-10-26T10:55:12Z","2025-10-26T12:55:12Z","2025-10-26T14:30:12Z"
"SRC3A849FCF7131DBB2","vehicle_assessment","BAT0EFEC9A5D5DA","1.0","SYNVEH02318239805","REQDCF0D5E8BF685F8A","2025-10-26T20:26:36Z","2025-10-26T21:56:36Z","ASME7EC9D3602A07855","1","usable","method_current","tesla_model_3","sedan","2022","55974","km","88.5","percent","clean","2025-10-26T18:21:36Z","2025-10-26T20:21:36Z","2025-10-26T20:56:36Z"
"SRCE367C7D90794B9CA","vehicle_assessment","BAT0EFEC9A5D5DA","1.0","SYNVEH26495585716","REQ60C843EAD590FD09","2025-10-27T03:53:00Z","2025-10-27T04:23:00Z","ASM68F21B280FB069E2","1","usable","method_current","tesla_model_y","crossover","2023","56111","mi","90.2","percent","average","2025-10-27T01:48:00Z","2025-10-27T03:48:00Z","2025-10-27T05:23:00Z"
"SRCE298B93EAC4771DF","vehicle_assessment","BAT0EFEC9A5D5DA","1.0","SYNVEH90390361373","REQB5116C04C028182C","2025-10-27T11:19:24Z","2025-10-27T12:49:24Z","ASMF28D6B5130ADD144","1","usable","method_current","hyundai_ioniq_5","crossover","2024","56248","km","91.1","percent","rough","2025-10-27T09:14:24Z","2025-10-27T11:14:24Z","2025-10-27T11:49:24Z"
"SRC86141DAE2D3EBEA2","vehicle_assessment","BAT0EFEC9A5D5DA","1.0","SYNVEH68199821333","REQ8FB5F8CEBB4EFEE7","2025-10-27T18:45:48Z","2025-10-27T19:15:48Z","ASM06F6E45BD1E9CC2C","1","usable","method_current","ford_mustang_mach_e","crossover","2025","56385","mi","90.1","percent","clean","2025-10-27T16:40:48Z","2025-10-27T18:40:48Z","2025-10-27T20:15:48Z"
"SRC1C97B710478EE1BF","vehicle_assessment","BAT0EFEC9A5D5DA","1.0","SYNVEH38948745096","REQC09960DF89A3AE2D","2025-10-28T02:12:12Z","2025-10-28T03:42:12Z","ASM65097748DD902442","1","usable","method_current","ford_f150_lightning","pickup","2026","56522","km","94.1","percent","average","2025-10-28T00:07:12Z","2025-10-28T02:07:12Z","2025-10-28T02:42:12Z"
"SRCE7AD46198323DF83","vehicle_assessment","BAT0EFEC9A5D5DA","1.0","SYNVEH75467346494","REQ085A04081C8D78B4","2025-10-28T09:38:36Z","2025-10-28T10:08:36Z","ASM62FE49336E49B89E","1","usable","method_current","chevrolet_bolt_ev","hatchback","2018","56659","mi","93.6","percent","rough","2025-10-28T07:33:36Z","2025-10-28T09:33:36Z","2025-10-28T11:08:36Z"
"SRCA899C49A4460957A","vehicle_assessment","BAT0EFEC9A5D5DA","1.0","SYNVEH97257362878","REQA2DD6AEC970235BB","2025-10-28T17:05:00Z","2025-10-28T18:35:00Z","ASM0BE1358BC88F86C9","1","usable","method_current","nissan_leaf","hatchback","2019","56796","km","96.1","percent","clean","2025-10-28T15:00:00Z","2025-10-28T17:00:00Z","2025-10-28T17:35:00Z"
"SRCC8ABECD8F15459A1","vehicle_assessment","BAT0EFEC9A5D5DA","1.0","SYNVEH88567578996","REQ3B329BBEA3CB1C68","2025-10-29T00:31:24Z","2025-10-29T01:01:24Z","ASM30B032FDB867E918","1","usable","method_current","tesla_model_3","sedan","2020","56933","mi","89.0","percent","average","2025-10-28T22:26:24Z","2025-10-29T00:26:24Z","2025-10-29T02:01:24Z"
"SRCB77A6D41322BC90F","vehicle_assessment","BAT0EFEC9A5D5DA","1.0","SYNVEH48643776214","REQ8963B1EF9BE4070A","2025-10-29T07:57:48Z","2025-10-29T09:27:48Z","ASM0EF143EC645125B0","1","usable","method_current","tesla_model_y","crossover","2021","57070","km","84.8","percent","rough","2025-10-29T05:52:48Z","2025-10-29T07:52:48Z","2025-10-29T08:27:48Z"
"SRCF7A803FE44D904CB","vehicle_assessment","BAT0EFEC9A5D5DA","1.0","SYNVEH96430923905","REQ36CBE6FEB3551247","2025-10-29T15:24:12Z","2025-10-29T15:54:12Z","ASMC9F615F01C224A86","1","usable","method_current","hyundai_ioniq_5","crossover","2022","57207","mi","91.9","percent","clean","2025-10-29T13:19:12Z","2025-10-29T15:19:12Z","2025-10-29T16:54:12Z"
"SRC03EEC281ED1EE867","vehicle_assessment","BAT0EFEC9A5D5DA","1.0","SYNVEH61707817998","REQ5B58653BEEA7CA31","2025-10-29T22:50:36Z","2025-10-30T00:20:36Z","ASM36B060039459A8B3","1","usable","method_current","ford_mustang_mach_e","crossover","2023","57344","km","91.9","percent","average","2025-10-29T20:45:36Z","2025-10-29T22:45:36Z","2025-10-29T23:20:36Z"
"SRC8B42E96ECA16FD08","vehicle_assessment","BAT0EFEC9A5D5DA","1.0","SYNVEH87715384819","REQ910338A4A23C650F","2025-10-30T06:17:00Z","2025-10-30T06:47:00Z","ASM136241D3AC909646","1","usable","method_current","ford_f150_lightning","pickup","2024","57481","mi","85.0","percent","rough","2025-10-30T04:12:00Z","2025-10-30T06:12:00Z","2025-10-30T07:47:00Z"
"SRC2724921E749578CD","vehicle_assessment","BAT0EFEC9A5D5DA","1.0","SYNVEH25037370694","REQ61CCAD2BC8C3F339","2025-10-30T13:43:24Z","2025-10-30T15:13:24Z","ASMD90A1E7FEAF72BA7","1","usable","method_current","chevrolet_bolt_ev","hatchback","2025","57618","km","87.7","percent","clean","2025-10-30T11:38:24Z","2025-10-30T13:38:24Z","2025-10-30T14:13:24Z"
"SRCE14220F702C4AD6D","vehicle_assessment","BAT0EFEC9A5D5DA","1.0","SYNVEH59008362217","REQ347870312C53BD4C","2025-10-30T21:09:48Z","2025-10-30T21:39:48Z","ASM0CBB48F765E95DA3","1","usable","method_current","nissan_leaf","hatchback","2026","57755","mi","96.1","percent","average","2025-10-30T19:04:48Z","2025-10-30T21:04:48Z","2025-10-30T22:39:48Z"
"SRCC3983967DC235114","vehicle_assessment","BAT0EFEC9A5D5DA","1.0","SYNVEH44780821716","REQC69F70AF8E4DF434","2025-11-01T17:12:49Z","2025-11-01T18:42:49Z","ASMA15642454780E862","1","failed","method_current","","","","","","","","","","2025-11-01T17:07:49Z","2025-11-01T17:42:49Z"
"SRC25A2A6252935E529","vehicle_assessment","BAT0EFEC9A5D5DA","1.0","SYNVEH38022183256","REQ10AC70B29B66C10E","2025-11-01T23:28:28Z","2025-11-01T23:58:28Z","ASM45B2519F23606128","1","failed","method_current","","","","","","","","","","2025-11-01T23:23:28Z","2025-11-02T00:58:28Z"
"SRC9BACF9C50CF4E38C","vehicle_assessment","BAT0EFEC9A5D5DA","1.0","SYNVEH56420608734","REQ3D81C42DDC3FFE94","2025-11-02T05:44:07Z","2025-11-02T07:14:07Z","ASM0F325A284AFDC17C","1","failed","method_current","","","","","","","","","","2025-11-02T05:39:07Z","2025-11-02T06:14:07Z"
"SRC98CAFF36A9498B74","vehicle_assessment","BAT0EFEC9A5D5DA","1.0","SYNVEH59432802260","REQ5BD2C203CE1F84D7","2025-11-02T11:59:46Z","2025-11-02T12:29:46Z","ASM121F37523E5FEB80","1","failed","method_current","","","","","","","","","","2025-11-02T11:54:46Z","2025-11-02T13:29:46Z"
"SRC732656C2829CC454","vehicle_assessment","BAT0EFEC9A5D5DA","1.0","SYNVEH95008832541","REQ3C87C18CED7219B6","2025-11-02T18:15:26Z","2025-11-02T19:45:26Z","ASM0EFE50F1C4185685","1","failed","method_current","","","","","","","","","","2025-11-02T18:10:26Z","2025-11-02T18:45:26Z"
"SRCE70D821128F7D634","vehicle_assessment","BAT0EFEC9A5D5DA","1.0","SYNVEH19615265196","REQBF5F5A71556F2BDC","2025-11-03T00:31:05Z","2025-11-03T01:01:05Z","ASM10CB1A20ED8A4E46","1","failed","method_current","","","","","","","","","","2025-11-03T00:26:05Z","2025-11-03T02:01:05Z"
"SRCBB78958158E4A9AE","vehicle_assessment","BAT0EFEC9A5D5DA","1.0","SYNVEH42254532913","REQ75D2644CBF10867C","2025-11-03T06:46:44Z","2025-11-03T08:16:44Z","ASMF083871861B92255","1","failed","method_current","","","","","","","","","","2025-11-03T06:41:44Z","2025-11-03T07:16:44Z"
"SRC7212811AA38355D8","vehicle_assessment","BAT0EFEC9A5D5DA","1.0","SYNVEH14127951905","REQCF02169F95578CA0","2025-11-03T13:02:23Z","2025-11-03T13:32:23Z","ASMB0442ACF0B6B3C5B","1","failed","method_current","","","","","","","","","","2025-11-03T12:57:23Z","2025-11-03T14:32:23Z"
"SRC14EBA6BC78C16D2D","vehicle_assessment","BAT0EFEC9A5D5DA","1.0","SYNVEH20919361235","REQ27BDEC0D94D14A0D","2025-11-03T19:18:02Z","2025-11-03T20:48:02Z","ASM5E7361761968DF3E","1","failed","method_current","","","","","","","","","","2025-11-03T19:13:02Z","2025-11-03T19:48:02Z"
"SRC6FA81911B1C5F0C4","vehicle_assessment","BAT0EFEC9A5D5DA","1.0","SYNVEH50975501178","REQ96C8E7011B8B9E6B","2025-11-04T01:33:41Z","2025-11-04T02:03:41Z","ASM016D973A90CCFD7D","1","failed","method_current","","","","","","","","","","2025-11-04T01:28:41Z","2025-11-04T03:03:41Z"
"SRC111E706A802FEE50","vehicle_assessment","BAT0EFEC9A5D5DA","1.0","SYNVEH51506205041","REQC3FDD86E51928F21","2025-11-04T07:49:20Z","2025-11-04T09:19:20Z","ASM2BE4FB020E2C132B","1","failed","method_current","","","","","","","","","","2025-11-04T07:44:20Z","2025-11-04T08:19:20Z"
"SRC205D3CB6B69947A6","vehicle_assessment","BAT0EFEC9A5D5DA","1.0","SYNVEH01172063953","REQ374E26D28E2168C9","2025-11-04T14:05:00Z","2025-11-04T14:35:00Z","ASM069E0D92337A47E7","1","usable","method_current","hyundai_ioniq_5","crossover","2025","60084","km","83.6","percent","clean","2025-11-04T12:00:00Z","2025-11-04T14:00:00Z","2025-11-04T15:35:00Z"
"SRCFFED2E2BB1D1ECDA","vehicle_assessment","BAT0EFEC9A5D5DA","1.0","SYNVEH14873091326","REQB737D9F1B93CFF49","2025-11-04T20:20:39Z","2025-11-04T21:50:39Z","ASM86FAE84F9A426A3D","1","usable","method_current","ford_mustang_mach_e","crossover","2026","60221","mi","92.3","percent","average","2025-11-04T18:15:39Z","2025-11-04T20:15:39Z","2025-11-04T20:50:39Z"
"SRCD3FB9119FD56A7DE","vehicle_assessment","BAT0EFEC9A5D5DA","1.0","SYNVEH30539292688","REQ27371D84D4243F01","2025-11-05T02:36:18Z","2025-11-05T03:06:18Z","ASM4B2F2DD92B6C9B5F","1","usable","method_current","ford_f150_lightning","pickup","2018","60358","km","88.4","percent","rough","2025-11-05T00:31:18Z","2025-11-05T02:31:18Z","2025-11-05T04:06:18Z"
"SRCA70F419F5F5F046E","vehicle_assessment","BAT0EFEC9A5D5DA","1.0","SYNVEH52814480222","REQ90E315776DFD3600","2025-11-05T08:51:57Z","2025-11-05T10:21:57Z","ASMB3BCD7E0091E82BC","1","usable","method_current","chevrolet_bolt_ev","hatchback","2019","60495","mi","89.4","percent","clean","2025-11-05T06:46:57Z","2025-11-05T08:46:57Z","2025-11-05T09:21:57Z"
"SRC76488A3F314DFCF9","vehicle_assessment","BAT0EFEC9A5D5DA","1.0","SYNVEH76234501497","REQ4569DB13E0FDF3FB","2025-11-05T15:07:36Z","2025-11-05T15:37:36Z","ASM0045D6DE17FC8FA5","1","usable","method_current","nissan_leaf","hatchback","2020","60632","km","87.2","percent","average","2025-11-05T13:02:36Z","2025-11-05T15:02:36Z","2025-11-05T16:37:36Z"
"SRCAC0A14583C655FC7","vehicle_assessment","BAT0EFEC9A5D5DA","1.0","SYNVEH90217881248","REQF9A43EC533F0768D","2025-11-05T21:23:15Z","2025-11-05T22:53:15Z","ASMCD4B8EBE85DBFC52","1","usable","method_current","tesla_model_3","sedan","2021","60769","mi","89.2","percent","rough","2025-11-05T19:18:15Z","2025-11-05T21:18:15Z","2025-11-05T21:53:15Z"
"SRCC357566436BBA5F0","vehicle_assessment","BAT0EFEC9A5D5DA","1.0","SYNVEH05239593517","REQDD7D050303E298B7","2025-11-06T03:38:54Z","2025-11-06T04:08:54Z","ASM841961E202C04360","1","usable","method_current","tesla_model_y","crossover","2022","60906","km","91.0","percent","clean","2025-11-06T01:33:54Z","2025-11-06T03:33:54Z","2025-11-06T05:08:54Z"
"SRC4FC62B8913DBDC3B","vehicle_assessment","BAT0EFEC9A5D5DA","1.0","SYNVEH56001170437","REQD9970C2D9F34B421","2025-11-06T09:54:33Z","2025-11-06T11:24:33Z","ASMEF16DDAF5E31FF58","1","usable","method_current","hyundai_ioniq_5","crossover","2023","61043","mi","86.0","percent","average","2025-11-06T07:49:33Z","2025-11-06T09:49:33Z","2025-11-06T10:24:33Z"
"SRC77E6D14B91FDE1EE","vehicle_assessment","BAT0EFEC9A5D5DA","1.0","SYNVEH84295164341","REQ9CEA197F9E65C06B","2025-11-06T16:10:13Z","2025-11-06T16:40:13Z","ASM82FE96066C062BB0","1","usable","method_current","ford_mustang_mach_e","crossover","2024","61180","km","95.9","percent","rough","2025-11-06T14:05:13Z","2025-11-06T16:05:13Z","2025-11-06T17:40:13Z"
"SRC0F5EBAF73A046E20","vehicle_assessment","BAT0EFEC9A5D5DA","1.0","SYNVEH44993346365","REQB4FB4CD5DE957C7F","2025-11-06T22:25:52Z","2025-11-06T23:55:52Z","ASM51241E22D71C8BBF","1","usable","method_current","ford_f150_lightning","pickup","2025","61317","mi","95.1","percent","clean","2025-11-06T20:20:52Z","2025-11-06T22:20:52Z","2025-11-06T22:55:52Z"
"SRCE43B1F08E191B92E","vehicle_assessment","BAT0EFEC9A5D5DA","1.0","SYNVEH49459412616","REQ0B2ACF07FC54DC73","2025-11-07T04:41:31Z","2025-11-07T05:11:31Z","ASMC7024281C5938C39","1","usable","method_current","chevrolet_bolt_ev","hatchback","2026","61454","km","93.9","percent","average","2025-11-07T02:36:31Z","2025-11-07T04:36:31Z","2025-11-07T06:11:31Z"
"SRC86EA2A98400E56DA","vehicle_assessment","BAT0EFEC9A5D5DA","1.0","SYNVEH28274237652","REQ48F3AF33A27497D7","2025-11-07T10:57:10Z","2025-11-07T12:27:10Z","ASM3B742BAF06574850","1","usable","method_current","nissan_leaf","hatchback","2018","61591","mi","91.3","percent","rough","2025-11-07T08:52:10Z","2025-11-07T10:52:10Z","2025-11-07T11:27:10Z"
"SRC6F442EE20436F6B4","vehicle_assessment","BAT0EFEC9A5D5DA","1.0","SYNVEH86892579341","REQF80BFB2090087045","2025-11-07T17:12:49Z","2025-11-07T17:42:49Z","ASMC11924E155AD57C9","1","usable","method_current","tesla_model_3","sedan","2019","61728","km","96.6","percent","clean","2025-11-07T15:07:49Z","2025-11-07T17:07:49Z","2025-11-07T18:42:49Z"
"SRC3F453232ACA8E398","vehicle_assessment","BAT0EFEC9A5D5DA","1.0","SYNVEH35474017884","REQ2079144951256960","2025-11-07T23:28:28Z","2025-11-08T00:58:28Z","ASMD68442AFEF5B6647","1","usable","method_current","tesla_model_y","crossover","2020","61865","mi","95.7","percent","average","2025-11-07T21:23:28Z","2025-11-07T23:23:28Z","2025-11-07T23:58:28Z"
"SRC273DC495BA8EBF9B","vehicle_assessment","BAT0EFEC9A5D5DA","1.0","SYNVEH81090200768","REQFA8A9603382EDFBE","2025-11-08T05:44:07Z","2025-11-08T06:14:07Z","ASM79A5EC55F3741E76","1","usable","method_current","hyundai_ioniq_5","crossover","2021","62002","km","86.7","percent","rough","2025-11-08T03:39:07Z","2025-11-08T05:39:07Z","2025-11-08T07:14:07Z"
"SRC23840A6EED97FDD3","vehicle_assessment","BAT0EFEC9A5D5DA","1.0","SYNVEH79639756680","REQ1C0F31796D0C3268","2025-11-08T11:59:46Z","2025-11-08T13:29:46Z","ASM54845A5CCA57171D","1","usable","method_current","ford_mustang_mach_e","crossover","2022","62139","mi","94.2","percent","clean","2025-11-08T09:54:46Z","2025-11-08T11:54:46Z","2025-11-08T12:29:46Z"
"SRC8FCB7C9D58CA98CB","vehicle_assessment","BAT0EFEC9A5D5DA","1.0","SYNVEH59385779653","REQ9FA44D0EBB4F747A","2025-11-08T18:15:26Z","2025-11-08T18:45:26Z","ASM8DD461323890C096","1","usable","method_current","ford_f150_lightning","pickup","2023","62276","km","96.0","percent","average","2025-11-08T16:10:26Z","2025-11-08T18:10:26Z","2025-11-08T19:45:26Z"
"SRCE0D2422049AB5269","vehicle_assessment","BAT0EFEC9A5D5DA","1.0","SYNVEH36401157036","REQB3DD7A80D1306ECB","2025-11-09T00:31:05Z","2025-11-09T02:01:05Z","ASM74BC39568B955F2C","1","usable","method_current","chevrolet_bolt_ev","hatchback","2024","62413","mi","90.0","percent","rough","2025-11-08T22:26:05Z","2025-11-09T00:26:05Z","2025-11-09T01:01:05Z"
"SRCC58444A7086503B0","vehicle_assessment","BAT0EFEC9A5D5DA","1.0","SYNVEH14178973024","REQB782113D99B76406","2025-11-09T06:46:44Z","2025-11-09T07:16:44Z","ASMBC0AAADD0A160565","1","usable","method_current","nissan_leaf","hatchback","2025","62550","km","95.7","percent","clean","2025-11-09T04:41:44Z","2025-11-09T06:41:44Z","2025-11-09T08:16:44Z"
"SRC59B06F06A51C8075","vehicle_assessment","BAT0EFEC9A5D5DA","1.0","SYNVEH53123293886","REQDA29E1313DFD61A6","2025-11-09T13:02:23Z","2025-11-09T14:32:23Z","ASME176603631BDC3D1","1","usable","method_current","tesla_model_3","sedan","2026","62687","mi","85.2","percent","average","2025-11-09T10:57:23Z","2025-11-09T12:57:23Z","2025-11-09T13:32:23Z"
"SRC5768035B3D67F550","vehicle_assessment","BAT0EFEC9A5D5DA","1.0","SYNVEH16267136908","REQ48072CE70B143193","2025-11-09T19:18:02Z","2025-11-09T19:48:02Z","ASM8DE86EF06058EB74","1","usable","method_current","tesla_model_y","crossover","2018","62824","km","92.4","percent","rough","2025-11-09T17:13:02Z","2025-11-09T19:13:02Z","2025-11-09T20:48:02Z"
"SRC652BC6395318B095","vehicle_assessment","BAT0EFEC9A5D5DA","1.0","SYNVEH96034372882","REQF96218C1B49ED7D2","2025-11-10T01:33:41Z","2025-11-10T03:03:41Z","ASMA830F27DEE1E9380","1","usable","method_current","hyundai_ioniq_5","crossover","2019","62961","mi","96.1","percent","clean","2025-11-09T23:28:41Z","2025-11-10T01:28:41Z","2025-11-10T02:03:41Z"
"SRC4924F5DF7D61E98A","vehicle_assessment","BAT0EFEC9A5D5DA","1.0","SYNVEH04866061731","REQFDDEA00B62F1080B","2025-11-10T07:49:20Z","2025-11-10T08:19:20Z","ASM62C04452B356E328","1","usable","method_current","ford_mustang_mach_e","crossover","2020","63098","km","96.1","percent","average","2025-11-10T05:44:20Z","2025-11-10T07:44:20Z","2025-11-10T09:19:20Z"
"SRC16684F8B994BBCFD","vehicle_assessment","BAT0EFEC9A5D5DA","1.0","SYNVEH01335252017","REQ20E476A87413F1A2","2025-11-10T14:05:00Z","2025-11-10T15:35:00Z","ASM94E777EC04C7CC11","1","usable","method_current","ford_f150_lightning","pickup","2021","63235","mi","89.5","percent","rough","2025-11-10T12:00:00Z","2025-11-10T14:00:00Z","2025-11-10T14:35:00Z"
"SRC53865B67DB1DCA64","vehicle_assessment","BAT0EFEC9A5D5DA","1.0","SYNVEH57583985039","REQ43F1E550B048326C","2025-11-10T20:20:39Z","2025-11-10T20:50:39Z","ASM0F48DD107F033408","1","usable","method_current","chevrolet_bolt_ev","hatchback","2022","63372","km","82.4","percent","clean","2025-11-10T18:15:39Z","2025-11-10T20:15:39Z","2025-11-10T21:50:39Z"
"SRC13982AE4CDC0D9B3","vehicle_assessment","BAT0EFEC9A5D5DA","1.0","SYNVEH37904663324","REQD89620AD0BB990D6","2025-11-11T02:36:18Z","2025-11-11T04:06:18Z","ASM854EC48B0FDE257F","1","usable","method_current","nissan_leaf","hatchback","2023","63509","mi","86.8","percent","average","2025-11-11T00:31:18Z","2025-11-11T02:31:18Z","2025-11-11T03:06:18Z"
"SRC6530233A7B2057F3","vehicle_assessment","BAT0EFEC9A5D5DA","1.0","SYNVEH39646005664","REQFADB992E78868805","2025-11-11T08:51:57Z","2025-11-11T09:21:57Z","ASM21712493B266D85F","1","usable","method_current","tesla_model_3","sedan","2024","63646","km","82.9","percent","rough","2025-11-11T06:46:57Z","2025-11-11T08:46:57Z","2025-11-11T10:21:57Z"
"SRC7F5C6037366E391C","vehicle_assessment","BAT0EFEC9A5D5DA","1.0","SYNVEH21095103699","REQ26E4896D1301E2E7","2025-11-11T15:07:36Z","2025-11-11T16:37:36Z","ASM943442C3638297C5","1","usable","method_current","tesla_model_y","crossover","2025","63783","mi","83.1","percent","clean","2025-11-11T13:02:36Z","2025-11-11T15:02:36Z","2025-11-11T15:37:36Z"
"SRC3A01B52BD353B6A3","vehicle_assessment","BAT0EFEC9A5D5DA","1.0","SYNVEH04095149476","REQA3E42A8C5A709F36","2025-11-11T21:23:15Z","2025-11-11T21:53:15Z","ASM8C4BCBED751B70E6","1","usable","method_current","hyundai_ioniq_5","crossover","2026","63920","km","83.7","percent","average","2025-11-11T19:18:15Z","2025-11-11T21:18:15Z","2025-11-11T22:53:15Z"
"SRCB7369D70301314E6","vehicle_assessment","BAT0EFEC9A5D5DA","1.0","SYNVEH00369280777","REQ8BF84A2196423F99","2025-11-12T03:38:54Z","2025-11-12T05:08:54Z","ASM3D2510C5C2E6267F","1","usable","method_current","ford_mustang_mach_e","crossover","2018","64057","mi","83.8","percent","rough","2025-11-12T01:33:54Z","2025-11-12T03:33:54Z","2025-11-12T04:08:54Z"
"SRC76A72D7A1CDC759E","vehicle_assessment","BAT0EFEC9A5D5DA","1.0","SYNVEH24515762733","REQBDD59F3BCA757248","2025-11-12T09:54:33Z","2025-11-12T10:24:33Z","ASM4B9D37540B4798B4","1","usable","method_current","ford_f150_lightning","pickup","2019","64194","km","85.6","percent","clean","2025-11-12T07:49:33Z","2025-11-12T09:49:33Z","2025-11-12T11:24:33Z"
"SRCB63A509D24EB2B4D","vehicle_assessment","BAT0EFEC9A5D5DA","1.0","SYNVEH15322487636","REQFA89CB68EDE2060A","2025-11-12T16:10:13Z","2025-11-12T17:40:13Z","ASM957E682F46504EF9","1","usable","method_current","chevrolet_bolt_ev","hatchback","2020","64331","mi","96.1","percent","average","2025-11-12T14:05:13Z","2025-11-12T16:05:13Z","2025-11-12T16:40:13Z"
"SRCFC7930F2ED71EDEB","vehicle_assessment","BAT0EFEC9A5D5DA","1.0","SYNVEH34626096749","REQ1E27713277A04EB4","2025-11-12T22:25:52Z","2025-11-12T22:55:52Z","ASMA3DD6536BB0214DB","1","usable","method_current","nissan_leaf","hatchback","2021","64468","km","92.0","percent","rough","2025-11-12T20:20:52Z","2025-11-12T22:20:52Z","2025-11-12T23:55:52Z"
"SRCEF7F8C37681721A8","vehicle_assessment","BAT0EFEC9A5D5DA","1.0","SYNVEH80151250274","REQ1781D87EAA758533","2025-11-13T04:41:31Z","2025-11-13T06:11:31Z","ASM3AF1A901604B7B4D","1","usable","method_current","tesla_model_3","sedan","2022","64605","mi","96.3","percent","clean","2025-11-13T02:36:31Z","2025-11-13T04:36:31Z","2025-11-13T05:11:31Z"
"SRC17B1C733E7CB7484","vehicle_assessment","BAT0EFEC9A5D5DA","1.0","SYNVEH02772616159","REQ91C5BA3A0A2F8CA9","2025-11-13T10:57:10Z","2025-11-13T11:27:10Z","ASM7A0114EAE5C43FB6","1","usable","method_current","tesla_model_y","crossover","2023","64742","km","89.2","percent","average","2025-11-13T08:52:10Z","2025-11-13T10:52:10Z","2025-11-13T12:27:10Z"
"SRC19CEDDF2BA354CCD","vehicle_assessment","BAT0EFEC9A5D5DA","1.0","SYNVEH47926115779","REQABA087084AFF8328","2025-11-13T17:12:49Z","2025-11-13T18:42:49Z","ASM78FA081B47138056","1","usable","method_current","hyundai_ioniq_5","crossover","2024","64879","mi","91.8","percent","rough","2025-11-13T15:07:49Z","2025-11-13T17:07:49Z","2025-11-13T17:42:49Z"
"SRCE81C303516F9F2F7","vehicle_assessment","BAT0EFEC9A5D5DA","1.0","SYNVEH10663882145","REQ2468E58D16AF1E60","2025-11-13T23:28:28Z","2025-11-13T23:58:28Z","ASM39EA582DCA274691","1","usable","method_current","ford_mustang_mach_e","crossover","2025","65016","km","87.2","percent","clean","2025-11-13T21:23:28Z","2025-11-13T23:23:28Z","2025-11-14T00:58:28Z"
"SRC242528BCFEE49480","vehicle_assessment","BAT0EFEC9A5D5DA","1.0","SYNVEH75845705546","REQEDB3EE80B5C8DFE5","2025-11-14T05:44:07Z","2025-11-14T07:14:07Z","ASMCCC3188B97BF8582","1","usable","method_current","ford_f150_lightning","pickup","2026","65153","mi","89.9","percent","average","2025-11-14T03:39:07Z","2025-11-14T05:39:07Z","2025-11-14T06:14:07Z"
"SRC23CE405367555ED9","vehicle_assessment","BAT0EFEC9A5D5DA","1.0","SYNVEH42092170239","REQ5E4A9E4A12FBA9AF","2025-11-14T11:59:46Z","2025-11-14T12:29:46Z","ASM1007C15643667A2C","1","usable","method_current","chevrolet_bolt_ev","hatchback","2018","65290","km","96.2","percent","rough","2025-11-14T09:54:46Z","2025-11-14T11:54:46Z","2025-11-14T13:29:46Z"
"SRCD01A21305E67B10F","vehicle_assessment","BAT0EFEC9A5D5DA","1.0","SYNVEH21563874315","REQC03EAE784BD82D24","2025-11-14T18:15:26Z","2025-11-14T19:45:26Z","ASME9A49D6DA51E99AB","1","usable","method_current","nissan_leaf","hatchback","2019","65427","mi","82.9","percent","clean","2025-11-14T16:10:26Z","2025-11-14T18:10:26Z","2025-11-14T18:45:26Z"
"SRCDC63C9FCA5646AFC","vehicle_assessment","BAT0EFEC9A5D5DA","1.0","SYNVEH60067840756","REQDCB81AD1FCC8A98A","2025-11-15T00:31:05Z","2025-11-15T01:01:05Z","ASM328E22399A8501FE","1","usable","method_current","tesla_model_3","sedan","2020","65564","km","93.6","percent","average","2025-11-14T22:26:05Z","2025-11-15T00:26:05Z","2025-11-15T02:01:05Z"
"SRCDC8BBB641052B009","vehicle_assessment","BAT0EFEC9A5D5DA","1.0","SYNVEH85864326262","REQ13FEA0BF5F96ADC2","2025-11-15T06:46:44Z","2025-11-15T08:16:44Z","ASME68E0E5DE72C60CA","1","usable","method_current","tesla_model_y","crossover","2021","65701","mi","86.0","percent","rough","2025-11-15T04:41:44Z","2025-11-15T06:41:44Z","2025-11-15T07:16:44Z"
"SRCF87A7B2E45717B24","vehicle_assessment","BAT0EFEC9A5D5DA","1.0","SYNVEH78895200319","REQ3F47B6688CAED8F8","2025-11-15T13:02:23Z","2025-11-15T13:32:23Z","ASMB673185EF12C7672","1","usable","method_current","hyundai_ioniq_5","crossover","2022","65838","km","89.2","percent","clean","2025-11-15T10:57:23Z","2025-11-15T12:57:23Z","2025-11-15T14:32:23Z"
"SRCAE1754988D077546","vehicle_assessment","BAT0EFEC9A5D5DA","1.0","SYNVEH60897798343","REQ8FE9D77869BA837D","2025-11-15T19:18:02Z","2025-11-15T20:48:02Z","ASM010D1E034159145D","1","usable","method_current","ford_mustang_mach_e","crossover","2023","65975","mi","81.8","percent","average","2025-11-15T17:13:02Z","2025-11-15T19:13:02Z","2025-11-15T19:48:02Z"
"SRC9674658A889924A8","vehicle_assessment","BAT0EFEC9A5D5DA","1.0","SYNVEH95069240222","REQ09CE247B4C666984","2025-11-16T01:33:41Z","2025-11-16T02:03:41Z","ASM66E1E2BBED95F9B0","1","usable","method_current","ford_f150_lightning","pickup","2024","66112","km","93.8","percent","rough","2025-11-15T23:28:41Z","2025-11-16T01:28:41Z","2025-11-16T03:03:41Z"
"SRC3887720981F263A8","vehicle_assessment","BAT0EFEC9A5D5DA","1.0","SYNVEH21131923218","REQC10B5F58F0B4F5AC","2025-11-16T07:49:20Z","2025-11-16T09:19:20Z","ASM11E0162E291C5C20","1","usable","method_current","chevrolet_bolt_ev","hatchback","2025","66249","mi","91.3","percent","clean","2025-11-16T05:44:20Z","2025-11-16T07:44:20Z","2025-11-16T08:19:20Z"
"SRCB66D03C4994E457E","vehicle_assessment","BAT0EFEC9A5D5DA","1.0","SYNVEH25165182925","REQ3221399BF6CB994A","2025-11-16T14:05:00Z","2025-11-16T14:35:00Z","ASM7D77649D9C523690","1","usable","method_current","nissan_leaf","hatchback","2026","66386","km","95.6","percent","average","2025-11-16T12:00:00Z","2025-11-16T14:00:00Z","2025-11-16T15:35:00Z"
"SRC7A789D3D8AB960FD","vehicle_assessment","BAT0EFEC9A5D5DA","1.0","SYNVEH17335737350","REQ7B8F80B6BB54EDEE","2025-11-16T20:20:39Z","2025-11-16T21:50:39Z","ASM9C6EC94F020586E9","1","usable","method_current","tesla_model_3","sedan","2018","66523","mi","95.8","percent","rough","2025-11-16T18:15:39Z","2025-11-16T20:15:39Z","2025-11-16T20:50:39Z"
"SRCE8C2C5C1B711EB97","vehicle_assessment","BAT0EFEC9A5D5DA","1.0","SYNVEH28460711925","REQ3C81C82EA705FCB1","2025-11-17T02:36:18Z","2025-11-17T03:06:18Z","ASM3EFE643EAEACE35A","1","usable","method_current","tesla_model_y","crossover","2019","66660","km","89.9","percent","clean","2025-11-17T00:31:18Z","2025-11-17T02:31:18Z","2025-11-17T04:06:18Z"
"SRC221F09B1A7E42AC7","vehicle_assessment","BAT0EFEC9A5D5DA","1.0","SYNVEH80030429095","REQFCBD697DA96D190E","2025-11-17T08:51:57Z","2025-11-17T10:21:57Z","ASMFADF774DB9E9298F","1","usable","method_current","hyundai_ioniq_5","crossover","2020","66797","mi","89.7","percent","average","2025-11-17T06:46:57Z","2025-11-17T08:46:57Z","2025-11-17T09:21:57Z"
"SRC8CB3F89F8FD39B97","vehicle_assessment","BAT0EFEC9A5D5DA","1.0","SYNVEH78708559482","REQ11C1D06D6DF6667D","2025-11-17T15:07:36Z","2025-11-17T15:37:36Z","ASMBA7246055A8F0908","1","usable","method_current","ford_mustang_mach_e","crossover","2021","66934","km","84.3","percent","rough","2025-11-17T13:02:36Z","2025-11-17T15:02:36Z","2025-11-17T16:37:36Z"
"SRC741330C91AAA6B7A","vehicle_assessment","BAT0EFEC9A5D5DA","1.0","SYNVEH62945296440","REQ57C17D32691ACCFF","2025-11-17T21:23:15Z","2025-11-17T22:53:15Z","ASM3AE7B320B8EA2B17","1","usable","method_current","ford_f150_lightning","pickup","2022","67071","mi","85.1","percent","clean","2025-11-17T19:18:15Z","2025-11-17T21:18:15Z","2025-11-17T21:53:15Z"
"SRCCB18B59EACABA6B0","vehicle_assessment","BAT0EFEC9A5D5DA","1.0","SYNVEH32757934488","REQ36C9A3B4E2DF4DA0","2025-11-18T03:38:54Z","2025-11-18T04:08:54Z","ASM18E1A22AD545E1B1","1","usable","method_current","chevrolet_bolt_ev","hatchback","2023","67208","km","81.9","percent","average","2025-11-18T01:33:54Z","2025-11-18T03:33:54Z","2025-11-18T05:08:54Z"
"SRCE4817396D29D2094","vehicle_assessment","BAT0EFEC9A5D5DA","1.0","SYNVEH12023910535","REQEFE9F790F178F33C","2025-11-18T09:54:33Z","2025-11-18T11:24:33Z","ASM2093145581B62C0A","1","usable","method_current","nissan_leaf","hatchback","2024","67345","mi","83.8","percent","rough","2025-11-18T07:49:33Z","2025-11-18T09:49:33Z","2025-11-18T10:24:33Z"
"SRC3D9191161EC8D49A","vehicle_assessment","BAT0EFEC9A5D5DA","1.0","SYNVEH04182737153","REQF89B18D57D670CB6","2025-11-18T16:10:13Z","2025-11-18T16:40:13Z","ASM9C6E1C79FEC2B801","1","usable","method_current","tesla_model_3","sedan","2025","67482","km","91.7","percent","clean","2025-11-18T14:05:13Z","2025-11-18T16:05:13Z","2025-11-18T17:40:13Z"
"SRCE8970FC51440AE33","vehicle_assessment","BAT0EFEC9A5D5DA","1.0","SYNVEH57528962420","REQ1D71ED6D7736BE0D","2025-11-18T22:25:52Z","2025-11-18T23:55:52Z","ASM29BA5C84EB573482","1","usable","method_current","tesla_model_y","crossover","2026","67619","mi","94.9","percent","average","2025-11-18T20:20:52Z","2025-11-18T22:20:52Z","2025-11-18T22:55:52Z"
"SRC6D95DD8738C414BB","vehicle_assessment","BAT0EFEC9A5D5DA","1.0","SYNVEH01432111252","REQ12ACB5271FE42C52","2025-11-19T04:41:31Z","2025-11-19T05:11:31Z","ASM5011B7B37EFE1D97","1","usable","method_current","hyundai_ioniq_5","crossover","2018","67756","km","82.9","percent","rough","2025-11-19T02:36:31Z","2025-11-19T04:36:31Z","2025-11-19T06:11:31Z"
"SRC67D76477EDD940F9","vehicle_assessment","BAT0EFEC9A5D5DA","1.0","SYNVEH73916050865","REQDD808A14B44A0FE0","2025-11-19T10:57:10Z","2025-11-19T12:27:10Z","ASMC8A5E85FD380C639","1","usable","method_current","ford_mustang_mach_e","crossover","2019","67893","mi","88.5","percent","clean","2025-11-19T08:52:10Z","2025-11-19T10:52:10Z","2025-11-19T11:27:10Z"
"SRC5ED2E080D36DCD6C","vehicle_assessment","BAT0EFEC9A5D5DA","1.0","SYNVEH91283071145","REQD5E7682E3ECD5D11","2025-11-19T17:12:49Z","2025-11-19T17:42:49Z","ASM02A9630F4740CA4C","1","usable","method_current","ford_f150_lightning","pickup","2020","68030","km","86.1","percent","average","2025-11-19T15:07:49Z","2025-11-19T17:07:49Z","2025-11-19T18:42:49Z"
"SRC06C663D1BA13BA75","vehicle_assessment","BAT0EFEC9A5D5DA","1.0","SYNVEH26795859420","REQAD7A538E706D9859","2025-11-19T23:28:28Z","2025-11-20T00:58:28Z","ASMA668B58F4E16145D","1","usable","method_current","chevrolet_bolt_ev","hatchback","2021","68167","mi","84.9","percent","rough","2025-11-19T21:23:28Z","2025-11-19T23:23:28Z","2025-11-19T23:58:28Z"
"SRC567EB2D0013A338C","vehicle_assessment","BAT0EFEC9A5D5DA","1.0","SYNVEH34231102030","REQ4FEC3C3CBBEEF553","2025-11-20T05:44:07Z","2025-11-20T06:14:07Z","ASM38CF94223FFBA48F","1","usable","method_current","nissan_leaf","hatchback","2022","68304","km","91.2","percent","clean","2025-11-20T03:39:07Z","2025-11-20T05:39:07Z","2025-11-20T07:14:07Z"
"SRC7131FDA6192D589F","vehicle_assessment","BAT0EFEC9A5D5DA","1.0","SYNVEH09623737259","REQ728B8E5D2B103409","2025-11-20T11:59:46Z","2025-11-20T13:29:46Z","ASMFB37E3788F6D68B4","1","usable","method_current","tesla_model_3","sedan","2023","68441","mi","89.9","percent","average","2025-11-20T09:54:46Z","2025-11-20T11:54:46Z","2025-11-20T12:29:46Z"
"SRCDE0179A0049EF52F","vehicle_assessment","BAT0EFEC9A5D5DA","1.0","SYNVEH33763966837","REQF1CE1892E63786A2","2025-11-20T18:15:26Z","2025-11-20T18:45:26Z","ASM2E27220838D09776","1","usable","method_current","tesla_model_y","crossover","2024","68578","km","88.5","percent","rough","2025-11-20T16:10:26Z","2025-11-20T18:10:26Z","2025-11-20T19:45:26Z"
"SRC815A7472C89E08B4","vehicle_assessment","BAT0EFEC9A5D5DA","1.0","SYNVEH12131408827","REQ4E6F4356147E6AAB","2025-11-21T00:31:05Z","2025-11-21T02:01:05Z","ASM565D4EACAA97147C","1","usable","method_current","hyundai_ioniq_5","crossover","2025","68715","mi","83.8","percent","clean","2025-11-20T22:26:05Z","2025-11-21T00:26:05Z","2025-11-21T01:01:05Z"
"SRC328B73FC86933620","vehicle_assessment","BAT0EFEC9A5D5DA","1.0","SYNVEH19128386231","REQ766C3512FD5B288F","2025-11-21T06:46:44Z","2025-11-21T07:16:44Z","ASM072C45B6D39698D5","1","usable","method_current","ford_mustang_mach_e","crossover","2026","68852","km","91.0","percent","average","2025-11-21T04:41:44Z","2025-11-21T06:41:44Z","2025-11-21T08:16:44Z"
"SRC4D44BCF4D81BBE01","vehicle_assessment","BAT0EFEC9A5D5DA","1.0","SYNVEH25526477840","REQ031B196A63815861","2025-11-21T13:02:23Z","2025-11-21T14:32:23Z","ASM0C5ECC239F1DEDDD","1","usable","method_current","ford_f150_lightning","pickup","2018","68989","mi","95.6","percent","rough","2025-11-21T10:57:23Z","2025-11-21T12:57:23Z","2025-11-21T13:32:23Z"
"SRC1D9F8397A3B121FE","vehicle_assessment","BAT0EFEC9A5D5DA","1.0","SYNVEH86625277000","REQFD94E81A80A0B7C2","2025-11-21T19:18:02Z","2025-11-21T19:48:02Z","ASM3024CA47FE764B39","1","usable","method_current","chevrolet_bolt_ev","hatchback","2019","69126","km","90.0","percent","clean","2025-11-21T17:13:02Z","2025-11-21T19:13:02Z","2025-11-21T20:48:02Z"
"SRCA70B3E48F11A0EBC","vehicle_assessment","BAT0EFEC9A5D5DA","1.0","SYNVEH55894651930","REQ0D5BFAC20865FBF7","2025-11-22T01:33:41Z","2025-11-22T03:03:41Z","ASME0B0EB4811301629","1","usable","method_current","nissan_leaf","hatchback","2020","69263","mi","91.3","percent","average","2025-11-21T23:28:41Z","2025-11-22T01:28:41Z","2025-11-22T02:03:41Z"
"SRC57C8F00970A5AC8A","vehicle_assessment","BAT0EFEC9A5D5DA","1.0","SYNVEH21392050823","REQ73A395AF50BB7015","2025-11-22T07:49:20Z","2025-11-22T08:19:20Z","ASMB221B4581D530B8E","1","usable","method_current","tesla_model_3","sedan","2021","69400","km","83.1","percent","rough","2025-11-22T05:44:20Z","2025-11-22T07:44:20Z","2025-11-22T09:19:20Z"
"SRC249973B392149A51","vehicle_assessment","BAT0EFEC9A5D5DA","1.0","SYNVEH14511432595","REQB275D76DCA54BB46","2025-11-22T14:05:00Z","2025-11-22T15:35:00Z","ASME7C0721E86E86D1B","1","usable","method_current","tesla_model_y","crossover","2022","69537","mi","85.2","percent","clean","2025-11-22T12:00:00Z","2025-11-22T14:00:00Z","2025-11-22T14:35:00Z"
"SRC0F2B7AE8AEB177EF","vehicle_assessment","BAT0EFEC9A5D5DA","1.0","SYNVEH22519501823","REQ1587865E45D9C51E","2025-11-22T20:20:39Z","2025-11-22T20:50:39Z","ASM9589757F4FA77FC2","1","usable","method_current","hyundai_ioniq_5","crossover","2023","69674","km","97.0","percent","average","2025-11-22T18:15:39Z","2025-11-22T20:15:39Z","2025-11-22T21:50:39Z"
"SRCD526EC031F5B9D56","vehicle_assessment","BAT0EFEC9A5D5DA","1.0","SYNVEH18089865201","REQ7A1842E365FD6383","2025-11-23T02:36:18Z","2025-11-23T04:06:18Z","ASM7DA0E312D03268B4","1","usable","method_current","ford_mustang_mach_e","crossover","2024","69811","mi","83.4","percent","rough","2025-11-23T00:31:18Z","2025-11-23T02:31:18Z","2025-11-23T03:06:18Z"
"SRC6F244C030F8822A6","vehicle_assessment","BAT0EFEC9A5D5DA","1.0","SYNVEH76959646279","REQ514167D1E0050A63","2025-11-23T08:51:57Z","2025-11-23T09:21:57Z","ASMD613EB51916742A7","1","usable","method_current","ford_f150_lightning","pickup","2025","69948","km","93.3","percent","clean","2025-11-23T06:46:57Z","2025-11-23T08:46:57Z","2025-11-23T10:21:57Z"
"SRC0942D47C5C097B6C","vehicle_assessment","BAT0EFEC9A5D5DA","1.0","SYNVEH39035188115","REQ4A42214BF7AC192F","2025-11-23T15:07:36Z","2025-11-23T16:37:36Z","ASM7D345360D86F9887","1","usable","method_current","chevrolet_bolt_ev","hatchback","2026","15085","mi","97.3","percent","average","2025-11-23T13:02:36Z","2025-11-23T15:02:36Z","2025-11-23T15:37:36Z"
"SRC2EACC29C23BEE1CD","vehicle_assessment","BAT0EFEC9A5D5DA","1.0","SYNVEH87414495425","REQEC5E2C9A1D3F20FD","2025-11-23T21:23:15Z","2025-11-23T21:53:15Z","ASM83BFAADF78D46BD0","1","usable","method_current","nissan_leaf","hatchback","2018","15222","km","95.8","percent","rough","2025-11-23T19:18:15Z","2025-11-23T21:18:15Z","2025-11-23T22:53:15Z"
"SRC5E0368805D7AF0DB","vehicle_assessment","BAT0EFEC9A5D5DA","1.0","SYNVEH22267533690","REQFE96AD638320C3B6","2025-11-24T03:38:54Z","2025-11-24T05:08:54Z","ASM4557111F80998BA3","1","usable","method_current","tesla_model_3","sedan","2019","15359","mi","96.7","percent","clean","2025-11-24T01:33:54Z","2025-11-24T03:33:54Z","2025-11-24T04:08:54Z"
"SRC7747112B83194292","vehicle_assessment","BAT0EFEC9A5D5DA","1.0","SYNVEH12345551940","REQ77C5037C6EACD369","2025-11-24T09:54:33Z","2025-11-24T10:24:33Z","ASME03788242FD2E2A1","1","usable","method_current","tesla_model_y","crossover","2020","15496","km","88.9","percent","average","2025-11-24T07:49:33Z","2025-11-24T09:49:33Z","2025-11-24T11:24:33Z"
"SRCC6D8FB40B8D26A2C","vehicle_assessment","BAT0EFEC9A5D5DA","1.0","SYNVEH31427015017","REQ03C27BFC315278F3","2025-11-24T16:10:13Z","2025-11-24T17:40:13Z","ASM1E39F43B41EFCE84","1","usable","method_current","hyundai_ioniq_5","crossover","2021","15633","mi","84.9","percent","rough","2025-11-24T14:05:13Z","2025-11-24T16:05:13Z","2025-11-24T16:40:13Z"
"SRCC61B9BC5193C94C9","vehicle_assessment","BAT0EFEC9A5D5DA","1.0","SYNVEH45261602924","REQ593C90374ADDB20F","2025-11-24T22:25:52Z","2025-11-24T22:55:52Z","ASMFD77DEB3FBC4194D","1","usable","method_current","ford_mustang_mach_e","crossover","2022","15770","km","84.1","percent","clean","2025-11-24T20:20:52Z","2025-11-24T22:20:52Z","2025-11-24T23:55:52Z"
"SRC3A351E38C888029C","vehicle_assessment","BAT0EFEC9A5D5DA","1.0","SYNVEH54587632350","REQA75AEF631629CFBC","2025-11-25T04:41:31Z","2025-11-25T06:11:31Z","ASMD9C7F71157E3FD51","1","usable","method_current","ford_f150_lightning","pickup","2023","15907","mi","90.7","percent","average","2025-11-25T02:36:31Z","2025-11-25T04:36:31Z","2025-11-25T05:11:31Z"
"SRC1ABA62F0F7BA668C","vehicle_assessment","BAT0EFEC9A5D5DA","1.0","SYNVEH66032877346","REQF65F9B25AD89EB70","2025-11-25T10:57:10Z","2025-11-25T11:27:10Z","ASM660F3D9849BB02AA","1","usable","method_current","chevrolet_bolt_ev","hatchback","2024","16044","km","96.0","percent","rough","2025-11-25T08:52:10Z","2025-11-25T10:52:10Z","2025-11-25T12:27:10Z"
"SRC1FBFC3A5ECFBB2CA","vehicle_assessment","BAT0EFEC9A5D5DA","1.0","SYNVEH75265966150","REQD11052BE89840827","2025-11-25T17:12:49Z","2025-11-25T18:42:49Z","ASMDF94350B02E3AF60","1","usable","method_current","nissan_leaf","hatchback","2025","16181","mi","88.4","percent","clean","2025-11-25T15:07:49Z","2025-11-25T17:07:49Z","2025-11-25T17:42:49Z"
"SRC94E84E369C596D8C","vehicle_assessment","BAT0EFEC9A5D5DA","1.0","SYNVEH97568821125","REQ782D424BE2F6742E","2025-11-25T23:28:28Z","2025-11-25T23:58:28Z","ASM191B41FF40971DCA","1","usable","method_current","tesla_model_3","sedan","2026","16318","km","91.6","percent","average","2025-11-25T21:23:28Z","2025-11-25T23:23:28Z","2025-11-26T00:58:28Z"
"SRC728740D4DD0FC7EF","vehicle_assessment","BAT0EFEC9A5D5DA","1.0","SYNVEH12784402247","REQ5D5104EDBF098D7D","2025-11-26T05:44:07Z","2025-11-26T07:14:07Z","ASM73490A7147DBE883","1","usable","method_current","tesla_model_y","crossover","2018","16455","mi","90.7","percent","rough","2025-11-26T03:39:07Z","2025-11-26T05:39:07Z","2025-11-26T06:14:07Z"
"SRC5E5117B558440575","vehicle_assessment","BAT0EFEC9A5D5DA","1.0","SYNVEH98741083549","REQ3EE88CB7C38F1080","2025-11-26T11:59:46Z","2025-11-26T12:29:46Z","ASM0290DF35F47EB4A0","1","usable","method_current","hyundai_ioniq_5","crossover","2019","16592","km","93.0","percent","clean","2025-11-26T09:54:46Z","2025-11-26T11:54:46Z","2025-11-26T13:29:46Z"
"SRC939217F709DD0E04","vehicle_assessment","BAT0EFEC9A5D5DA","1.0","SYNVEH97833614384","REQ6078D4B4B1EC80F2","2025-11-26T18:15:26Z","2025-11-26T19:45:26Z","ASMD129A2067E3A46E6","1","usable","method_current","ford_mustang_mach_e","crossover","2020","16729","mi","88.0","percent","average","2025-11-26T16:10:26Z","2025-11-26T18:10:26Z","2025-11-26T18:45:26Z"
"SRC4D5C0A0E6FCA1F27","vehicle_assessment","BAT0EFEC9A5D5DA","1.0","SYNVEH91251917997","REQAA296944B21CD6E9","2025-11-27T00:31:05Z","2025-11-27T01:01:05Z","ASM57D589965D03849F","1","usable","method_current","ford_f150_lightning","pickup","2021","16866","km","82.9","percent","rough","2025-11-26T22:26:05Z","2025-11-27T00:26:05Z","2025-11-27T02:01:05Z"
"SRC24C223148BF80C0B","vehicle_assessment","BAT0EFEC9A5D5DA","1.0","SYNVEH17033955536","REQ97A594AD4C43E937","2025-11-27T06:46:44Z","2025-11-27T08:16:44Z","ASM00D1C47D306D158F","1","usable","method_current","chevrolet_bolt_ev","hatchback","2022","17003","mi","90.3","percent","clean","2025-11-27T04:41:44Z","2025-11-27T06:41:44Z","2025-11-27T07:16:44Z"
"SRC08B38F3B0F553937","vehicle_assessment","BAT0EFEC9A5D5DA","1.0","SYNVEH86941480779","REQ1D3B31FDDE204233","2025-11-27T13:02:23Z","2025-11-27T13:32:23Z","ASM07CF8C1B6BF07764","1","usable","method_current","nissan_leaf","hatchback","2023","17140","km","82.2","percent","average","2025-11-27T10:57:23Z","2025-11-27T12:57:23Z","2025-11-27T14:32:23Z"
"SRC99551AB91A55D149","vehicle_assessment","BAT0EFEC9A5D5DA","1.0","SYNVEH58341213117","REQ820E6302D118F13A","2025-11-27T19:18:02Z","2025-11-27T20:48:02Z","ASM27EB958EFF590458","1","usable","method_current","tesla_model_3","sedan","2024","17277","mi","94.0","percent","rough","2025-11-27T17:13:02Z","2025-11-27T19:13:02Z","2025-11-27T19:48:02Z"
"SRC45CB7FDF78425842","vehicle_assessment","BAT0EFEC9A5D5DA","1.0","SYNVEH22440579920","REQ855631EF9BED4EC1","2025-11-28T01:33:41Z","2025-11-28T02:03:41Z","ASM3F724868B2097217","1","usable","method_current","tesla_model_y","crossover","2025","17414","km","96.3","percent","clean","2025-11-27T23:28:41Z","2025-11-28T01:28:41Z","2025-11-28T03:03:41Z"
"SRCC90CEF32FCB2F559","vehicle_assessment","BAT0EFEC9A5D5DA","1.0","SYNVEH06047377665","REQB19590F2573AAA53","2025-11-28T07:49:20Z","2025-11-28T09:19:20Z","ASMCD079FF5800AC3DB","1","usable","method_current","hyundai_ioniq_5","crossover","2026","17551","mi","90.4","percent","average","2025-11-28T05:44:20Z","2025-11-28T07:44:20Z","2025-11-28T08:19:20Z"
"SRC42623CF33745F33C","vehicle_assessment","BAT0EFEC9A5D5DA","1.0","SYNVEH15497227002","REQD1DBDB647B248560","2025-11-28T14:05:00Z","2025-11-28T14:35:00Z","ASMF8EB77E489E05CC7","1","usable","method_current","ford_mustang_mach_e","crossover","2018","17688","km","95.5","percent","rough","2025-11-28T12:00:00Z","2025-11-28T14:00:00Z","2025-11-28T15:35:00Z"
"SRC1C3C1AEBA3D15E75","vehicle_assessment","BAT0EFEC9A5D5DA","1.0","SYNVEH84051163828","REQ7FF75621C027AD60","2025-11-28T20:20:39Z","2025-11-28T21:50:39Z","ASMCEEF423A27B29B8C","1","usable","method_current","ford_f150_lightning","pickup","2019","17825","mi","91.5","percent","clean","2025-11-28T18:15:39Z","2025-11-28T20:15:39Z","2025-11-28T20:50:39Z"
"SRC2BFF60BBD8A6DC4E","vehicle_assessment","BAT0EFEC9A5D5DA","1.0","SYNVEH97972896688","REQ5F54167269A9C942","2025-11-29T02:36:18Z","2025-11-29T03:06:18Z","ASMBBE2738BCA28E1F7","1","usable","method_current","chevrolet_bolt_ev","hatchback","2020","17962","km","84.5","percent","average","2025-11-29T00:31:18Z","2025-11-29T02:31:18Z","2025-11-29T04:06:18Z"
"SRC8ADDDABFB166D644","vehicle_assessment","BAT0EFEC9A5D5DA","1.0","SYNVEH15537939532","REQF758BBAC6D43E7D9","2025-11-29T08:51:57Z","2025-11-29T10:21:57Z","ASM6CC3B747D0AB0363","1","usable","method_current","nissan_leaf","hatchback","2021","18099","mi","83.2","percent","rough","2025-11-29T06:46:57Z","2025-11-29T08:46:57Z","2025-11-29T09:21:57Z"
"SRCDC24403653CE219C","vehicle_assessment","BAT0EFEC9A5D5DA","1.0","SYNVEH31008724199","REQ814018C030CC3888","2025-11-29T15:07:36Z","2025-11-29T15:37:36Z","ASM7F3F1B98BF0D300A","1","usable","method_current","tesla_model_3","sedan","2022","18236","km","83.6","percent","clean","2025-11-29T13:02:36Z","2025-11-29T15:02:36Z","2025-11-29T16:37:36Z"
"SRC9A42E5DAC28BF220","vehicle_assessment","BAT0EFEC9A5D5DA","1.0","SYNVEH67353715685","REQ3C5C65350B066C5E","2025-11-29T21:23:15Z","2025-11-29T22:53:15Z","ASM5F453A0F28C0F44F","1","usable","method_current","tesla_model_y","crossover","2023","18373","mi","88.9","percent","average","2025-11-29T19:18:15Z","2025-11-29T21:18:15Z","2025-11-29T21:53:15Z"
"SRC8D50C3D16B468970","vehicle_assessment","BAT0EFEC9A5D5DA","1.0","SYNVEH60539843941","REQ3AFF7DAB9D8AE18A","2025-11-30T03:38:54Z","2025-11-30T04:08:54Z","ASM4AADEBFA43DF07C8","1","usable","method_current","hyundai_ioniq_5","crossover","2024","18510","km","87.5","percent","rough","2025-11-30T01:33:54Z","2025-11-30T03:33:54Z","2025-11-30T05:08:54Z"
"SRC2986B7279B7C2986","vehicle_assessment","BAT0EFEC9A5D5DA","1.0","SYNVEH47484710567","REQFBDD0095322D3888","2025-11-30T09:54:33Z","2025-11-30T11:24:33Z","ASMAB4FE1764F202BCB","1","usable","method_current","ford_mustang_mach_e","crossover","2025","18647","mi","89.9","percent","clean","2025-11-30T07:49:33Z","2025-11-30T09:49:33Z","2025-11-30T10:24:33Z"
"SRCE1705C9FAC80F125","vehicle_assessment","BAT0EFEC9A5D5DA","1.0","SYNVEH64865239673","REQ588479E4C5D24446","2025-11-30T16:10:13Z","2025-11-30T16:40:13Z","ASM87786B935DD114CB","1","usable","method_current","ford_f150_lightning","pickup","2026","18784","km","89.4","percent","average","2025-11-30T14:05:13Z","2025-11-30T16:05:13Z","2025-11-30T17:40:13Z"
"SRC0B7B20E94925F3B5","vehicle_assessment","BAT0EFEC9A5D5DA","1.0","SYNVEH14152314478","REQ6195FBDE2B4BFC8B","2025-11-30T22:25:52Z","2025-11-30T23:55:52Z","ASMA9388DDF2156868D","1","usable","method_current","chevrolet_bolt_ev","hatchback","2018","18921","mi","96.6","percent","rough","2025-11-30T20:20:52Z","2025-11-30T22:20:52Z","2025-11-30T22:55:52Z"
"SRC55B43BA7645041B9","vehicle_assessment","BAT0EFEC9A5D5DA","1.0","SYNVEH09801546344","REQ4D825158C42B797E","2025-12-01T04:41:31Z","2025-12-01T05:11:31Z","ASM81AE4D01C395BCA7","1","usable","method_current","nissan_leaf","hatchback","2019","19058","km","92.4","percent","clean","2025-12-01T02:36:31Z","2025-12-01T04:36:31Z","2025-12-01T06:11:31Z"
"SRC6FCFDADFCC741569","vehicle_assessment","BAT0EFEC9A5D5DA","1.0","SYNVEH58010367774","REQ44FE84BDEF1FDF02","2025-12-01T10:57:10Z","2025-12-01T12:27:10Z","ASM14F7B9688BFDCF6C","1","usable","method_current","tesla_model_3","sedan","2020","19195","mi","92.2","percent","average","2025-12-01T08:52:10Z","2025-12-01T10:52:10Z","2025-12-01T11:27:10Z"
"SRC15D0DDE6C3E13016","vehicle_assessment","BAT0EFEC9A5D5DA","1.0","SYNVEH99523720205","REQ296A8F33DA3651C4","2025-12-01T17:19:05Z","2025-12-01T17:49:05Z","ASMA7A4420975413D46","1","usable","method_current","tesla_model_y","crossover","2021","19332","km","90.5","percent","rough","2025-12-01T15:14:05Z","2025-12-01T17:14:05Z","2025-12-01T18:49:05Z"
"SRCF75F039BFA1DDAE5","vehicle_assessment","BAT0EFEC9A5D5DA","1.0","SYNVEH50016031367","REQ1FFE43F2E3122B9F","2025-12-01T23:47:15Z","2025-12-02T01:17:15Z","ASM8D5A9F33D6D37E56","1","usable","method_current","hyundai_ioniq_5","crossover","2022","19469","mi","92.2","percent","clean","2025-12-01T21:42:15Z","2025-12-01T23:42:15Z","2025-12-02T00:17:15Z"
"SRC84A9CB8EF079CD1F","vehicle_assessment","BAT0EFEC9A5D5DA","1.0","SYNVEH92251286708","REQCE68957173791094","2025-12-02T06:15:26Z","2025-12-02T06:45:26Z","ASM9502A41C1BB43680","1","usable","method_current","ford_mustang_mach_e","crossover","2023","19606","km","93.7","percent","average","2025-12-02T04:10:26Z","2025-12-02T06:10:26Z","2025-12-02T07:45:26Z"
"SRC88CD69901BA26035","vehicle_assessment","BAT0EFEC9A5D5DA","1.0","SYNVEH43137888906","REQ0F27BF3E46CC222E","2025-12-02T12:43:36Z","2025-12-02T14:13:36Z","ASME0569AC0C3011032","1","usable","method_current","ford_f150_lightning","pickup","2024","19743","mi","88.7","percent","rough","2025-12-02T10:38:36Z","2025-12-02T12:38:36Z","2025-12-02T13:13:36Z"
"SRC0C191E252520D3C5","vehicle_assessment","BAT0EFEC9A5D5DA","1.0","SYNVEH96559996011","REQ4D7781E82DCF2C94","2025-12-02T19:11:46Z","2025-12-02T19:41:46Z","ASMC184DDFCD51C9CB5","1","usable","method_current","chevrolet_bolt_ev","hatchback","2025","19880","km","82.3","percent","clean","2025-12-02T17:06:46Z","2025-12-02T19:06:46Z","2025-12-02T20:41:46Z"
"SRCF06294CFAA724538","vehicle_assessment","BAT0EFEC9A5D5DA","1.0","SYNVEH97311992692","REQ2BB1632A309D000C","2025-12-03T01:39:57Z","2025-12-03T03:09:57Z","ASMF87E900722E11C60","1","usable","method_current","nissan_leaf","hatchback","2026","20017","mi","88.8","percent","average","2025-12-02T23:34:57Z","2025-12-03T01:34:57Z","2025-12-03T02:09:57Z"
"SRC24502822F3603A0E","vehicle_assessment","BAT0EFEC9A5D5DA","1.0","SYNVEH16624300492","REQ81F94C19BB467342","2025-12-03T08:08:07Z","2025-12-03T08:38:07Z","ASM91A2545708D436C0","1","usable","method_current","tesla_model_3","sedan","2018","20154","km","91.2","percent","rough","2025-12-03T06:03:07Z","2025-12-03T08:03:07Z","2025-12-03T09:38:07Z"
"SRC8D254EDCEFF28172","vehicle_assessment","BAT0EFEC9A5D5DA","1.0","SYNVEH33024805011","REQ285CE4E0FE55226F","2025-12-03T14:36:18Z","2025-12-03T16:06:18Z","ASM4DCD5F086ACB4DA3","1","usable","method_current","tesla_model_y","crossover","2019","20291","mi","91.3","percent","clean","2025-12-03T12:31:18Z","2025-12-03T14:31:18Z","2025-12-03T15:06:18Z"
"SRCB68C980245389413","vehicle_assessment","BAT0EFEC9A5D5DA","1.0","SYNVEH44691523451","REQ9C4EDD89D25F67F7","2025-12-03T21:04:28Z","2025-12-03T21:34:28Z","ASM1C658F28082D55D2","1","usable","method_current","hyundai_ioniq_5","crossover","2020","20428","km","83.6","percent","average","2025-12-03T18:59:28Z","2025-12-03T20:59:28Z","2025-12-03T22:34:28Z"
"SRC7321213C5B637A73","vehicle_assessment","BAT0EFEC9A5D5DA","1.0","SYNVEH64833399806","REQC345DBCCF7423ADA","2025-12-04T03:32:39Z","2025-12-04T05:02:39Z","ASM1DA85F669F8CD67E","1","usable","method_current","ford_mustang_mach_e","crossover","2021","20565","mi","91.9","percent","rough","2025-12-04T01:27:39Z","2025-12-04T03:27:39Z","2025-12-04T04:02:39Z"
"SRCF5A3A10E51863A40","vehicle_assessment","BAT0EFEC9A5D5DA","1.0","SYNVEH56008949752","REQ2FC813C36D6B6410","2025-12-04T10:00:49Z","2025-12-04T10:30:49Z","ASMFABE678D076BF22E","1","usable","method_current","ford_f150_lightning","pickup","2022","20702","km","95.4","percent","clean","2025-12-04T07:55:49Z","2025-12-04T09:55:49Z","2025-12-04T11:30:49Z"
"SRC83EBD3A29E37C976","vehicle_assessment","BAT0EFEC9A5D5DA","1.0","SYNVEH97529779223","REQ03215406980A431B","2025-12-04T16:29:00Z","2025-12-04T17:59:00Z","ASMA644E945D79BE847","1","usable","method_current","chevrolet_bolt_ev","hatchback","2023","20839","mi","84.9","percent","average","2025-12-04T14:24:00Z","2025-12-04T16:24:00Z","2025-12-04T16:59:00Z"
"SRCF561BAE3A1CC855C","vehicle_assessment","BAT0EFEC9A5D5DA","1.0","SYNVEH31679811081","REQ0F9C7B955D43A8BE","2025-12-04T22:57:10Z","2025-12-04T23:27:10Z","ASMDD5E0BF800F3D068","1","usable","method_current","nissan_leaf","hatchback","2024","20976","km","86.4","percent","rough","2025-12-04T20:52:10Z","2025-12-04T22:52:10Z","2025-12-05T00:27:10Z"
"SRC081E9F5DAEF80C48","vehicle_assessment","BAT0EFEC9A5D5DA","1.0","SYNVEH99975161369","REQB768E20BAFC3D066","2025-12-05T05:25:20Z","2025-12-05T06:55:20Z","ASMF5BBC9AC10707286","1","usable","method_current","tesla_model_3","sedan","2025","21113","mi","94.0","percent","clean","2025-12-05T03:20:20Z","2025-12-05T05:20:20Z","2025-12-05T05:55:20Z"
"SRCE2B5D502ED5BF287","vehicle_assessment","BAT0EFEC9A5D5DA","1.0","SYNVEH37933662882","REQ01FB07BCEDFCC51A","2025-12-05T11:53:31Z","2025-12-05T12:23:31Z","ASMB2183B34D87E4DD7","1","usable","method_current","tesla_model_y","crossover","2026","21250","km","84.3","percent","average","2025-12-05T09:48:31Z","2025-12-05T11:48:31Z","2025-12-05T13:23:31Z"
"SRC8D88F5AA7A25F765","vehicle_assessment","BAT0EFEC9A5D5DA","1.0","SYNVEH53526692086","REQ6222FE3CF66C4350","2025-12-05T18:21:41Z","2025-12-05T19:51:41Z","ASM7B4B755EB9865C3A","1","usable","method_current","hyundai_ioniq_5","crossover","2018","21387","mi","88.1","percent","rough","2025-12-05T16:16:41Z","2025-12-05T18:16:41Z","2025-12-05T18:51:41Z"
"SRC8628088DC56C89C0","vehicle_assessment","BAT0EFEC9A5D5DA","1.0","SYNVEH42744365781","REQA4DC9AA4E836E516","2025-12-06T00:49:52Z","2025-12-06T01:19:52Z","ASMD54E634439701EA0","1","usable","method_current","ford_mustang_mach_e","crossover","2019","21524","km","84.7","percent","clean","2025-12-05T22:44:52Z","2025-12-06T00:44:52Z","2025-12-06T02:19:52Z"
"SRCCD29EF5BE42DB890","vehicle_assessment","BAT0EFEC9A5D5DA","1.0","SYNVEH68780220700","REQ365675E481E8F19A","2025-12-06T07:18:02Z","2025-12-06T08:48:02Z","ASM28A2205D03B357EA","1","usable","method_current","ford_f150_lightning","pickup","2020","21661","mi","83.9","percent","average","2025-12-06T05:13:02Z","2025-12-06T07:13:02Z","2025-12-06T07:48:02Z"
"SRCE58E3BF5446151D3","vehicle_assessment","BAT0EFEC9A5D5DA","1.0","SYNVEH36993144416","REQCFADE5E7DA0E50FF","2025-12-06T13:46:13Z","2025-12-06T14:16:13Z","ASMA1E619838E9E3B75","1","usable","method_current","chevrolet_bolt_ev","hatchback","2021","21798","km","95.3","percent","rough","2025-12-06T11:41:13Z","2025-12-06T13:41:13Z","2025-12-06T15:16:13Z"
"SRC0112626963B7E6FA","vehicle_assessment","BAT0EFEC9A5D5DA","1.0","SYNVEH97785282545","REQ2E1F0621A2B2086A","2025-12-06T20:14:23Z","2025-12-06T21:44:23Z","ASMA16720182F41D1E7","1","usable","method_current","nissan_leaf","hatchback","2022","21935","mi","89.7","percent","clean","2025-12-06T18:09:23Z","2025-12-06T20:09:23Z","2025-12-06T20:44:23Z"
"SRCAF2469BD21B515B1","vehicle_assessment","BAT0EFEC9A5D5DA","1.0","SYNVEH20863273221","REQ023233790838D6E7","2025-12-07T02:42:33Z","2025-12-07T03:12:33Z","ASM520320E418BC596A","1","usable","method_current","tesla_model_3","sedan","2023","22072","km","96.0","percent","average","2025-12-07T00:37:33Z","2025-12-07T02:37:33Z","2025-12-07T04:12:33Z"
"SRC362BFB17CB100104","vehicle_assessment","BAT0EFEC9A5D5DA","1.0","SYNVEH07884853183","REQC2D0639C871F5F99","2025-12-07T09:10:44Z","2025-12-07T10:40:44Z","ASM39B2FA009164160B","1","usable","method_current","tesla_model_y","crossover","2024","22209","mi","92.5","percent","rough","2025-12-07T07:05:44Z","2025-12-07T09:05:44Z","2025-12-07T09:40:44Z"
"SRCB86CF7867D4F3883","vehicle_assessment","BAT0EFEC9A5D5DA","1.0","SYNVEH44775235229","REQDBCA0D2E73089049","2025-12-07T15:38:54Z","2025-12-07T16:08:54Z","ASMC804F3AA738C4731","1","usable","method_current","hyundai_ioniq_5","crossover","2025","22346","km","96.7","percent","clean","2025-12-07T13:33:54Z","2025-12-07T15:33:54Z","2025-12-07T17:08:54Z"
"SRC417FED6CCD19D86B","vehicle_assessment","BAT0EFEC9A5D5DA","1.0","SYNVEH78530246010","REQ8F23B828C06B5A9E","2025-12-07T22:07:05Z","2025-12-07T23:37:05Z","ASM3A26D889D115A549","1","usable","method_current","ford_mustang_mach_e","crossover","2026","22483","mi","85.2","percent","average","2025-12-07T20:02:05Z","2025-12-07T22:02:05Z","2025-12-07T22:37:05Z"
"SRC26F64B89D6753DB5","vehicle_assessment","BAT0EFEC9A5D5DA","1.0","SYNVEH73354090076","REQ316F5B26F3E87FDD","2025-12-08T04:35:15Z","2025-12-08T05:05:15Z","ASM5ECB1D0523EE2660","1","usable","method_current","ford_f150_lightning","pickup","2018","22620","km","96.0","percent","rough","2025-12-08T02:30:15Z","2025-12-08T04:30:15Z","2025-12-08T06:05:15Z"
"SRCFB1AF6239037289D","vehicle_assessment","BAT0EFEC9A5D5DA","1.0","SYNVEH11425508008","REQ6159E33924C232B2","2025-12-08T11:03:26Z","2025-12-08T12:33:26Z","ASM783231923C28BDA2","1","usable","method_current","chevrolet_bolt_ev","hatchback","2019","22757","mi","83.8","percent","clean","2025-12-08T08:58:26Z","2025-12-08T10:58:26Z","2025-12-08T11:33:26Z"
"SRC11FE0070927DC2A2","vehicle_assessment","BAT0EFEC9A5D5DA","1.0","SYNVEH29253162352","REQBE6EF93892E961E6","2025-12-08T17:31:36Z","2025-12-08T18:01:36Z","ASMCF6BF13462D6F205","1","usable","method_current","nissan_leaf","hatchback","2020","22894","km","90.6","percent","average","2025-12-08T15:26:36Z","2025-12-08T17:26:36Z","2025-12-08T19:01:36Z"
"SRCDBA7E69F81143C14","vehicle_assessment","BAT0EFEC9A5D5DA","1.0","SYNVEH14745860856","REQ3FCA77BE4BD46E7E","2025-12-08T23:59:46Z","2025-12-09T01:29:46Z","ASM15315ABEB8F2E260","1","usable","method_current","tesla_model_3","sedan","2021","23031","mi","89.2","percent","rough","2025-12-08T21:54:46Z","2025-12-08T23:54:46Z","2025-12-09T00:29:46Z"
"SRC5A37CF2A31E19C53","vehicle_assessment","BAT0EFEC9A5D5DA","1.0","SYNVEH41345015592","REQ195AABDA0F7F8CAC","2025-12-09T06:27:57Z","2025-12-09T06:57:57Z","ASMA3C66891F1A60151","1","usable","method_current","tesla_model_y","crossover","2022","23168","km","88.7","percent","clean","2025-12-09T04:22:57Z","2025-12-09T06:22:57Z","2025-12-09T07:57:57Z"
"SRC7E8AA67FC8941063","vehicle_assessment","BAT0EFEC9A5D5DA","1.0","SYNVEH32657377675","REQD6AABD1E9B031F82","2025-12-09T12:56:07Z","2025-12-09T14:26:07Z","ASMA12420FADA716286","1","usable","method_current","hyundai_ioniq_5","crossover","2023","23305","mi","93.3","percent","average","2025-12-09T10:51:07Z","2025-12-09T12:51:07Z","2025-12-09T13:26:07Z"
"SRC9707C8062512589A","vehicle_assessment","BAT0EFEC9A5D5DA","1.0","SYNVEH05625028764","REQD4745A67BE301B63","2025-12-09T19:24:18Z","2025-12-09T19:54:18Z","ASM288F52E52821C63D","1","usable","method_current","ford_mustang_mach_e","crossover","2024","23442","km","89.7","percent","rough","2025-12-09T17:19:18Z","2025-12-09T19:19:18Z","2025-12-09T20:54:18Z"
"SRC81EF2F077663D9AB","vehicle_assessment","BAT0EFEC9A5D5DA","1.0","SYNVEH25722365816","REQ570AE3BF21A0EF21","2025-12-10T01:52:28Z","2025-12-10T03:22:28Z","ASMF053D7A44FDD8107","1","usable","method_current","ford_f150_lightning","pickup","2025","23579","mi","95.1","percent","clean","2025-12-09T23:47:28Z","2025-12-10T01:47:28Z","2025-12-10T02:22:28Z"
"SRCB5A4F793A92E92EB","vehicle_assessment","BAT0EFEC9A5D5DA","1.0","SYNVEH01668694543","REQ1659B1AB1682115B","2025-12-10T08:20:39Z","2025-12-10T08:50:39Z","ASMAAE6894E0EFBBE34","1","usable","method_current","chevrolet_bolt_ev","hatchback","2026","23716","km","91.2","percent","average","2025-12-10T06:15:39Z","2025-12-10T08:15:39Z","2025-12-10T09:50:39Z"
"SRC5667B184511E34EF","vehicle_assessment","BAT0EFEC9A5D5DA","1.0","SYNVEH06902009616","REQEEC3CD1A770D0B09","2025-12-10T14:48:49Z","2025-12-10T16:18:49Z","ASMEE105B322AC660D0","1","usable","method_current","nissan_leaf","hatchback","2018","23853","mi","92.0","percent","rough","2025-12-10T12:43:49Z","2025-12-10T14:43:49Z","2025-12-10T15:18:49Z"
"SRC4F9915413E98D6AC","vehicle_assessment","BAT0EFEC9A5D5DA","1.0","SYNVEH37023784381","REQ230D123CB9048AD6","2025-12-10T21:17:00Z","2025-12-10T21:47:00Z","ASM5850D2F7E65E77F7","1","usable","method_current","tesla_model_3","sedan","2019","23990","km","83.7","percent","clean","2025-12-10T19:12:00Z","2025-12-10T21:12:00Z","2025-12-10T22:47:00Z"
"SRC0D0FEA83400C96D3","vehicle_assessment","BAT0EFEC9A5D5DA","1.0","SYNVEH90419683619","REQ06EF8D4545CD5D7C","2025-12-11T03:45:10Z","2025-12-11T05:15:10Z","ASMB53A4B4A6ADE52D8","1","usable","method_current","tesla_model_y","crossover","2020","24127","mi","92.2","percent","average","2025-12-11T01:40:10Z","2025-12-11T03:40:10Z","2025-12-11T04:15:10Z"
"SRC84A1C59A16C22AD1","vehicle_assessment","BAT0EFEC9A5D5DA","1.0","SYNVEH87673134686","REQ520E842E578ED341","2025-12-11T10:13:20Z","2025-12-11T10:43:20Z","ASMFFD89E1B8E30B04E","1","usable","method_current","hyundai_ioniq_5","crossover","2021","24264","km","95.0","percent","rough","2025-12-11T08:08:20Z","2025-12-11T10:08:20Z","2025-12-11T11:43:20Z"
"SRCCC693C668A7775DC","vehicle_assessment","BAT0EFEC9A5D5DA","1.0","SYNVEH92897866290","REQ4C0EFF373639FD14","2025-12-11T16:41:31Z","2025-12-11T18:11:31Z","ASM9278C6C233CC2B7B","1","usable","method_current","ford_mustang_mach_e","crossover","2022","24401","mi","91.8","percent","clean","2025-12-11T14:36:31Z","2025-12-11T16:36:31Z","2025-12-11T17:11:31Z"
"SRC0609BF1C609CD591","vehicle_assessment","BAT0EFEC9A5D5DA","1.0","SYNVEH01773891895","REQ4CDF593832BA8BE4","2025-12-11T23:09:41Z","2025-12-11T23:39:41Z","ASM9E5DE314D3231915","1","usable","method_current","ford_f150_lightning","pickup","2023","24538","km","88.8","percent","average","2025-12-11T21:04:41Z","2025-12-11T23:04:41Z","2025-12-12T00:39:41Z"
"SRC6FD083A4126DE486","vehicle_assessment","BAT0EFEC9A5D5DA","1.0","SYNVEH86768507676","REQF5AC4BE1F229D5D9","2025-12-12T05:37:52Z","2025-12-12T07:07:52Z","ASMB4FBD8EA35572EBE","1","usable","method_current","chevrolet_bolt_ev","hatchback","2024","24675","mi","85.5","percent","rough","2025-12-12T03:32:52Z","2025-12-12T05:32:52Z","2025-12-12T06:07:52Z"
"SRCD3FC9EE2C607151F","vehicle_assessment","BAT0EFEC9A5D5DA","1.0","SYNVEH56089263354","REQ96A2D0434CEFAC08","2025-12-12T12:06:02Z","2025-12-12T12:36:02Z","ASMAB67F52ACD2B433D","1","usable","method_current","nissan_leaf","hatchback","2025","24812","km","87.4","percent","clean","2025-12-12T10:01:02Z","2025-12-12T12:01:02Z","2025-12-12T13:36:02Z"
"SRC3A677CBBD2E7987D","vehicle_assessment","BAT0EFEC9A5D5DA","1.0","SYNVEH20374744322","REQ6BC580964D868C18","2025-12-12T18:34:13Z","2025-12-12T20:04:13Z","ASMAEE32FFB747A5641","1","usable","method_current","tesla_model_3","sedan","2026","24949","mi","87.7","percent","average","2025-12-12T16:29:13Z","2025-12-12T18:29:13Z","2025-12-12T19:04:13Z"
"SRCA5A195B8FA4FE63A","vehicle_assessment","BAT0EFEC9A5D5DA","1.0","SYNVEH14557023206","REQEEAE37A485E33AE5","2025-12-13T01:02:23Z","2025-12-13T01:32:23Z","ASMA0597F9D0A5B729E","1","usable","method_current","tesla_model_y","crossover","2018","25086","km","94.7","percent","rough","2025-12-12T22:57:23Z","2025-12-13T00:57:23Z","2025-12-13T02:32:23Z"
"SRC56F60C31A876617D","vehicle_assessment","BAT0EFEC9A5D5DA","1.0","SYNVEH78411769784","REQ0E6CF54847DB8035","2025-12-13T07:30:33Z","2025-12-13T09:00:33Z","ASM236E2E4033B5BD0B","1","usable","method_current","hyundai_ioniq_5","crossover","2019","25223","mi","94.4","percent","clean","2025-12-13T05:25:33Z","2025-12-13T07:25:33Z","2025-12-13T08:00:33Z"
"SRC7EF0BE88957DC158","vehicle_assessment","BAT0EFEC9A5D5DA","1.0","SYNVEH85454193542","REQ4A34D5BF850C5A98","2025-12-13T13:58:44Z","2025-12-13T14:28:44Z","ASM0F501FDA6142D4D8","1","usable","method_current","ford_mustang_mach_e","crossover","2020","25360","km","92.5","percent","average","2025-12-13T11:53:44Z","2025-12-13T13:53:44Z","2025-12-13T15:28:44Z"
"SRCA0B53CF4F37F9CC6","vehicle_assessment","BAT0EFEC9A5D5DA","1.0","SYNVEH31528745765","REQA2D9D3D893D733D9","2025-12-13T20:26:54Z","2025-12-13T21:56:54Z","ASM14FEA7057CE3A341","1","usable","method_current","ford_f150_lightning","pickup","2021","25497","mi","89.6","percent","rough","2025-12-13T18:21:54Z","2025-12-13T20:21:54Z","2025-12-13T20:56:54Z"
"SRC2F8D928D1D28FEB7","vehicle_assessment","BAT0EFEC9A5D5DA","1.0","SYNVEH41368027948","REQD6B65F34253071EA","2025-12-14T02:55:05Z","2025-12-14T03:25:05Z","ASMF2EA359064D7AB49","1","usable","method_current","chevrolet_bolt_ev","hatchback","2022","25634","km","89.0","percent","clean","2025-12-14T00:50:05Z","2025-12-14T02:50:05Z","2025-12-14T04:25:05Z"
"SRCC958AE4B26CD59C4","vehicle_assessment","BAT0EFEC9A5D5DA","1.0","SYNVEH89445513671","REQ97E3CB6BF8D5CC38","2025-12-14T09:23:15Z","2025-12-14T10:53:15Z","ASMD877B54FD748A939","1","usable","method_current","nissan_leaf","hatchback","2023","25771","mi","82.5","percent","average","2025-12-14T07:18:15Z","2025-12-14T09:18:15Z","2025-12-14T09:53:15Z"
"SRCF5BABDEAE8C6799B","vehicle_assessment","BAT0EFEC9A5D5DA","1.0","SYNVEH31897754293","REQ018D724CD5A5A388","2025-12-14T15:51:26Z","2025-12-14T16:21:26Z","ASM8053114459BF4A81","1","usable","method_current","tesla_model_3","sedan","2024","25908","km","94.6","percent","rough","2025-12-14T13:46:26Z","2025-12-14T15:46:26Z","2025-12-14T17:21:26Z"
"SRC8B74D7A6DA436413","vehicle_assessment","BAT0EFEC9A5D5DA","1.0","SYNVEH98619761700","REQ6951430D4BD601E6","2025-12-14T22:19:36Z","2025-12-14T23:49:36Z","ASM5A6C740A2163849A","1","usable","method_current","tesla_model_y","crossover","2025","26045","mi","96.6","percent","clean","2025-12-14T20:14:36Z","2025-12-14T22:14:36Z","2025-12-14T22:49:36Z"
"SRCE0C52E905D878766","vehicle_assessment","BAT0EFEC9A5D5DA","1.0","SYNVEH40433040871","REQF8B76A0451F4A2E2","2025-12-15T04:47:46Z","2025-12-15T05:17:46Z","ASME24210C917616CA1","1","usable","method_current","hyundai_ioniq_5","crossover","2026","26182","km","94.5","percent","average","2025-12-15T02:42:46Z","2025-12-15T04:42:46Z","2025-12-15T06:17:46Z"
"SRC7987A366A131AB7F","vehicle_assessment","BAT0EFEC9A5D5DA","1.0","SYNVEH35006713303","REQ34ED5738AC5595E5","2025-12-15T11:15:57Z","2025-12-15T12:45:57Z","ASM3103962379498325","1","usable","method_current","ford_mustang_mach_e","crossover","2018","26319","mi","87.9","percent","rough","2025-12-15T09:10:57Z","2025-12-15T11:10:57Z","2025-12-15T11:45:57Z"
"SRCE534743424A4402F","vehicle_assessment","BAT0EFEC9A5D5DA","1.0","SYNVEH50741027811","REQ496229DAA466BA75","2025-12-15T17:44:07Z","2025-12-15T18:14:07Z","ASMBFA4F3274B953ECA","1","usable","method_current","ford_f150_lightning","pickup","2019","26456","km","84.2","percent","clean","2025-12-15T15:39:07Z","2025-12-15T17:39:07Z","2025-12-15T19:14:07Z"
"SRC413AD40D8AB360F8","vehicle_assessment","BAT0EFEC9A5D5DA","1.0","SYNVEH26563647612","REQ9EAEA0538D3F3B0A","2025-12-16T00:12:18Z","2025-12-16T01:42:18Z","ASM811C2BC6F711F378","1","usable","method_current","chevrolet_bolt_ev","hatchback","2020","26593","mi","86.8","percent","average","2025-12-15T22:07:18Z","2025-12-16T00:07:18Z","2025-12-16T00:42:18Z"
"SRC7C3A40336C6C51EC","vehicle_assessment","BAT0EFEC9A5D5DA","1.0","SYNVEH51689194626","REQA91F7E12C8C14055","2025-12-16T06:40:28Z","2025-12-16T07:10:28Z","ASMD5FD78BE48EF1C1E","1","usable","method_current","nissan_leaf","hatchback","2021","26730","km","88.7","percent","rough","2025-12-16T04:35:28Z","2025-12-16T06:35:28Z","2025-12-16T08:10:28Z"
"SRCC683E61E29C14B72","vehicle_assessment","BAT0EFEC9A5D5DA","1.0","SYNVEH31211671547","REQ97A3D24B00683A22","2025-12-16T13:08:39Z","2025-12-16T14:38:39Z","ASM92FF57CDA784B24B","1","usable","method_current","tesla_model_3","sedan","2022","26867","mi","90.8","percent","clean","2025-12-16T11:03:39Z","2025-12-16T13:03:39Z","2025-12-16T13:38:39Z"
"SRCA35444D4E5FFC064","vehicle_assessment","BAT0EFEC9A5D5DA","1.0","SYNVEH77395387497","REQDB4E667F0B3729C2","2025-12-16T19:36:49Z","2025-12-16T20:06:49Z","ASM73C41C947A8C5C59","1","usable","method_current","tesla_model_y","crossover","2023","27004","km","86.9","percent","average","2025-12-16T17:31:49Z","2025-12-16T19:31:49Z","2025-12-16T21:06:49Z"
"SRC93D1ACB0F6674FBA","vehicle_assessment","BAT0EFEC9A5D5DA","1.0","SYNVEH68839606283","REQ0C313AA540CABFD9","2025-12-17T02:05:00Z","2025-12-17T03:35:00Z","ASMCF5B44C6203A0DA1","1","usable","method_current","hyundai_ioniq_5","crossover","2024","27141","mi","95.7","percent","rough","2025-12-17T00:00:00Z","2025-12-17T02:00:00Z","2025-12-17T02:35:00Z"
"SRCB55810809A27E192","vehicle_assessment","BAT0EFEC9A5D5DA","1.0","SYNVEH25250904516","REQ75F991C3595CA0B9","2025-12-17T08:33:10Z","2025-12-17T09:03:10Z","ASMCE8915639923C1DA","1","usable","method_current","ford_mustang_mach_e","crossover","2025","27278","km","83.6","percent","clean","2025-12-17T06:28:10Z","2025-12-17T08:28:10Z","2025-12-17T10:03:10Z"
"SRC093C1603BC561733","vehicle_assessment","BAT0EFEC9A5D5DA","1.0","SYNVEH66260086862","REQ9E56DD3463162FC9","2025-12-17T15:01:20Z","2025-12-17T16:31:20Z","ASMB7BC18EB9401A6BE","1","usable","method_current","ford_f150_lightning","pickup","2026","27415","mi","93.4","percent","average","2025-12-17T12:56:20Z","2025-12-17T14:56:20Z","2025-12-17T15:31:20Z"
"SRC6EAEF7617B851F4E","vehicle_assessment","BAT0EFEC9A5D5DA","1.0","SYNVEH44621313556","REQ3691EACE7D2D1CBF","2025-12-17T21:29:31Z","2025-12-17T21:59:31Z","ASM4485FC5015072AE9","1","usable","method_current","chevrolet_bolt_ev","hatchback","2018","27552","km","93.8","percent","rough","2025-12-17T19:24:31Z","2025-12-17T21:24:31Z","2025-12-17T22:59:31Z"
"SRCCF8089F62B9987EF","vehicle_assessment","BAT0EFEC9A5D5DA","1.0","SYNVEH20802227664","REQ60AD053677EC515B","2025-12-18T03:57:41Z","2025-12-18T05:27:41Z","ASM1275ABD3EA44EEA0","1","usable","method_current","nissan_leaf","hatchback","2019","27689","mi","93.8","percent","clean","2025-12-18T01:52:41Z","2025-12-18T03:52:41Z","2025-12-18T04:27:41Z"
"SRC44FBC9CD9F1C1BA6","vehicle_assessment","BAT0EFEC9A5D5DA","1.0","SYNVEH60125027400","REQC2F3E42FBBC1FA24","2025-12-18T10:25:52Z","2025-12-18T10:55:52Z","ASM1F7DBE8C26BA053E","1","usable","method_current","tesla_model_3","sedan","2020","27826","km","86.5","percent","average","2025-12-18T08:20:52Z","2025-12-18T10:20:52Z","2025-12-18T11:55:52Z"
"SRC5AEFB79F56346A53","vehicle_assessment","BAT0EFEC9A5D5DA","1.0","SYNVEH22415000689","REQ1B1B4A9097C0215A","2025-12-18T16:54:02Z","2025-12-18T18:24:02Z","ASM589DEC1E41554859","1","usable","method_current","tesla_model_y","crossover","2021","27963","mi","91.1","percent","rough","2025-12-18T14:49:02Z","2025-12-18T16:49:02Z","2025-12-18T17:24:02Z"
"SRC8D1151105D7190B0","vehicle_assessment","BAT0EFEC9A5D5DA","1.0","SYNVEH03614057698","REQ4C3BC6F1E29C8E8E","2025-12-18T23:22:13Z","2025-12-18T23:52:13Z","ASMDD9459613EF6D0EA","1","usable","method_current","hyundai_ioniq_5","crossover","2022","28100","km","92.3","percent","clean","2025-12-18T21:17:13Z","2025-12-18T23:17:13Z","2025-12-19T00:52:13Z"
"SRCE934E3AF396B8B99","vehicle_assessment","BAT0EFEC9A5D5DA","1.0","SYNVEH37247355345","REQACAE7783DD3EE410","2025-12-19T05:50:23Z","2025-12-19T07:20:23Z","ASMBC9EB5A9335EA1E9","1","usable","method_current","ford_mustang_mach_e","crossover","2023","28237","mi","93.7","percent","average","2025-12-19T03:45:23Z","2025-12-19T05:45:23Z","2025-12-19T06:20:23Z"
"SRC564A414092372B09","vehicle_assessment","BAT0EFEC9A5D5DA","1.0","SYNVEH32371532331","REQD0339A1D51FD3A27","2025-12-19T12:18:33Z","2025-12-19T12:48:33Z","ASMA7370CC841F3CACC","1","usable","method_current","ford_f150_lightning","pickup","2024","28374","km","87.7","percent","rough","2025-12-19T10:13:33Z","2025-12-19T12:13:33Z","2025-12-19T13:48:33Z"
"SRC8A58793D1E13E195","vehicle_assessment","BAT0EFEC9A5D5DA","1.0","SYNVEH28202502078","REQCD99F9C4A8E6B4E5","2025-12-19T18:46:44Z","2025-12-19T20:16:44Z","ASMCF9DCC0CBC4ABBF2","1","usable","method_current","chevrolet_bolt_ev","hatchback","2025","28511","mi","89.7","percent","clean","2025-12-19T16:41:44Z","2025-12-19T18:41:44Z","2025-12-19T19:16:44Z"
"SRC7E5A21C50B52AB7D","vehicle_assessment","BAT0EFEC9A5D5DA","1.0","SYNVEH95707123453","REQ8FD503857AB0EDC5","2025-12-20T01:14:54Z","2025-12-20T01:44:54Z","ASMA5F58F82F42E6F4E","1","usable","method_current","nissan_leaf","hatchback","2026","28648","km","87.1","percent","average","2025-12-19T23:09:54Z","2025-12-20T01:09:54Z","2025-12-20T02:44:54Z"
"SRC87986887BE5F386A","vehicle_assessment","BAT0EFEC9A5D5DA","1.0","SYNVEH27204488911","REQ11C12A4C64CE6C1C","2025-12-20T07:43:05Z","2025-12-20T09:13:05Z","ASM1B40BA9A4262E2ED","1","usable","method_current","tesla_model_3","sedan","2018","28785","mi","85.0","percent","rough","2025-12-20T05:38:05Z","2025-12-20T07:38:05Z","2025-12-20T08:13:05Z"
"SRC1D04730254D8FB98","vehicle_assessment","BAT0EFEC9A5D5DA","1.0","SYNVEH42083402587","REQE205F52F410A4DD2","2025-12-20T14:11:15Z","2025-12-20T14:41:15Z","ASMD53E90F724E81BC2","1","usable","method_current","tesla_model_y","crossover","2019","28922","km","96.2","percent","clean","2025-12-20T12:06:15Z","2025-12-20T14:06:15Z","2025-12-20T15:41:15Z"
"SRCDEB31C52DC7277E4","vehicle_assessment","BAT0EFEC9A5D5DA","1.0","SYNVEH34291252343","REQ6449C17FEC9A890D","2025-12-20T20:39:26Z","2025-12-20T22:09:26Z","ASM7B05C2D169121822","1","usable","method_current","hyundai_ioniq_5","crossover","2020","29059","mi","91.8","percent","average","2025-12-20T18:34:26Z","2025-12-20T20:34:26Z","2025-12-20T21:09:26Z"
"SRC836B6512ECDD7CF1","vehicle_assessment","BAT0EFEC9A5D5DA","1.0","SYNVEH94779100226","REQ292D65D8F60A1A53","2025-12-21T03:07:36Z","2025-12-21T03:37:36Z","ASMD74CF744C85C4E71","1","usable","method_current","ford_mustang_mach_e","crossover","2021","29196","km","83.6","percent","rough","2025-12-21T01:02:36Z","2025-12-21T03:02:36Z","2025-12-21T04:37:36Z"
"SRCB8E45C48FB52DFEB","vehicle_assessment","BAT0EFEC9A5D5DA","1.0","SYNVEH31885057292","REQ7BC61458E1F1C65D","2025-12-21T09:35:46Z","2025-12-21T11:05:46Z","ASM8F5A0E6D0354BFC7","1","usable","method_current","ford_f150_lightning","pickup","2022","29333","mi","93.6","percent","clean","2025-12-21T07:30:46Z","2025-12-21T09:30:46Z","2025-12-21T10:05:46Z"
"SRCE1B098231797F6FF","vehicle_assessment","BAT0EFEC9A5D5DA","1.0","SYNVEH80751949482","REQ5B378FA46F1C4984","2025-12-21T16:03:57Z","2025-12-21T16:33:57Z","ASMD13F877E4BB298D7","1","usable","method_current","chevrolet_bolt_ev","hatchback","2023","29470","km","85.2","percent","average","2025-12-21T13:58:57Z","2025-12-21T15:58:57Z","2025-12-21T17:33:57Z"
"SRCACB5611BA88D583B","vehicle_assessment","BAT0EFEC9A5D5DA","1.0","SYNVEH17673603110","REQB9CC00CAEE37920C","2025-12-21T22:32:07Z","2025-12-22T00:02:07Z","ASM8D2D16EED750C649","1","usable","method_current","nissan_leaf","hatchback","2024","29607","mi","89.1","percent","rough","2025-12-21T20:27:07Z","2025-12-21T22:27:07Z","2025-12-21T23:02:07Z"
"SRCE873E54332F511C0","vehicle_assessment","BAT0EFEC9A5D5DA","1.0","SYNVEH96415075056","REQ3049D0800D6C9E3C","2025-12-22T05:00:18Z","2025-12-22T05:30:18Z","ASMAF5283C7527F054C","1","usable","method_current","tesla_model_3","sedan","2025","29744","km","95.1","percent","clean","2025-12-22T02:55:18Z","2025-12-22T04:55:18Z","2025-12-22T06:30:18Z"
"SRCF8F51B5D92958757","vehicle_assessment","BAT0EFEC9A5D5DA","1.0","SYNVEH58852038156","REQDBCE1E93D596702F","2025-12-22T11:28:28Z","2025-12-22T12:58:28Z","ASM2B17A36C40351569","1","usable","method_current","tesla_model_y","crossover","2026","29881","mi","86.4","percent","average","2025-12-22T09:23:28Z","2025-12-22T11:23:28Z","2025-12-22T11:58:28Z"
"SRC99CD37CD99EA17DB","vehicle_assessment","BAT0EFEC9A5D5DA","1.0","SYNVEH99010783408","REQ582046B33313F75D","2025-12-22T17:56:39Z","2025-12-22T18:26:39Z","ASM77F9DCCA54FD6027","1","usable","method_current","hyundai_ioniq_5","crossover","2018","30018","km","87.9","percent","rough","2025-12-22T15:51:39Z","2025-12-22T17:51:39Z","2025-12-22T19:26:39Z"
"SRC7A62EEF7DF179B65","vehicle_assessment","BAT0EFEC9A5D5DA","1.0","SYNVEH69639042076","REQ79B974FE6F524155","2025-12-23T00:24:49Z","2025-12-23T01:54:49Z","ASME33CC9E6A6327CC7","1","usable","method_current","ford_mustang_mach_e","crossover","2019","30155","mi","86.3","percent","clean","2025-12-22T22:19:49Z","2025-12-23T00:19:49Z","2025-12-23T00:54:49Z"
"SRCF0A6FABA57C63090","vehicle_assessment","BAT0EFEC9A5D5DA","1.0","SYNVEH60642817516","REQB9969E3748FDBB65","2025-12-23T06:53:00Z","2025-12-23T07:23:00Z","ASMF8CDE0C07847162F","1","usable","method_current","ford_f150_lightning","pickup","2020","30292","km","86.2","percent","average","2025-12-23T04:48:00Z","2025-12-23T06:48:00Z","2025-12-23T08:23:00Z"
"SRC8AC5C42073140145","vehicle_assessment","BAT0EFEC9A5D5DA","1.0","SYNVEH63793586135","REQ1CCBD3672BF743E0","2025-12-23T13:21:10Z","2025-12-23T14:51:10Z","ASM576A5E341750BCE4","1","usable","method_current","chevrolet_bolt_ev","hatchback","2021","30429","mi","86.9","percent","rough","2025-12-23T11:16:10Z","2025-12-23T13:16:10Z","2025-12-23T13:51:10Z"
"SRC9EB40B58C8504A93","vehicle_assessment","BAT0EFEC9A5D5DA","1.0","SYNVEH50112803085","REQ8BD99F5BA2947442","2025-12-23T19:49:20Z","2025-12-23T20:19:20Z","ASMF6EC5326D8B3E2AD","1","usable","method_current","nissan_leaf","hatchback","2022","30566","km","87.1","percent","clean","2025-12-23T17:44:20Z","2025-12-23T19:44:20Z","2025-12-23T21:19:20Z"
"SRC024BB67955A597C8","vehicle_assessment","BAT0EFEC9A5D5DA","1.0","SYNVEH08900232229","REQ927CD912BE2F4DCE","2025-12-24T02:17:31Z","2025-12-24T03:47:31Z","ASM45C5DBE0C738005F","1","usable","method_current","tesla_model_3","sedan","2023","30703","mi","84.5","percent","average","2025-12-24T00:12:31Z","2025-12-24T02:12:31Z","2025-12-24T02:47:31Z"
"SRC64C9627CC4ADC243","vehicle_assessment","BAT0EFEC9A5D5DA","1.0","SYNVEH14521219991","REQ5603ABF78CFC7072","2025-12-24T08:45:41Z","2025-12-24T09:15:41Z","ASMA453E6DDF86A4CE7","1","usable","method_current","tesla_model_y","crossover","2024","30840","km","96.4","percent","rough","2025-12-24T06:40:41Z","2025-12-24T08:40:41Z","2025-12-24T10:15:41Z"
"SRC295C7F483198C91A","vehicle_assessment","BAT0EFEC9A5D5DA","1.0","SYNVEH36592955470","REQADFAFE4CD844DBC7","2025-12-24T15:13:52Z","2025-12-24T16:43:52Z","ASM44129868C2DFFD92","1","usable","method_current","hyundai_ioniq_5","crossover","2025","30977","mi","96.3","percent","clean","2025-12-24T13:08:52Z","2025-12-24T15:08:52Z","2025-12-24T15:43:52Z"
"SRC87E6642A93138B0A","vehicle_assessment","BAT0EFEC9A5D5DA","1.0","SYNVEH25208400824","REQ1B57F683C36E475E","2025-12-24T21:42:02Z","2025-12-24T22:12:02Z","ASMFC48AB3FCE9BDF28","1","usable","method_current","ford_mustang_mach_e","crossover","2026","31114","km","87.3","percent","average","2025-12-24T19:37:02Z","2025-12-24T21:37:02Z","2025-12-24T23:12:02Z"
"SRCF7CE29DA9233348A","vehicle_assessment","BAT0EFEC9A5D5DA","1.0","SYNVEH39150817068","REQE92F5CB4912E5306","2025-12-25T04:10:13Z","2025-12-25T05:40:13Z","ASMB1F155903F7C9D44","1","usable","method_current","ford_f150_lightning","pickup","2018","31251","mi","92.6","percent","rough","2025-12-25T02:05:13Z","2025-12-25T04:05:13Z","2025-12-25T04:40:13Z"
"SRC03816644DE78E704","vehicle_assessment","BAT0EFEC9A5D5DA","1.0","SYNVEH12454316021","REQCD8E365ACAC8F6F6","2025-12-25T10:38:23Z","2025-12-25T11:08:23Z","ASM780230E29545CFC9","1","usable","method_current","chevrolet_bolt_ev","hatchback","2019","31388","km","95.3","percent","clean","2025-12-25T08:33:23Z","2025-12-25T10:33:23Z","2025-12-25T12:08:23Z"
"SRC4521F94F4F2399F6","vehicle_assessment","BAT0EFEC9A5D5DA","1.0","SYNVEH22605709990","REQ2617967CBDF21121","2025-12-25T17:06:33Z","2025-12-25T18:36:33Z","ASM446C5AB10C2161ED","1","usable","method_current","nissan_leaf","hatchback","2020","31525","mi","92.5","percent","average","2025-12-25T15:01:33Z","2025-12-25T17:01:33Z","2025-12-25T17:36:33Z"
"SRC348DA149911D9AFC","vehicle_assessment","BAT0EFEC9A5D5DA","1.0","SYNVEH71475628223","REQD85D6683D950E7A0","2025-12-25T23:34:44Z","2025-12-26T00:04:44Z","ASM2B2682BDAF3A1C45","1","usable","method_current","tesla_model_3","sedan","2021","31662","km","91.6","percent","rough","2025-12-25T21:29:44Z","2025-12-25T23:29:44Z","2025-12-26T01:04:44Z"
"SRC304E7198E8C268A3","vehicle_assessment","BAT0EFEC9A5D5DA","1.0","SYNVEH47642965236","REQ7123DB221F33488B","2025-12-26T06:02:54Z","2025-12-26T07:32:54Z","ASME46838E806796D18","1","usable","method_current","tesla_model_y","crossover","2022","31799","mi","85.6","percent","clean","2025-12-26T03:57:54Z","2025-12-26T05:57:54Z","2025-12-26T06:32:54Z"
"SRC252E245775013730","vehicle_assessment","BAT0EFEC9A5D5DA","1.0","SYNVEH20500048150","REQ2F973CF840269E7A","2025-12-26T12:31:05Z","2025-12-26T13:01:05Z","ASM9F0287B96B54C7FE","1","usable","method_current","hyundai_ioniq_5","crossover","2023","31936","km","85.8","percent","average","2025-12-26T10:26:05Z","2025-12-26T12:26:05Z","2025-12-26T14:01:05Z"
"SRCFCDC543420C29F0D","vehicle_assessment","BAT0EFEC9A5D5DA","1.0","SYNVEH41912630807","REQF6602F043297E27B","2025-12-26T18:59:15Z","2025-12-26T20:29:15Z","ASM64FBBE9D38A3CF16","1","usable","method_current","ford_mustang_mach_e","crossover","2024","32073","mi","85.7","percent","rough","2025-12-26T16:54:15Z","2025-12-26T18:54:15Z","2025-12-26T19:29:15Z"
"SRC574AE8C67C936472","vehicle_assessment","BAT0EFEC9A5D5DA","1.0","SYNVEH96661910101","REQ42A955C0181CAB2C","2025-12-27T01:27:26Z","2025-12-27T01:57:26Z","ASM8D086CBED4AB5E61","1","usable","method_current","ford_f150_lightning","pickup","2025","32210","km","88.9","percent","clean","2025-12-26T23:22:26Z","2025-12-27T01:22:26Z","2025-12-27T02:57:26Z"
"SRC40E7BE033E0FE68E","vehicle_assessment","BAT0EFEC9A5D5DA","1.0","SYNVEH80166999580","REQ2AF23CF73D35CAE6","2025-12-27T07:55:36Z","2025-12-27T09:25:36Z","ASM231C7276D844EF33","1","usable","method_current","chevrolet_bolt_ev","hatchback","2026","32347","mi","95.1","percent","average","2025-12-27T05:50:36Z","2025-12-27T07:50:36Z","2025-12-27T08:25:36Z"
"SRC2FE9DC5D53FEBA23","vehicle_assessment","BAT0EFEC9A5D5DA","1.0","SYNVEH51815415776","REQ61CCE63C8A891B81","2025-12-27T14:23:46Z","2025-12-27T14:53:46Z","ASM4BE25083A58C000E","1","usable","method_current","nissan_leaf","hatchback","2018","32484","km","96.9","percent","rough","2025-12-27T12:18:46Z","2025-12-27T14:18:46Z","2025-12-27T15:53:46Z"
"SRC47D2A98AC701071D","vehicle_assessment","BAT0EFEC9A5D5DA","1.0","SYNVEH83016864969","REQDA669636A981FA14","2025-12-27T20:51:57Z","2025-12-27T22:21:57Z","ASM8718FD334D1B3414","1","usable","method_current","tesla_model_3","sedan","2019","32621","mi","83.7","percent","clean","2025-12-27T18:46:57Z","2025-12-27T20:46:57Z","2025-12-27T21:21:57Z"
"SRC99A0D5B2DD4EA0C1","vehicle_assessment","BAT0EFEC9A5D5DA","1.0","SYNVEH44848170649","REQ1E47EC11297E86CA","2025-12-28T03:20:07Z","2025-12-28T03:50:07Z","ASM4AFB1B8C984235F5","1","usable","method_current","tesla_model_y","crossover","2020","32758","km","90.3","percent","average","2025-12-28T01:15:07Z","2025-12-28T03:15:07Z","2025-12-28T04:50:07Z"
"SRC41392AE5B5E5D84A","vehicle_assessment","BAT0EFEC9A5D5DA","1.0","SYNVEH86663183210","REQ55754597CAA7F48A","2025-12-28T09:48:18Z","2025-12-28T11:18:18Z","ASM117349738B45FFD8","1","usable","method_current","hyundai_ioniq_5","crossover","2021","32895","mi","91.4","percent","rough","2025-12-28T07:43:18Z","2025-12-28T09:43:18Z","2025-12-28T10:18:18Z"
"SRC0B1ED553C5680476","vehicle_assessment","BAT0EFEC9A5D5DA","1.0","SYNVEH30436715319","REQ59C8E8A13831997B","2025-12-28T16:16:28Z","2025-12-28T16:46:28Z","ASM3DB0220D489FE97B","1","usable","method_current","ford_mustang_mach_e","crossover","2022","33032","km","93.1","percent","clean","2025-12-28T14:11:28Z","2025-12-28T16:11:28Z","2025-12-28T17:46:28Z"
"SRC98C4DDE060F84F20","vehicle_assessment","BAT0EFEC9A5D5DA","1.0","SYNVEH70265160079","REQAEA6D5ACD65E2426","2025-12-28T22:44:39Z","2025-12-29T00:14:39Z","ASM14E8E7377761EDF8","1","usable","method_current","ford_f150_lightning","pickup","2023","33169","mi","92.5","percent","average","2025-12-28T20:39:39Z","2025-12-28T22:39:39Z","2025-12-28T23:14:39Z"
"SRC1F94650960657DCE","vehicle_assessment","BAT0EFEC9A5D5DA","1.0","SYNVEH68425756239","REQA63A65FA9A289BDF","2026-01-01T17:27:54Z","2026-01-01T17:57:54Z","ASM9B082C7EF434D032","1","failed","method_current","","","","","","","","","","2026-01-01T17:22:54Z","2026-01-01T18:57:54Z"
"SRC4AAD7F6EEC74684C","vehicle_assessment","BAT0EFEC9A5D5DA","1.0","SYNVEH96086206184","REQA58ACE9F90C9C374","2026-01-02T00:13:43Z","2026-01-02T01:43:43Z","ASM71E1A8026B2D9F22","1","failed","method_current","","","","","","","","","","2026-01-02T00:08:43Z","2026-01-02T00:43:43Z"
"SRCC302509CC2665133","vehicle_assessment","BAT0EFEC9A5D5DA","1.0","SYNVEH69791684779","REQC1F0B658E2A4202B","2026-01-02T06:59:32Z","2026-01-02T07:29:32Z","ASMF22538E441E7625B","1","failed","method_current","","","","","","","","","","2026-01-02T06:54:32Z","2026-01-02T08:29:32Z"
"SRC457DC14D083B77F6","vehicle_assessment","BAT0EFEC9A5D5DA","1.0","SYNVEH62266490058","REQ98F5D03399AB439F","2026-01-02T13:45:21Z","2026-01-02T15:15:21Z","ASM8FB2B5C4B748D55A","1","failed","method_current","","","","","","","","","","2026-01-02T13:40:21Z","2026-01-02T14:15:21Z"
"SRC8C016F0854535401","vehicle_assessment","BAT0EFEC9A5D5DA","1.0","SYNVEH33623290893","REQ1526E6A4D94667A1","2026-01-02T20:31:10Z","2026-01-02T21:01:10Z","ASM2B927BEAEDBF03FC","1","failed","method_current","","","","","","","","","","2026-01-02T20:26:10Z","2026-01-02T22:01:10Z"
"SRC255ADB01CD8CECDA","vehicle_assessment","BAT0EFEC9A5D5DA","1.0","SYNVEH94939599885","REQE90418854A9F253E","2026-01-03T03:17:00Z","2026-01-03T04:47:00Z","ASME98DE8BBD4288301","1","failed","method_current","","","","","","","","","","2026-01-03T03:12:00Z","2026-01-03T03:47:00Z"
"SRC7FE486B853D4FFB6","vehicle_assessment","BAT0EFEC9A5D5DA","1.0","SYNVEH82694441317","REQD548B4345DC7445B","2026-01-03T10:02:49Z","2026-01-03T10:32:49Z","ASM309507C9D0EE8756","1","failed","method_current","","","","","","","","","","2026-01-03T09:57:49Z","2026-01-03T11:32:49Z"
"SRC51E4471EDFE71140","vehicle_assessment","BAT0EFEC9A5D5DA","1.0","SYNVEH88090685803","REQF4AA0F88CD69845C","2026-01-03T16:48:38Z","2026-01-03T18:18:38Z","ASM7249723DF0A1A49C","1","failed","method_current","","","","","","","","","","2026-01-03T16:43:38Z","2026-01-03T17:18:38Z"
"SRC7A65170EBE916A76","vehicle_assessment","BAT0EFEC9A5D5DA","1.0","SYNVEH18884503249","REQ049727DCD37CE957","2026-01-03T23:34:27Z","2026-01-04T00:04:27Z","ASMCD3ED488E2B30FB4","1","failed","method_current","","","","","","","","","","2026-01-03T23:29:27Z","2026-01-04T01:04:27Z"
"SRC93DDC7ED05046CC6","vehicle_assessment","BAT0EFEC9A5D5DA","1.0","SYNVEH04966174390","REQ8DE465C28FBCCFE7","2026-01-04T06:20:16Z","2026-01-04T07:50:16Z","ASM271C8BDBDB1677B2","1","failed","method_current","","","","","","","","","","2026-01-04T06:15:16Z","2026-01-04T06:50:16Z"
"SRCD116F4622DD80648","vehicle_assessment","BAT0EFEC9A5D5DA","1.0","SYNVEH13072222014","REQ429C7755003FC1A5","2026-01-04T13:06:05Z","2026-01-04T13:36:05Z","ASMEF411E3223033E9C","1","usable","method_current","tesla_model_3","sedan","2020","36457","mi","94.0","percent","average","2026-01-04T11:01:05Z","2026-01-04T13:01:05Z","2026-01-04T14:36:05Z"
"SRCF9A1F07EB418052B","vehicle_assessment","BAT0EFEC9A5D5DA","1.0","SYNVEH81568057745","REQ9888DE869336E159","2026-01-04T19:51:54Z","2026-01-04T21:21:54Z","ASMEBBBC47608CF30C2","1","usable","method_current","tesla_model_y","crossover","2021","36594","km","92.3","percent","rough","2026-01-04T17:46:54Z","2026-01-04T19:46:54Z","2026-01-04T20:21:54Z"
"SRC5427492C58236F4A","vehicle_assessment","BAT0EFEC9A5D5DA","1.0","SYNVEH57974644569","REQ15E1410037F0DF96","2026-01-05T02:37:43Z","2026-01-05T03:07:43Z","ASM4026B8505E17404D","1","usable","method_current","hyundai_ioniq_5","crossover","2022","36731","mi","84.9","percent","clean","2026-01-05T00:32:43Z","2026-01-05T02:32:43Z","2026-01-05T04:07:43Z"
"SRC8F699E529EDFE4D3","vehicle_assessment","BAT0EFEC9A5D5DA","1.0","SYNVEH20043716874","REQF738BEE7C7A235BE","2026-01-05T09:23:32Z","2026-01-05T10:53:32Z","ASM4190DA5BE62FC5CE","1","usable","method_current","ford_mustang_mach_e","crossover","2023","36868","km","96.1","percent","average","2026-01-05T07:18:32Z","2026-01-05T09:18:32Z","2026-01-05T09:53:32Z"
"SRCFA7370C7D2BEAD36","vehicle_assessment","BAT0EFEC9A5D5DA","1.0","SYNVEH38143335725","REQ2628200681A7D5D0","2026-01-05T16:09:21Z","2026-01-05T16:39:21Z","ASM4E21E3A066497119","1","usable","method_current","ford_f150_lightning","pickup","2024","37005","mi","89.9","percent","rough","2026-01-05T14:04:21Z","2026-01-05T16:04:21Z","2026-01-05T17:39:21Z"
"SRC8716C4DD58AF995B","vehicle_assessment","BAT0EFEC9A5D5DA","1.0","SYNVEH78927396591","REQ10A5123784BD36CA","2026-01-05T22:55:10Z","2026-01-06T00:25:10Z","ASMA9024C507E028B23","1","usable","method_current","chevrolet_bolt_ev","hatchback","2025","37142","km","85.9","percent","clean","2026-01-05T20:50:10Z","2026-01-05T22:50:10Z","2026-01-05T23:25:10Z"
"SRCD4B69BC80D463D50","vehicle_assessment","BAT0EFEC9A5D5DA","1.0","SYNVEH05919452619","REQADE76281A29F7967","2026-01-06T05:41:00Z","2026-01-06T06:11:00Z","ASM35D9F88AC0C4C647","1","usable","method_current","nissan_leaf","hatchback","2026","37279","mi","85.6","percent","average","2026-01-06T03:36:00Z","2026-01-06T05:36:00Z","2026-01-06T07:11:00Z"
"SRC32763BA1F9D3B033","vehicle_assessment","BAT0EFEC9A5D5DA","1.0","SYNVEH22959323399","REQ185B5129DC6F0295","2026-01-06T12:26:49Z","2026-01-06T13:56:49Z","ASM0B663108894F02A6","1","usable","method_current","tesla_model_3","sedan","2018","37416","km","96.9","percent","rough","2026-01-06T10:21:49Z","2026-01-06T12:21:49Z","2026-01-06T12:56:49Z"
"SRC07A5B94E86094907","vehicle_assessment","BAT0EFEC9A5D5DA","1.0","SYNVEH11695541806","REQ9B55FDC92769F485","2026-01-06T19:12:38Z","2026-01-06T19:42:38Z","ASMC1BEC01BA35EFA12","1","usable","method_current","tesla_model_y","crossover","2019","37553","mi","89.3","percent","clean","2026-01-06T17:07:38Z","2026-01-06T19:07:38Z","2026-01-06T20:42:38Z"
"SRC9AD1FB8177B94EA8","vehicle_assessment","BAT0EFEC9A5D5DA","1.0","SYNVEH24112627117","REQDB8AB84DB863A510","2026-01-07T01:58:27Z","2026-01-07T03:28:27Z","ASM4151A5B597AD936D","1","usable","method_current","hyundai_ioniq_5","crossover","2020","37690","km","94.6","percent","average","2026-01-06T23:53:27Z","2026-01-07T01:53:27Z","2026-01-07T02:28:27Z"
"SRCBA1C04318B5630D3","vehicle_assessment","BAT0EFEC9A5D5DA","1.0","SYNVEH66447559109","REQ4F07A05742BED6BE","2026-01-07T08:44:16Z","2026-01-07T09:14:16Z","ASM1FA99EC8BA0C7E7A","1","usable","method_current","ford_mustang_mach_e","crossover","2021","37827","mi","97.0","percent","rough","2026-01-07T06:39:16Z","2026-01-07T08:39:16Z","2026-01-07T10:14:16Z"
"SRC9E2581E64B8E08F0","vehicle_assessment","BAT0EFEC9A5D5DA","1.0","SYNVEH20011385467","REQ48B4B81721AA1C1F","2026-01-07T15:30:05Z","2026-01-07T17:00:05Z","ASM60F86E99D47ADF39","1","usable","method_current","ford_f150_lightning","pickup","2022","37964","km","88.5","percent","clean","2026-01-07T13:25:05Z","2026-01-07T15:25:05Z","2026-01-07T16:00:05Z"
"SRC55B86EA398794BF5","vehicle_assessment","BAT0EFEC9A5D5DA","1.0","SYNVEH37171446505","REQ24575C477A04B725","2026-01-07T22:15:54Z","2026-01-07T22:45:54Z","ASM874B49BE74BF3412","1","usable","method_current","chevrolet_bolt_ev","hatchback","2023","38101","mi","81.5","percent","average","2026-01-07T20:10:54Z","2026-01-07T22:10:54Z","2026-01-07T23:45:54Z"
"SRC683C16D223C501A5","vehicle_assessment","BAT0EFEC9A5D5DA","1.0","SYNVEH25295285655","REQE72A9F47F05FA432","2026-01-08T05:01:43Z","2026-01-08T06:31:43Z","ASMC69546C79CC9C8D5","1","usable","method_current","nissan_leaf","hatchback","2024","38238","km","82.0","percent","rough","2026-01-08T02:56:43Z","2026-01-08T04:56:43Z","2026-01-08T05:31:43Z"
"SRC34AE47B8BED93037","vehicle_assessment","BAT0EFEC9A5D5DA","1.0","SYNVEH44096899205","REQ7A1CE86B18ECA1F8","2026-01-08T11:47:32Z","2026-01-08T12:17:32Z","ASM5136A69B4B99B37E","1","usable","method_current","tesla_model_3","sedan","2025","38375","mi","83.9","percent","clean","2026-01-08T09:42:32Z","2026-01-08T11:42:32Z","2026-01-08T13:17:32Z"
"SRC55A6ECBDBFBD976E","vehicle_assessment","BAT0EFEC9A5D5DA","1.0","SYNVEH44848796805","REQ676EE1FA5BA9BFCE","2026-01-08T18:33:21Z","2026-01-08T20:03:21Z","ASMCAAE23E0CF58907A","1","usable","method_current","tesla_model_y","crossover","2026","38512","km","91.5","percent","average","2026-01-08T16:28:21Z","2026-01-08T18:28:21Z","2026-01-08T19:03:21Z"
"SRC744C0B2A4B1C75A0","vehicle_assessment","BAT0EFEC9A5D5DA","1.0","SYNVEH36566791066","REQEB27499413CC22ED","2026-01-09T01:19:10Z","2026-01-09T01:49:10Z","ASM778D8ADAAAECD156","1","usable","method_current","hyundai_ioniq_5","crossover","2018","38649","mi","84.9","percent","rough","2026-01-08T23:14:10Z","2026-01-09T01:14:10Z","2026-01-09T02:49:10Z"
"SRCFE58273DB0565A11","vehicle_assessment","BAT0EFEC9A5D5DA","1.0","SYNVEH97810103498","REQ40C76415962921B1","2026-01-09T08:05:00Z","2026-01-09T09:35:00Z","ASMC3FC4C0B80B3B858","1","usable","method_current","ford_mustang_mach_e","crossover","2019","38786","km","89.0","percent","clean","2026-01-09T06:00:00Z","2026-01-09T08:00:00Z","2026-01-09T08:35:00Z"
"SRC0585B525D3147377","vehicle_assessment","BAT0EFEC9A5D5DA","1.0","SYNVEH55112805663","REQ51D9D1B883469B04","2026-01-09T14:50:49Z","2026-01-09T15:20:49Z","ASM4F012ABA027C6AF3","1","usable","method_current","ford_f150_lightning","pickup","2020","38923","mi","88.9","percent","average","2026-01-09T12:45:49Z","2026-01-09T14:45:49Z","2026-01-09T16:20:49Z"
"SRC40A22474A107F64D","vehicle_assessment","BAT0EFEC9A5D5DA","1.0","SYNVEH17420625828","REQ9317D520DD7E1021","2026-01-09T21:36:38Z","2026-01-09T23:06:38Z","ASMF07D637F996886DE","1","usable","method_current","chevrolet_bolt_ev","hatchback","2021","39060","km","84.6","percent","rough","2026-01-09T19:31:38Z","2026-01-09T21:31:38Z","2026-01-09T22:06:38Z"
"SRC72B78D03EA40739E","vehicle_assessment","BAT0EFEC9A5D5DA","1.0","SYNVEH84976209550","REQ21DC2BB81D6D4BFD","2026-01-10T04:22:27Z","2026-01-10T04:52:27Z","ASM90AC26D8153C9452","1","usable","method_current","nissan_leaf","hatchback","2022","39197","mi","91.7","percent","clean","2026-01-10T02:17:27Z","2026-01-10T04:17:27Z","2026-01-10T05:52:27Z"
"SRC11B5759D01B4EF3C","vehicle_assessment","BAT0EFEC9A5D5DA","1.0","SYNVEH72239978159","REQC992371444E97542","2026-01-10T11:08:16Z","2026-01-10T12:38:16Z","ASMCD33A9DC30226B63","1","usable","method_current","tesla_model_3","sedan","2023","39334","km","85.9","percent","average","2026-01-10T09:03:16Z","2026-01-10T11:03:16Z","2026-01-10T11:38:16Z"
"SRCD25CCE1B8032AD84","vehicle_assessment","BAT0EFEC9A5D5DA","1.0","SYNVEH04391072604","REQ679D3AA43D8B81D7","2026-01-10T17:54:05Z","2026-01-10T18:24:05Z","ASM16752FC097C70164","1","usable","method_current","tesla_model_y","crossover","2024","39471","mi","89.0","percent","rough","2026-01-10T15:49:05Z","2026-01-10T17:49:05Z","2026-01-10T19:24:05Z"
"SRC4B4E85A536E7D4DD","vehicle_assessment","BAT0EFEC9A5D5DA","1.0","SYNVEH09760480437","REQ59C502B0339D70DF","2026-01-11T00:39:54Z","2026-01-11T02:09:54Z","ASMD47BC8E0CE77BB7F","1","usable","method_current","hyundai_ioniq_5","crossover","2025","39608","km","88.6","percent","clean","2026-01-10T22:34:54Z","2026-01-11T00:34:54Z","2026-01-11T01:09:54Z"
"SRCFBA5B965431E6A6A","vehicle_assessment","BAT0EFEC9A5D5DA","1.0","SYNVEH95038475984","REQB04DF8511CF29F30","2026-01-11T07:25:43Z","2026-01-11T07:55:43Z","ASMC13C9CEE1C8C57A4","1","usable","method_current","ford_mustang_mach_e","crossover","2026","39745","mi","92.3","percent","average","2026-01-11T05:20:43Z","2026-01-11T07:20:43Z","2026-01-11T08:55:43Z"
"SRCD8FEBB0647865A69","vehicle_assessment","BAT0EFEC9A5D5DA","1.0","SYNVEH78366143061","REQ5FC7DF47C45A5F87","2026-01-11T14:11:32Z","2026-01-11T15:41:32Z","ASMB4A2FA3A8E90394E","1","usable","method_current","ford_f150_lightning","pickup","2018","39882","km","86.5","percent","rough","2026-01-11T12:06:32Z","2026-01-11T14:06:32Z","2026-01-11T14:41:32Z"
"SRC24784829E7FCEF3D","vehicle_assessment","BAT0EFEC9A5D5DA","1.0","SYNVEH62105695855","REQA5CCB9A1BE3541D5","2026-01-11T20:57:21Z","2026-01-11T21:27:21Z","ASM7768ADFB876BEA8F","1","usable","method_current","chevrolet_bolt_ev","hatchback","2019","40019","mi","92.0","percent","clean","2026-01-11T18:52:21Z","2026-01-11T20:52:21Z","2026-01-11T22:27:21Z"
"SRC2A49840A8568E16C","vehicle_assessment","BAT0EFEC9A5D5DA","1.0","SYNVEH70443839777","REQ01788CCF59DAF535","2026-01-12T03:43:10Z","2026-01-12T05:13:10Z","ASMF05EB5EE0C70ECC0","1","usable","method_current","nissan_leaf","hatchback","2020","40156","km","86.2","percent","average","2026-01-12T01:38:10Z","2026-01-12T03:38:10Z","2026-01-12T04:13:10Z"
"SRC7BA05F65D10EC892","vehicle_assessment","BAT0EFEC9A5D5DA","1.0","SYNVEH00973830184","REQ0E8C3374EAC2265F","2026-01-12T10:29:00Z","2026-01-12T10:59:00Z","ASMCC11F5177B28E8B8","1","usable","method_current","tesla_model_3","sedan","2021","40293","mi","86.7","percent","rough","2026-01-12T08:24:00Z","2026-01-12T10:24:00Z","2026-01-12T11:59:00Z"
"SRCD7F2C8350C40C45F","vehicle_assessment","BAT0EFEC9A5D5DA","1.0","SYNVEH83850310824","REQ828439CAD55CEBAF","2026-01-12T17:14:49Z","2026-01-12T18:44:49Z","ASMD76FC3C1405ADF5B","1","usable","method_current","tesla_model_y","crossover","2022","40430","km","96.4","percent","clean","2026-01-12T15:09:49Z","2026-01-12T17:09:49Z","2026-01-12T17:44:49Z"
"SRC309AB14D0FC5FC12","vehicle_assessment","BAT0EFEC9A5D5DA","1.0","SYNVEH22097419655","REQF3457688AD18C34D","2026-01-13T00:00:38Z","2026-01-13T00:30:38Z","ASM6C59AA53C2E64251","1","usable","method_current","hyundai_ioniq_5","crossover","2023","40567","mi","90.0","percent","average","2026-01-12T21:55:38Z","2026-01-12T23:55:38Z","2026-01-13T01:30:38Z"
"SRC3C806039D1F70DB6","vehicle_assessment","BAT0EFEC9A5D5DA","1.0","SYNVEH79306866887","REQ1564E7277210262F","2026-01-13T06:46:27Z","2026-01-13T08:16:27Z","ASM227F8D438481878D","1","usable","method_current","ford_mustang_mach_e","crossover","2024","40704","km","91.3","percent","rough","2026-01-13T04:41:27Z","2026-01-13T06:41:27Z","2026-01-13T07:16:27Z"
"SRCE6854F60DB7642A2","vehicle_assessment","BAT0EFEC9A5D5DA","1.0","SYNVEH62403352590","REQ773939F0C5FCE2BC","2026-01-13T13:32:16Z","2026-01-13T14:02:16Z","ASM6A3C9E6808F4AA7E","1","usable","method_current","ford_f150_lightning","pickup","2025","40841","mi","84.6","percent","clean","2026-01-13T11:27:16Z","2026-01-13T13:27:16Z","2026-01-13T15:02:16Z"
"SRC880EC5BB1E32FB21","vehicle_assessment","BAT0EFEC9A5D5DA","1.0","SYNVEH79504407155","REQ0DF3984FA56648FC","2026-01-13T20:18:05Z","2026-01-13T21:48:05Z","ASM9C80E43D94A87042","1","usable","method_current","chevrolet_bolt_ev","hatchback","2026","40978","km","85.4","percent","average","2026-01-13T18:13:05Z","2026-01-13T20:13:05Z","2026-01-13T20:48:05Z"
"SRC1826EB77AC31EF87","vehicle_assessment","BAT0EFEC9A5D5DA","1.0","SYNVEH36905437315","REQ665A43D919990A7A","2026-01-14T03:03:54Z","2026-01-14T03:33:54Z","ASMDB0DBE823722F514","1","usable","method_current","nissan_leaf","hatchback","2018","41115","mi","90.0","percent","rough","2026-01-14T00:58:54Z","2026-01-14T02:58:54Z","2026-01-14T04:33:54Z"
"SRCAC3AF67E2DD9F456","vehicle_assessment","BAT0EFEC9A5D5DA","1.0","SYNVEH76546342819","REQ5B2FC87A65B9554B","2026-01-14T09:49:43Z","2026-01-14T11:19:43Z","ASM22DEBBDA8364378F","1","usable","method_current","tesla_model_3","sedan","2019","41252","km","95.9","percent","clean","2026-01-14T07:44:43Z","2026-01-14T09:44:43Z","2026-01-14T10:19:43Z"
"SRC09FFBA22D8242894","vehicle_assessment","BAT0EFEC9A5D5DA","1.0","SYNVEH64059642934","REQ79F937F27D6BBF15","2026-01-14T16:35:32Z","2026-01-14T17:05:32Z","ASM585F7ED36B6BF79D","1","usable","method_current","tesla_model_y","crossover","2020","41389","mi","93.8","percent","average","2026-01-14T14:30:32Z","2026-01-14T16:30:32Z","2026-01-14T18:05:32Z"
"SRCA30116536E8300BB","vehicle_assessment","BAT0EFEC9A5D5DA","1.0","SYNVEH15682726699","REQ7A376D3F7BBDC6A6","2026-01-14T23:21:21Z","2026-01-15T00:51:21Z","ASMB2D6449F1F882154","1","usable","method_current","hyundai_ioniq_5","crossover","2021","41526","km","83.1","percent","rough","2026-01-14T21:16:21Z","2026-01-14T23:16:21Z","2026-01-14T23:51:21Z"
"SRCC8616E6566DE92CC","vehicle_assessment","BAT0EFEC9A5D5DA","1.0","SYNVEH92598260415","REQ23AF9EF89E4E9521","2026-01-15T06:07:10Z","2026-01-15T06:37:10Z","ASMC5DE248960CABDD6","1","usable","method_current","ford_mustang_mach_e","crossover","2022","41663","mi","93.5","percent","clean","2026-01-15T04:02:10Z","2026-01-15T06:02:10Z","2026-01-15T07:37:10Z"
"SRC0C1AD6BE9E0E4A84","vehicle_assessment","BAT0EFEC9A5D5DA","1.0","SYNVEH09203056821","REQE616B092557198E8","2026-01-15T12:53:00Z","2026-01-15T14:23:00Z","ASME35AF4E408580CF9","1","usable","method_current","ford_f150_lightning","pickup","2023","41800","km","87.5","percent","average","2026-01-15T10:48:00Z","2026-01-15T12:48:00Z","2026-01-15T13:23:00Z"
"SRCAB0B5665D6F59171","vehicle_assessment","BAT0EFEC9A5D5DA","1.0","SYNVEH79928340645","REQ8AD165AEA89B30DA","2026-01-15T19:38:49Z","2026-01-15T20:08:49Z","ASM3AB024F4C5AAC2F7","1","usable","method_current","chevrolet_bolt_ev","hatchback","2024","41937","mi","94.6","percent","rough","2026-01-15T17:33:49Z","2026-01-15T19:33:49Z","2026-01-15T21:08:49Z"
"SRCF457E8BEB26AEF46","vehicle_assessment","BAT0EFEC9A5D5DA","1.0","SYNVEH47850140244","REQE374C2C1656842E9","2026-01-16T02:24:38Z","2026-01-16T03:54:38Z","ASM418B0DCEB69CE967","1","usable","method_current","nissan_leaf","hatchback","2025","42074","km","84.1","percent","clean","2026-01-16T00:19:38Z","2026-01-16T02:19:38Z","2026-01-16T02:54:38Z"
"SRC68D555A9396654EC","vehicle_assessment","BAT0EFEC9A5D5DA","1.0","SYNVEH14064736485","REQ2B1EFF6534966A0B","2026-01-16T09:10:27Z","2026-01-16T09:40:27Z","ASM8BFC24D4A1A77723","1","usable","method_current","tesla_model_3","sedan","2026","42211","mi","82.9","percent","average","2026-01-16T07:05:27Z","2026-01-16T09:05:27Z","2026-01-16T10:40:27Z"
"SRC520C517841B1C002","vehicle_assessment","BAT0EFEC9A5D5DA","1.0","SYNVEH48036067785","REQ1A7EB9EDA99FE798","2026-01-16T15:56:16Z","2026-01-16T17:26:16Z","ASM03DB01566BAF126E","1","usable","method_current","tesla_model_y","crossover","2018","42348","km","85.9","percent","rough","2026-01-16T13:51:16Z","2026-01-16T15:51:16Z","2026-01-16T16:26:16Z"
"SRC0657788573901FA4","vehicle_assessment","BAT0EFEC9A5D5DA","1.0","SYNVEH41395748209","REQF9C63C8358A59FD9","2026-01-16T22:42:05Z","2026-01-16T23:12:05Z","ASM8F07B7BFDFF41048","1","usable","method_current","hyundai_ioniq_5","crossover","2019","42485","mi","83.4","percent","clean","2026-01-16T20:37:05Z","2026-01-16T22:37:05Z","2026-01-17T00:12:05Z"
"SRC6A9316CE893FE23A","vehicle_assessment","BAT0EFEC9A5D5DA","1.0","SYNVEH31271572405","REQ6108E07E0CA85266","2026-01-17T05:27:54Z","2026-01-17T06:57:54Z","ASM15C33C33C89EDD51","1","usable","method_current","ford_mustang_mach_e","crossover","2020","42622","km","88.5","percent","average","2026-01-17T03:22:54Z","2026-01-17T05:22:54Z","2026-01-17T05:57:54Z"
"SRC0F1BAEB5CFC6CDE1","vehicle_assessment","BAT0EFEC9A5D5DA","1.0","SYNVEH06982599345","REQA6AC00FF211BA5D8","2026-01-17T12:13:43Z","2026-01-17T12:43:43Z","ASMB4DA0231531A612C","1","usable","method_current","ford_f150_lightning","pickup","2021","42759","mi","83.7","percent","rough","2026-01-17T10:08:43Z","2026-01-17T12:08:43Z","2026-01-17T13:43:43Z"
"SRCDD4573FE40304A2F","vehicle_assessment","BAT0EFEC9A5D5DA","1.0","SYNVEH13087962554","REQF16E0B4BE1BAB7F8","2026-01-17T18:59:32Z","2026-01-17T20:29:32Z","ASM94E03B4FF02E9A82","1","usable","method_current","chevrolet_bolt_ev","hatchback","2022","42896","km","96.0","percent","clean","2026-01-17T16:54:32Z","2026-01-17T18:54:32Z","2026-01-17T19:29:32Z"
"SRCEAE3EE84CD9C9719","vehicle_assessment","BAT0EFEC9A5D5DA","1.0","SYNVEH75871615343","REQEC7808140E4228A8","2026-01-18T01:45:21Z","2026-01-18T02:15:21Z","ASM41B90582DA3FE3C3","1","usable","method_current","nissan_leaf","hatchback","2023","43033","mi","86.4","percent","average","2026-01-17T23:40:21Z","2026-01-18T01:40:21Z","2026-01-18T03:15:21Z"
"SRCCB91799216E29EF0","vehicle_assessment","BAT0EFEC9A5D5DA","1.0","SYNVEH25002275713","REQ55CE3D40A7286D12","2026-01-18T08:31:10Z","2026-01-18T10:01:10Z","ASM059393790A5ADBEF","1","usable","method_current","tesla_model_3","sedan","2024","43170","km","90.2","percent","rough","2026-01-18T06:26:10Z","2026-01-18T08:26:10Z","2026-01-18T09:01:10Z"
"SRCC72941566D375C2B","vehicle_assessment","BAT0EFEC9A5D5DA","1.0","SYNVEH65973002425","REQD9AC548FC4729A49","2026-01-18T15:17:00Z","2026-01-18T15:47:00Z","ASM859C1AB99CE87346","1","usable","method_current","tesla_model_y","crossover","2025","43307","mi","90.5","percent","clean","2026-01-18T13:12:00Z","2026-01-18T15:12:00Z","2026-01-18T16:47:00Z"
"SRCBA0BB23CF0368714","vehicle_assessment","BAT0EFEC9A5D5DA","1.0","SYNVEH38767665554","REQ7897FEE253C5C1A6","2026-01-18T22:02:49Z","2026-01-18T23:32:49Z","ASM12A3E6A739713C24","1","usable","method_current","hyundai_ioniq_5","crossover","2026","43444","km","92.8","percent","average","2026-01-18T19:57:49Z","2026-01-18T21:57:49Z","2026-01-18T22:32:49Z"
"SRCFC2E4F657C4D3825","vehicle_assessment","BAT0EFEC9A5D5DA","1.0","SYNVEH37357381502","REQ7F4F5760E531292C","2026-01-19T04:48:38Z","2026-01-19T05:18:38Z","ASM82FAD382FE9D1314","1","usable","method_current","ford_mustang_mach_e","crossover","2018","43581","mi","88.6","percent","rough","2026-01-19T02:43:38Z","2026-01-19T04:43:38Z","2026-01-19T06:18:38Z"
"SRC368BF8BF843A3255","vehicle_assessment","BAT0EFEC9A5D5DA","1.0","SYNVEH65116291788","REQBD86878617266B63","2026-01-19T11:34:27Z","2026-01-19T13:04:27Z","ASMAC5369C28B93189C","1","usable","method_current","ford_f150_lightning","pickup","2019","43718","km","91.5","percent","clean","2026-01-19T09:29:27Z","2026-01-19T11:29:27Z","2026-01-19T12:04:27Z"
"SRCD4BA6D559E2AF11B","vehicle_assessment","BAT0EFEC9A5D5DA","1.0","SYNVEH43409054799","REQ7E134C41F05B6DD3","2026-01-19T18:20:16Z","2026-01-19T18:50:16Z","ASMB784A14F7AB6834F","1","usable","method_current","chevrolet_bolt_ev","hatchback","2020","43855","mi","82.4","percent","average","2026-01-19T16:15:16Z","2026-01-19T18:15:16Z","2026-01-19T19:50:16Z"
"SRCE259F3A52C2DE414","vehicle_assessment","BAT0EFEC9A5D5DA","1.0","SYNVEH45366458279","REQ48FDB8AF5FEEDE58","2026-01-20T01:06:05Z","2026-01-20T02:36:05Z","ASM0F56613E86D2E0F8","1","usable","method_current","nissan_leaf","hatchback","2021","43992","km","87.8","percent","rough","2026-01-19T23:01:05Z","2026-01-20T01:01:05Z","2026-01-20T01:36:05Z"
"SRC4E115168544DDB9C","vehicle_assessment","BAT0EFEC9A5D5DA","1.0","SYNVEH15919000099","REQ3F4B39B4DC4F0A7B","2026-01-20T07:51:54Z","2026-01-20T08:21:54Z","ASM0234CA4EFFE81417","1","usable","method_current","tesla_model_3","sedan","2022","44129","mi","93.8","percent","clean","2026-01-20T05:46:54Z","2026-01-20T07:46:54Z","2026-01-20T09:21:54Z"
"SRC180A8CA216D2FCC4","vehicle_assessment","BAT0EFEC9A5D5DA","1.0","SYNVEH62945518996","REQC7F3488F919D2FA7","2026-01-20T14:37:43Z","2026-01-20T16:07:43Z","ASM47A7BF2C878B0913","1","usable","method_current","tesla_model_y","crossover","2023","44266","km","85.8","percent","average","2026-01-20T12:32:43Z","2026-01-20T14:32:43Z","2026-01-20T15:07:43Z"
"SRC0E01C48A92938522","vehicle_assessment","BAT0EFEC9A5D5DA","1.0","SYNVEH12900787286","REQC18924E9272C0A85","2026-01-20T21:23:32Z","2026-01-20T21:53:32Z","ASMB5BD9F5B44CA61DC","1","usable","method_current","hyundai_ioniq_5","crossover","2024","44403","mi","95.5","percent","rough","2026-01-20T19:18:32Z","2026-01-20T21:18:32Z","2026-01-20T22:53:32Z"
"SRC77061647356A4321","vehicle_assessment","BAT0EFEC9A5D5DA","1.0","SYNVEH69675983713","REQ6B0F10D0A797F350","2026-01-21T04:09:21Z","2026-01-21T05:39:21Z","ASM851A0A43B62A1C81","1","usable","method_current","ford_mustang_mach_e","crossover","2025","44540","km","94.8","percent","clean","2026-01-21T02:04:21Z","2026-01-21T04:04:21Z","2026-01-21T04:39:21Z"
"SRC9F37152FD7D56F26","vehicle_assessment","BAT0EFEC9A5D5DA","1.0","SYNVEH48384412650","REQC75813B1D54BE9C4","2026-01-21T10:55:10Z","2026-01-21T11:25:10Z","ASMBCA3914F03C3C1BE","1","usable","method_current","ford_f150_lightning","pickup","2026","44677","mi","85.1","percent","average","2026-01-21T08:50:10Z","2026-01-21T10:50:10Z","2026-01-21T12:25:10Z"
"SRC03A582A89EBA40AD","vehicle_assessment","BAT0EFEC9A5D5DA","1.0","SYNVEH12724054512","REQ395A3B402C0750FE","2026-01-21T17:41:00Z","2026-01-21T19:11:00Z","ASM1857A069E56978D0","1","usable","method_current","chevrolet_bolt_ev","hatchback","2018","44814","km","82.6","percent","rough","2026-01-21T15:36:00Z","2026-01-21T17:36:00Z","2026-01-21T18:11:00Z"
"SRCB93DD2AE28BC7D90","vehicle_assessment","BAT0EFEC9A5D5DA","1.0","SYNVEH67460464103","REQF02B44F258B1D072","2026-01-22T00:26:49Z","2026-01-22T00:56:49Z","ASM4247F7FD3926506E","1","usable","method_current","nissan_leaf","hatchback","2019","44951","mi","95.5","percent","clean","2026-01-21T22:21:49Z","2026-01-22T00:21:49Z","2026-01-22T01:56:49Z"
"SRC62011C0717DB604C","vehicle_assessment","BAT0EFEC9A5D5DA","1.0","SYNVEH81718939229","REQ3E347FD70C929198","2026-01-22T07:12:38Z","2026-01-22T08:42:38Z","ASMC4A0FE09D79AB361","1","usable","method_current","tesla_model_3","sedan","2020","45088","km","91.6","percent","average","2026-01-22T05:07:38Z","2026-01-22T07:07:38Z","2026-01-22T07:42:38Z"
"SRC8685A7A34328E96D","vehicle_assessment","BAT0EFEC9A5D5DA","1.0","SYNVEH77899877407","REQD5E9D6532FC255E4","2026-01-22T13:58:27Z","2026-01-22T14:28:27Z","ASM085B58D7F8C2793B","1","usable","method_current","tesla_model_y","crossover","2021","45225","mi","88.6","percent","rough","2026-01-22T11:53:27Z","2026-01-22T13:53:27Z","2026-01-22T15:28:27Z"
"SRCC29CC957D43CB39C","vehicle_assessment","BAT0EFEC9A5D5DA","1.0","SYNVEH48849815679","REQ8C5E74C7F5BAF759","2026-01-22T20:44:16Z","2026-01-22T22:14:16Z","ASM785E4EA374DEAA31","1","usable","method_current","hyundai_ioniq_5","crossover","2022","45362","km","85.4","percent","clean","2026-01-22T18:39:16Z","2026-01-22T20:39:16Z","2026-01-22T21:14:16Z"
"SRC3ADFC3D314E17510","vehicle_assessment","BAT0EFEC9A5D5DA","1.0","SYNVEH99478507054","REQA14E03928C207CDC","2026-01-23T03:30:05Z","2026-01-23T04:00:05Z","ASM5AB59CC10BBAA294","1","usable","method_current","ford_mustang_mach_e","crossover","2023","45499","mi","91.2","percent","average","2026-01-23T01:25:05Z","2026-01-23T03:25:05Z","2026-01-23T05:00:05Z"
"SRC284F1E7E0E49D269","vehicle_assessment","BAT0EFEC9A5D5DA","1.0","SYNVEH38565009213","REQ0D54A000CEC5E482","2026-01-23T10:15:54Z","2026-01-23T11:45:54Z","ASM6A7E97E6CB88D70D","1","usable","method_current","ford_f150_lightning","pickup","2024","45636","km","95.3","percent","rough","2026-01-23T08:10:54Z","2026-01-23T10:10:54Z","2026-01-23T10:45:54Z"
"SRCEECC898D1708204A","vehicle_assessment","BAT0EFEC9A5D5DA","1.0","SYNVEH57860949031","REQ2A7AB049CD657257","2026-01-23T17:01:43Z","2026-01-23T17:31:43Z","ASME5C06AC5509D2D4E","1","usable","method_current","chevrolet_bolt_ev","hatchback","2025","45773","mi","94.5","percent","clean","2026-01-23T14:56:43Z","2026-01-23T16:56:43Z","2026-01-23T18:31:43Z"
"SRC47CC7CC35A6DBD00","vehicle_assessment","BAT0EFEC9A5D5DA","1.0","SYNVEH80830172504","REQ42D9AA213045A5EC","2026-01-23T23:47:32Z","2026-01-24T01:17:32Z","ASME77817262E4A4F3B","1","usable","method_current","nissan_leaf","hatchback","2026","45910","km","93.2","percent","average","2026-01-23T21:42:32Z","2026-01-23T23:42:32Z","2026-01-24T00:17:32Z"
"SRC1DF2BC99F944616E","vehicle_assessment","BAT0EFEC9A5D5DA","1.0","SYNVEH35696704821","REQ07CD35B0E246EF53","2026-01-24T06:33:21Z","2026-01-24T07:03:21Z","ASM38386DB40323B789","1","usable","method_current","tesla_model_3","sedan","2018","46047","mi","89.2","percent","rough","2026-01-24T04:28:21Z","2026-01-24T06:28:21Z","2026-01-24T08:03:21Z"
"SRC62C17627835D94DB","vehicle_assessment","BAT0EFEC9A5D5DA","1.0","SYNVEH71009643929","REQC052E5313AD2D3F9","2026-01-24T13:19:10Z","2026-01-24T14:49:10Z","ASM6D1D69CCE2C00330","1","usable","method_current","tesla_model_y","crossover","2019","46184","km","82.4","percent","clean","2026-01-24T11:14:10Z","2026-01-24T13:14:10Z","2026-01-24T13:49:10Z"
"SRCEB4A4D604EB562F6","vehicle_assessment","BAT0EFEC9A5D5DA","1.0","SYNVEH14501836792","REQCB029574E5875F9A","2026-01-24T20:05:00Z","2026-01-24T20:35:00Z","ASM4DE9A68212E9D42B","1","usable","method_current","hyundai_ioniq_5","crossover","2020","46321","mi","90.5","percent","average","2026-01-24T18:00:00Z","2026-01-24T20:00:00Z","2026-01-24T21:35:00Z"
"SRCDDAA4FF7A5DCB72E","vehicle_assessment","BAT0EFEC9A5D5DA","1.0","SYNVEH51084934838","REQF5C4CF40EE534A77","2026-01-25T02:50:49Z","2026-01-25T04:20:49Z","ASMD6F10A18C47DE2BF","1","usable","method_current","ford_mustang_mach_e","crossover","2021","46458","km","87.1","percent","rough","2026-01-25T00:45:49Z","2026-01-25T02:45:49Z","2026-01-25T03:20:49Z"
"SRC790838D47BC882BB","vehicle_assessment","BAT0EFEC9A5D5DA","1.0","SYNVEH36777925128","REQ5522CA465033F711","2026-01-25T09:36:38Z","2026-01-25T10:06:38Z","ASM701F44BFF7D22623","1","usable","method_current","ford_f150_lightning","pickup","2022","46595","mi","91.3","percent","clean","2026-01-25T07:31:38Z","2026-01-25T09:31:38Z","2026-01-25T11:06:38Z"
"SRC7882E6E6D1CA1841","vehicle_assessment","BAT0EFEC9A5D5DA","1.0","SYNVEH34466302026","REQ5E7DBD2D5F296966","2026-01-25T16:22:27Z","2026-01-25T17:52:27Z","ASM5B852372AD8D2909","1","usable","method_current","chevrolet_bolt_ev","hatchback","2023","46732","km","83.7","percent","average","2026-01-25T14:17:27Z","2026-01-25T16:17:27Z","2026-01-25T16:52:27Z"
"SRCF2725147A3401E8A","vehicle_assessment","BAT0EFEC9A5D5DA","1.0","SYNVEH80889499601","REQA040875F75ABE9D9","2026-01-25T23:08:16Z","2026-01-25T23:38:16Z","ASMDF0E493788375101","1","usable","method_current","nissan_leaf","hatchback","2024","46869","mi","87.6","percent","rough","2026-01-25T21:03:16Z","2026-01-25T23:03:16Z","2026-01-26T00:38:16Z"
"SRC26FC2B0726F87A44","vehicle_assessment","BAT0EFEC9A5D5DA","1.0","SYNVEH40303340998","REQ08377FA15F43923D","2026-01-26T05:54:05Z","2026-01-26T07:24:05Z","ASM0A8853BCA05A7420","1","usable","method_current","tesla_model_3","sedan","2025","47006","km","90.9","percent","clean","2026-01-26T03:49:05Z","2026-01-26T05:49:05Z","2026-01-26T06:24:05Z"
"SRC45E22149982929A0","vehicle_assessment","BAT0EFEC9A5D5DA","1.0","SYNVEH62382794511","REQ1F513EB6C9ACAAAA","2026-01-26T12:39:54Z","2026-01-26T13:09:54Z","ASM8C7A57B8FCC45286","1","usable","method_current","tesla_model_y","crossover","2026","47143","mi","93.0","percent","average","2026-01-26T10:34:54Z","2026-01-26T12:34:54Z","2026-01-26T14:09:54Z"
"SRCA4E7E20E85BAD5FC","vehicle_assessment","BAT0EFEC9A5D5DA","1.0","SYNVEH89749085902","REQ8432F5A55A036B8D","2026-01-26T19:25:43Z","2026-01-26T20:55:43Z","ASMA6AF0AE685FA67A2","1","usable","method_current","hyundai_ioniq_5","crossover","2018","47280","km","84.9","percent","rough","2026-01-26T17:20:43Z","2026-01-26T19:20:43Z","2026-01-26T19:55:43Z"
"SRCAD9CB1933782FE18","vehicle_assessment","BAT0EFEC9A5D5DA","1.0","SYNVEH32899983360","REQ5AC8BC1C3DF14CBF","2026-01-27T02:11:32Z","2026-01-27T02:41:32Z","ASMEA1CF6F243D72A3B","1","usable","method_current","ford_mustang_mach_e","crossover","2019","47417","mi","85.0","percent","clean","2026-01-27T00:06:32Z","2026-01-27T02:06:32Z","2026-01-27T03:41:32Z"
"SRC38ED709C6C9020BA","vehicle_assessment","BAT0EFEC9A5D5DA","1.0","SYNVEH98027294369","REQ92C8BD8C9F003E87","2026-01-27T08:57:21Z","2026-01-27T10:27:21Z","ASM9835D1BA309CF5E4","1","usable","method_current","ford_f150_lightning","pickup","2020","47554","km","87.2","percent","average","2026-01-27T06:52:21Z","2026-01-27T08:52:21Z","2026-01-27T09:27:21Z"
"SRC189BC39DEECF532C","vehicle_assessment","BAT0EFEC9A5D5DA","1.0","SYNVEH84704281554","REQE3CCF1E3C99E7ABC","2026-01-27T15:43:10Z","2026-01-27T16:13:10Z","ASMD6CD097FA7D6AF89","1","usable","method_current","chevrolet_bolt_ev","hatchback","2021","47691","mi","93.3","percent","rough","2026-01-27T13:38:10Z","2026-01-27T15:38:10Z","2026-01-27T17:13:10Z"
"SRC27B1ABF075C964C8","vehicle_assessment","BAT0EFEC9A5D5DA","1.0","SYNVEH27026382625","REQ5272AEC37E242F33","2026-01-27T22:29:00Z","2026-01-27T23:59:00Z","ASM03B0F1857F3D7A96","1","usable","method_current","nissan_leaf","hatchback","2022","47828","km","91.8","percent","clean","2026-01-27T20:24:00Z","2026-01-27T22:24:00Z","2026-01-27T22:59:00Z"
"SRC090A6FC5DD567ECF","vehicle_assessment","BAT0EFEC9A5D5DA","1.0","SYNVEH54611838346","REQD99C60C664E115AE","2026-01-28T05:14:49Z","2026-01-28T05:44:49Z","ASMFF1655D9F55F5227","1","usable","method_current","tesla_model_3","sedan","2023","47965","mi","82.9","percent","average","2026-01-28T03:09:49Z","2026-01-28T05:09:49Z","2026-01-28T06:44:49Z"
"SRCF25445D4B46A2D1E","vehicle_assessment","BAT0EFEC9A5D5DA","1.0","SYNVEH80939044493","REQ0E7A2A62D48B3D97","2026-01-28T12:00:38Z","2026-01-28T13:30:38Z","ASMC46A26FD47356779","1","usable","method_current","tesla_model_y","crossover","2024","48102","km","92.7","percent","rough","2026-01-28T09:55:38Z","2026-01-28T11:55:38Z","2026-01-28T12:30:38Z"
"SRCC7965EF09684BABD","vehicle_assessment","BAT0EFEC9A5D5DA","1.0","SYNVEH00239396681","REQ9A4D46ED3C91D100","2026-01-28T18:46:27Z","2026-01-28T19:16:27Z","ASM161B0F88E908D50D","1","usable","method_current","hyundai_ioniq_5","crossover","2025","48239","mi","85.2","percent","clean","2026-01-28T16:41:27Z","2026-01-28T18:41:27Z","2026-01-28T20:16:27Z"
"SRCF2D91EA9C58000A2","vehicle_assessment","BAT0EFEC9A5D5DA","1.0","SYNVEH00824649824","REQ8BDD4A2A70D0A439","2026-01-29T01:32:16Z","2026-01-29T03:02:16Z","ASME0278425046FA75D","1","usable","method_current","ford_mustang_mach_e","crossover","2026","48376","km","93.4","percent","average","2026-01-28T23:27:16Z","2026-01-29T01:27:16Z","2026-01-29T02:02:16Z"
"SRC102CE922B2701E49","vehicle_assessment","BAT0EFEC9A5D5DA","1.0","SYNVEH64803129943","REQBF8589FD4C63549E","2026-01-29T08:18:05Z","2026-01-29T08:48:05Z","ASME794EF596A3A071E","1","usable","method_current","ford_f150_lightning","pickup","2018","48513","mi","86.4","percent","rough","2026-01-29T06:13:05Z","2026-01-29T08:13:05Z","2026-01-29T09:48:05Z"
"SRC32D6700E1C62FF4D","vehicle_assessment","BAT0EFEC9A5D5DA","1.0","SYNVEH06014429525","REQ83CCC3EE2922447E","2026-01-29T15:03:54Z","2026-01-29T16:33:54Z","ASMA7B4DB7E72D5BCEB","1","usable","method_current","chevrolet_bolt_ev","hatchback","2019","48650","km","94.8","percent","clean","2026-01-29T12:58:54Z","2026-01-29T14:58:54Z","2026-01-29T15:33:54Z"
"SRCD1F7C4A9EC339161","vehicle_assessment","BAT0EFEC9A5D5DA","1.0","SYNVEH42628338785","REQ6A25EE194A67380E","2026-01-29T21:49:43Z","2026-01-29T22:19:43Z","ASMC11639CCCDA1B784","1","usable","method_current","nissan_leaf","hatchback","2020","48787","mi","95.4","percent","average","2026-01-29T19:44:43Z","2026-01-29T21:44:43Z","2026-01-29T23:19:43Z"
"SRC6682C5931825B6B9","vehicle_assessment","BAT0EFEC9A5D5DA","1.0","SYNVEH91662505171","REQ72B6868F622B9973","2026-01-30T04:35:32Z","2026-01-30T06:05:32Z","ASMC1D54F67D498E57A","1","usable","method_current","tesla_model_3","sedan","2021","48924","km","93.6","percent","rough","2026-01-30T02:30:32Z","2026-01-30T04:30:32Z","2026-01-30T05:05:32Z"
"SRCB58FB16513DBED09","vehicle_assessment","BAT0EFEC9A5D5DA","1.0","SYNVEH14550103601","REQCE6EFFCC4867C16C","2026-01-30T11:21:21Z","2026-01-30T11:51:21Z","ASM327C7D99A6E20138","1","usable","method_current","tesla_model_y","crossover","2022","49061","mi","88.8","percent","clean","2026-01-30T09:16:21Z","2026-01-30T11:16:21Z","2026-01-30T12:51:21Z"
"SRC472CB36C995152B8","vehicle_assessment","BAT0EFEC9A5D5DA","1.0","SYNVEH26725297361","REQ60F803E390268BF9","2026-01-30T18:07:10Z","2026-01-30T19:37:10Z","ASM246DC2B29149D3A4","1","usable","method_current","hyundai_ioniq_5","crossover","2023","49198","km","83.9","percent","average","2026-01-30T16:02:10Z","2026-01-30T18:02:10Z","2026-01-30T18:37:10Z"
"SRCF58964C29FF84D62","vehicle_assessment","BAT0EFEC9A5D5DA","1.0","SYNVEH29024647530","REQ8B5A0BD776F6809E","2026-01-31T00:53:00Z","2026-01-31T01:23:00Z","ASM1515A74CED7A6F75","1","usable","method_current","ford_mustang_mach_e","crossover","2024","49335","mi","85.8","percent","rough","2026-01-30T22:48:00Z","2026-01-31T00:48:00Z","2026-01-31T02:23:00Z"
"SRC0FE54A3724B4B847","vehicle_assessment","BAT0EFEC9A5D5DA","1.0","SYNVEH01773878370","REQ1D17F6E3F3337AAC","2026-01-31T07:38:49Z","2026-01-31T09:08:49Z","ASMCEEA60787C9376D0","1","usable","method_current","ford_f150_lightning","pickup","2025","49472","km","90.6","percent","clean","2026-01-31T05:33:49Z","2026-01-31T07:33:49Z","2026-01-31T08:08:49Z"
"SRC362BD0C4A292F148","vehicle_assessment","BAT0EFEC9A5D5DA","1.0","SYNVEH58699706983","REQ5A61D2B11F059AA2","2026-01-31T14:24:38Z","2026-01-31T14:54:38Z","ASM6E60667F9AF4022A","1","usable","method_current","chevrolet_bolt_ev","hatchback","2026","49609","mi","92.6","percent","average","2026-01-31T12:19:38Z","2026-01-31T14:19:38Z","2026-01-31T15:54:38Z"
"SRCCC9F075234B1D1D5","vehicle_assessment","BAT0EFEC9A5D5DA","1.0","SYNVEH63654378640","REQ51D5828E0D9BAE5D","2026-01-31T21:10:27Z","2026-01-31T22:40:27Z","ASMFBB6A6F5219BB984","1","usable","method_current","nissan_leaf","hatchback","2018","49746","km","84.2","percent","rough","2026-01-31T19:05:27Z","2026-01-31T21:05:27Z","2026-01-31T21:40:27Z"
"SRC12D92177062A63A4","vehicle_assessment","BAT0EFEC9A5D5DA","1.0","SYNVEH32021277671","REQE71F4D5D205571DB","2026-02-01T03:56:16Z","2026-02-01T04:26:16Z","ASMCE066117ACCA43B2","1","usable","method_current","tesla_model_3","sedan","2019","49883","mi","96.3","percent","clean","2026-02-01T01:51:16Z","2026-02-01T03:51:16Z","2026-02-01T05:26:16Z"
"SRC98315F4A7EBAFBD2","vehicle_assessment","BAT0EFEC9A5D5DA","1.0","SYNVEH07260541678","REQ8CAA59CDF0F3C39D","2026-02-01T10:42:05Z","2026-02-01T12:12:05Z","ASM0FC0B0A51CB1D7F0","1","usable","method_current","tesla_model_y","crossover","2020","50020","km","90.6","percent","average","2026-02-01T08:37:05Z","2026-02-01T10:37:05Z","2026-02-01T11:12:05Z"
"SRC6C119142BF495FFA","vehicle_assessment","BAT0EFEC9A5D5DA","1.0","SYNVEH14083052382","REQA869EAFBDFF1EE40","2026-02-01T17:08:16Z","2026-02-01T17:38:16Z","ASMDD77CE83250B2460","1","usable","method_current","hyundai_ioniq_5","crossover","2021","50157","mi","92.4","percent","rough","2026-02-01T15:03:16Z","2026-02-01T17:03:16Z","2026-02-01T18:38:16Z"
"SRCAEF79A3E11F23F6B","vehicle_assessment","BAT0EFEC9A5D5DA","1.0","SYNVEH74077989751","REQ821EF3FFF2408747","2026-02-01T23:14:49Z","2026-02-02T00:44:49Z","ASMB2885397258536B8","1","usable","method_current","ford_mustang_mach_e","crossover","2022","50294","km","89.3","percent","clean","2026-02-01T21:09:49Z","2026-02-01T23:09:49Z","2026-02-01T23:44:49Z"
"SRCED274219DF8A3970","vehicle_assessment","BAT0EFEC9A5D5DA","1.0","SYNVEH76378414770","REQFC8C5A8ADB297596","2026-02-02T05:21:21Z","2026-02-02T05:51:21Z","ASM726736C521AD4B24","1","usable","method_current","ford_f150_lightning","pickup","2023","50431","mi","94.7","percent","average","2026-02-02T03:16:21Z","2026-02-02T05:16:21Z","2026-02-02T06:51:21Z"
"SRC7C59F941A92404B9","vehicle_assessment","BAT0EFEC9A5D5DA","1.0","SYNVEH27802019001","REQ5BA47FBC0693C2B6","2026-02-02T11:27:54Z","2026-02-02T12:57:54Z","ASM47ACA5DB3B0DDD98","1","usable","method_current","chevrolet_bolt_ev","hatchback","2024","50568","km","89.0","percent","rough","2026-02-02T09:22:54Z","2026-02-02T11:22:54Z","2026-02-02T11:57:54Z"
"SRC5EB07B2E0C407BEE","vehicle_assessment","BAT0EFEC9A5D5DA","1.0","SYNVEH43147014096","REQ9CF1E083D16E2EEA","2026-02-02T17:34:27Z","2026-02-02T18:04:27Z","ASM5CDED0C2031110D0","1","usable","method_current","nissan_leaf","hatchback","2025","50705","mi","86.6","percent","clean","2026-02-02T15:29:27Z","2026-02-02T17:29:27Z","2026-02-02T19:04:27Z"
"SRC010677B12C5EB7CE","vehicle_assessment","BAT0EFEC9A5D5DA","1.0","SYNVEH49474607965","REQ533E0813567CC68D","2026-02-02T23:41:00Z","2026-02-03T01:11:00Z","ASMD85B54F8741E5F69","1","usable","method_current","tesla_model_3","sedan","2026","50842","km","92.9","percent","average","2026-02-02T21:36:00Z","2026-02-02T23:36:00Z","2026-02-03T00:11:00Z"
"SRC8BB308B73D6D9950","vehicle_assessment","BAT0EFEC9A5D5DA","1.0","SYNVEH54453195499","REQ5361D410BD1DD99C","2026-02-03T05:47:32Z","2026-02-03T06:17:32Z","ASMC016859CEB2DBF33","1","usable","method_current","tesla_model_y","crossover","2018","50979","mi","89.5","percent","rough","2026-02-03T03:42:32Z","2026-02-03T05:42:32Z","2026-02-03T07:17:32Z"
"SRCC78A63E5DFA2D01D","vehicle_assessment","BAT0EFEC9A5D5DA","1.0","SYNVEH94943570326","REQB1D2D0C7A814E6E4","2026-02-03T11:54:05Z","2026-02-03T13:24:05Z","ASM0FD726118912B3D5","1","usable","method_current","hyundai_ioniq_5","crossover","2019","51116","km","92.7","percent","clean","2026-02-03T09:49:05Z","2026-02-03T11:49:05Z","2026-02-03T12:24:05Z"
"SRC383C8D461162C453","vehicle_assessment","BAT0EFEC9A5D5DA","1.0","SYNVEH01067372423","REQ0B51157800DC9FB5","2026-02-03T18:00:38Z","2026-02-03T18:30:38Z","ASM72B9DAF1D7F24265","1","usable","method_current","ford_mustang_mach_e","crossover","2020","51253","mi","83.9","percent","average","2026-02-03T15:55:38Z","2026-02-03T17:55:38Z","2026-02-03T19:30:38Z"
"SRC40F027F8AF58906D","vehicle_assessment","BAT0EFEC9A5D5DA","1.0","SYNVEH90866458189","REQC82E04F2B2A19AA8","2026-02-04T00:07:10Z","2026-02-04T01:37:10Z","ASM9B6598049A059644","1","usable","method_current","ford_f150_lightning","pickup","2021","51390","km","95.2","percent","rough","2026-02-03T22:02:10Z","2026-02-04T00:02:10Z","2026-02-04T00:37:10Z"
"SRC4437D9268DDF8CB0","vehicle_assessment","BAT0EFEC9A5D5DA","1.0","SYNVEH95909421297","REQ137749C19CD479EC","2026-02-04T06:13:43Z","2026-02-04T06:43:43Z","ASM2F27FD99A11725BD","1","usable","method_current","chevrolet_bolt_ev","hatchback","2022","51527","mi","86.8","percent","clean","2026-02-04T04:08:43Z","2026-02-04T06:08:43Z","2026-02-04T07:43:43Z"
"SRC9D9CF7A8CDA2C499","vehicle_assessment","BAT0EFEC9A5D5DA","1.0","SYNVEH90502662544","REQ60884636772842F3","2026-02-04T12:20:16Z","2026-02-04T13:50:16Z","ASME30D21B10FCFB5E2","1","usable","method_current","nissan_leaf","hatchback","2023","51664","km","96.1","percent","average","2026-02-04T10:15:16Z","2026-02-04T12:15:16Z","2026-02-04T12:50:16Z"
"SRCED993DE5A7219829","vehicle_assessment","BAT0EFEC9A5D5DA","1.0","SYNVEH45936863593","REQ7925DFA873E342C1","2026-02-04T18:26:49Z","2026-02-04T18:56:49Z","ASMA96493DBA2CC3B70","1","usable","method_current","tesla_model_3","sedan","2024","51801","mi","91.3","percent","rough","2026-02-04T16:21:49Z","2026-02-04T18:21:49Z","2026-02-04T19:56:49Z"
"SRC68E7BCC20EC96F39","vehicle_assessment","BAT0EFEC9A5D5DA","1.0","SYNVEH60130110707","REQA185403656ACF98A","2026-02-05T00:33:21Z","2026-02-05T02:03:21Z","ASMD3E5F9CB5F6CF35F","1","usable","method_current","tesla_model_y","crossover","2025","51938","km","86.1","percent","clean","2026-02-04T22:28:21Z","2026-02-05T00:28:21Z","2026-02-05T01:03:21Z"
"SRCA91744AB91A551CD","vehicle_assessment","BAT0EFEC9A5D5DA","1.0","SYNVEH46912629736","REQE96249D6DD332458","2026-02-05T06:39:54Z","2026-02-05T07:09:54Z","ASM8227D52A03B9886E","1","usable","method_current","hyundai_ioniq_5","crossover","2026","52075","mi","84.3","percent","average","2026-02-05T04:34:54Z","2026-02-05T06:34:54Z","2026-02-05T08:09:54Z"
"SRCAF1A5C6A13BDC309","vehicle_assessment","BAT0EFEC9A5D5DA","1.0","SYNVEH42664177125","REQ34F6F0DB4E38FBD6","2026-02-05T12:46:27Z","2026-02-05T14:16:27Z","ASM0DDCF3ECE51B03FF","1","usable","method_current","ford_mustang_mach_e","crossover","2018","52212","km","88.9","percent","rough","2026-02-05T10:41:27Z","2026-02-05T12:41:27Z","2026-02-05T13:16:27Z"
"SRC799066EE3384B081","vehicle_assessment","BAT0EFEC9A5D5DA","1.0","SYNVEH38540522250","REQB7B5244A233CC128","2026-02-05T18:53:00Z","2026-02-05T19:23:00Z","ASM3736510EE23319B4","1","usable","method_current","ford_f150_lightning","pickup","2019","52349","mi","87.1","percent","clean","2026-02-05T16:48:00Z","2026-02-05T18:48:00Z","2026-02-05T20:23:00Z"
"SRCC05583816B5614CF","vehicle_assessment","BAT0EFEC9A5D5DA","1.0","SYNVEH47555872588","REQ43AFE64A0A9EF967","2026-02-06T00:59:32Z","2026-02-06T02:29:32Z","ASMDC32B6E467AFE989","1","usable","method_current","chevrolet_bolt_ev","hatchback","2020","52486","km","84.8","percent","average","2026-02-05T22:54:32Z","2026-02-06T00:54:32Z","2026-02-06T01:29:32Z"
"SRC2AF74E8BDA3D2ADE","vehicle_assessment","BAT0EFEC9A5D5DA","1.0","SYNVEH28506340835","REQF9AC632D2C362037","2026-02-06T07:06:05Z","2026-02-06T07:36:05Z","ASM2ABD71C342CE4498","1","usable","method_current","nissan_leaf","hatchback","2021","52623","mi","95.7","percent","rough","2026-02-06T05:01:05Z","2026-02-06T07:01:05Z","2026-02-06T08:36:05Z"
"SRC783C9C3B53F9B447","vehicle_assessment","BAT0EFEC9A5D5DA","1.0","SYNVEH79100282819","REQB21FFC003803C3CD","2026-02-06T13:12:38Z","2026-02-06T14:42:38Z","ASM65950296AADAD7A6","1","usable","method_current","tesla_model_3","sedan","2022","52760","km","89.0","percent","clean","2026-02-06T11:07:38Z","2026-02-06T13:07:38Z","2026-02-06T13:42:38Z"
"SRCE60E1DF03913D0A6","vehicle_assessment","BAT0EFEC9A5D5DA","1.0","SYNVEH21465158596","REQDEEB1611B02D9ADE","2026-02-06T19:19:10Z","2026-02-06T19:49:10Z","ASME0C5A9524A4E02D6","1","usable","method_current","tesla_model_y","crossover","2023","52897","mi","91.3","percent","average","2026-02-06T17:14:10Z","2026-02-06T19:14:10Z","2026-02-06T20:49:10Z"
"SRCF0FA2CC6AA255994","vehicle_assessment","BAT0EFEC9A5D5DA","1.0","SYNVEH12124280580","REQ98E282C3700D09AF","2026-02-07T01:25:43Z","2026-02-07T02:55:43Z","ASMA55D45B5ECA6D542","1","usable","method_current","hyundai_ioniq_5","crossover","2024","53034","km","85.8","percent","rough","2026-02-06T23:20:43Z","2026-02-07T01:20:43Z","2026-02-07T01:55:43Z"
"SRC21FA829ACCAA2493","vehicle_assessment","BAT0EFEC9A5D5DA","1.0","SYNVEH75247517486","REQ20D0F86D4482A8B2","2026-02-07T07:32:16Z","2026-02-07T08:02:16Z","ASM74C741BA8DC06868","1","usable","method_current","ford_mustang_mach_e","crossover","2025","53171","mi","95.3","percent","clean","2026-02-07T05:27:16Z","2026-02-07T07:27:16Z","2026-02-07T09:02:16Z"
"SRC905E5432EAD5AAAC","vehicle_assessment","BAT0EFEC9A5D5DA","1.0","SYNVEH06512655669","REQBD7FABDFE100C8D3","2026-02-07T13:38:49Z","2026-02-07T15:08:49Z","ASM35E0BEAD16AFC91E","1","usable","method_current","ford_f150_lightning","pickup","2026","53308","km","84.5","percent","average","2026-02-07T11:33:49Z","2026-02-07T13:33:49Z","2026-02-07T14:08:49Z"
"SRC0DDCC381C61F2754","vehicle_assessment","BAT0EFEC9A5D5DA","1.0","SYNVEH20905505256","REQB9DCA72D84ADC501","2026-02-07T19:45:21Z","2026-02-07T20:15:21Z","ASMF93EF018886A72B8","1","usable","method_current","chevrolet_bolt_ev","hatchback","2018","53445","mi","93.4","percent","rough","2026-02-07T17:40:21Z","2026-02-07T19:40:21Z","2026-02-07T21:15:21Z"
"SRC07C14D2BE66D72C4","vehicle_assessment","BAT0EFEC9A5D5DA","1.0","SYNVEH64568898934","REQ121D73922B8634F4","2026-02-08T01:51:54Z","2026-02-08T03:21:54Z","ASM233BFD7B5249D633","1","usable","method_current","nissan_leaf","hatchback","2019","53582","km","85.5","percent","clean","2026-02-07T23:46:54Z","2026-02-08T01:46:54Z","2026-02-08T02:21:54Z"
"SRC7F8F45439344ECD9","vehicle_assessment","BAT0EFEC9A5D5DA","1.0","SYNVEH21148467790","REQ0DE0854D845ACCA9","2026-02-08T07:58:27Z","2026-02-08T08:28:27Z","ASME873C7BEEA9D9CED","1","usable","method_current","tesla_model_3","sedan","2020","53719","mi","83.9","percent","average","2026-02-08T05:53:27Z","2026-02-08T07:53:27Z","2026-02-08T09:28:27Z"
"SRC6D4DB7E4B9AAFD71","vehicle_assessment","BAT0EFEC9A5D5DA","1.0","SYNVEH09525312100","REQA87F49B46CA6605B","2026-02-08T14:05:00Z","2026-02-08T15:35:00Z","ASM4AAFCA3B1B98E4A1","1","usable","method_current","tesla_model_y","crossover","2021","53856","km","92.4","percent","rough","2026-02-08T12:00:00Z","2026-02-08T14:00:00Z","2026-02-08T14:35:00Z"
"SRC02B2D58C052ADF59","vehicle_assessment","BAT0EFEC9A5D5DA","1.0","SYNVEH67518698937","REQ1E49463B61FA036C","2026-02-08T20:11:32Z","2026-02-08T20:41:32Z","ASMA087AB61E611FDA8","1","usable","method_current","hyundai_ioniq_5","crossover","2022","53993","mi","85.3","percent","clean","2026-02-08T18:06:32Z","2026-02-08T20:06:32Z","2026-02-08T21:41:32Z"
"SRC27128D6C02CD2571","vehicle_assessment","BAT0EFEC9A5D5DA","1.0","SYNVEH69259007349","REQF531DABC97AF1012","2026-02-09T02:18:05Z","2026-02-09T03:48:05Z","ASM5E73E2A3A65386EE","1","usable","method_current","ford_mustang_mach_e","crossover","2023","54130","km","94.9","percent","average","2026-02-09T00:13:05Z","2026-02-09T02:13:05Z","2026-02-09T02:48:05Z"
"SRC099EAD9D5D6BC787","vehicle_assessment","BAT0EFEC9A5D5DA","1.0","SYNVEH49637126097","REQ1B2FCDC8FF62C888","2026-02-09T08:24:38Z","2026-02-09T08:54:38Z","ASM734701CAC8CFBB3B","1","usable","method_current","ford_f150_lightning","pickup","2024","54267","mi","92.7","percent","rough","2026-02-09T06:19:38Z","2026-02-09T08:19:38Z","2026-02-09T09:54:38Z"
"SRCAC31493B50F29B90","vehicle_assessment","BAT0EFEC9A5D5DA","1.0","SYNVEH75941780784","REQED59151EDCD98C6E","2026-02-09T14:31:10Z","2026-02-09T16:01:10Z","ASM68C86C426896DF0E","1","usable","method_current","chevrolet_bolt_ev","hatchback","2025","54404","km","85.6","percent","clean","2026-02-09T12:26:10Z","2026-02-09T14:26:10Z","2026-02-09T15:01:10Z"
"SRC7587A83B0E6FA2F3","vehicle_assessment","BAT0EFEC9A5D5DA","1.0","SYNVEH06389005950","REQF8FEF474FB886EA9","2026-02-09T20:37:43Z","2026-02-09T21:07:43Z","ASM1B9F852C0B839855","1","usable","method_current","nissan_leaf","hatchback","2026","54541","mi","84.4","percent","average","2026-02-09T18:32:43Z","2026-02-09T20:32:43Z","2026-02-09T22:07:43Z"
"SRCEBB5A9BA1A4BC110","vehicle_assessment","BAT0EFEC9A5D5DA","1.0","SYNVEH69298957884","REQABA1A3CA505E258C","2026-02-10T02:44:16Z","2026-02-10T04:14:16Z","ASMC086E4808F13FB18","1","usable","method_current","tesla_model_3","sedan","2018","54678","km","95.8","percent","rough","2026-02-10T00:39:16Z","2026-02-10T02:39:16Z","2026-02-10T03:14:16Z"
"SRCB6177132C28381B4","vehicle_assessment","BAT0EFEC9A5D5DA","1.0","SYNVEH76064361838","REQ6D0632219EFC4A16","2026-02-10T08:50:49Z","2026-02-10T09:20:49Z","ASMD356A4B17F3DADF2","1","usable","method_current","tesla_model_y","crossover","2019","54815","mi","84.4","percent","clean","2026-02-10T06:45:49Z","2026-02-10T08:45:49Z","2026-02-10T10:20:49Z"
"SRCDC52BB211E7F4A58","vehicle_assessment","BAT0EFEC9A5D5DA","1.0","SYNVEH64691161173","REQE693E55A9828016A","2026-02-10T14:57:21Z","2026-02-10T16:27:21Z","ASM4E5C717CB5AA0F89","1","usable","method_current","hyundai_ioniq_5","crossover","2020","54952","km","84.6","percent","average","2026-02-10T12:52:21Z","2026-02-10T14:52:21Z","2026-02-10T15:27:21Z"
"SRC6A69735320BCC607","vehicle_assessment","BAT0EFEC9A5D5DA","1.0","SYNVEH20026394093","REQ93F0B634F0A7F95B","2026-02-10T21:03:54Z","2026-02-10T21:33:54Z","ASMB0066BF44C8C6EC2","1","usable","method_current","ford_mustang_mach_e","crossover","2021","55089","mi","92.7","percent","rough","2026-02-10T18:58:54Z","2026-02-10T20:58:54Z","2026-02-10T22:33:54Z"
"SRC80CF0154C447F9B1","vehicle_assessment","BAT0EFEC9A5D5DA","1.0","SYNVEH77406677050","REQ0D4B30C25BEB4B4C","2026-02-11T03:10:27Z","2026-02-11T04:40:27Z","ASM524E5B1DDAD5BC73","1","usable","method_current","ford_f150_lightning","pickup","2022","55226","km","96.6","percent","clean","2026-02-11T01:05:27Z","2026-02-11T03:05:27Z","2026-02-11T03:40:27Z"
"SRC52912BDD9C8AC64A","vehicle_assessment","BAT0EFEC9A5D5DA","1.0","SYNVEH62265824652","REQ235785A1F9601ECD","2026-02-11T09:17:00Z","2026-02-11T09:47:00Z","ASM6915438991CCFCDF","1","usable","method_current","chevrolet_bolt_ev","hatchback","2023","55363","mi","85.8","percent","average","2026-02-11T07:12:00Z","2026-02-11T09:12:00Z","2026-02-11T10:47:00Z"
"SRC95F0B9C21616D6B9","vehicle_assessment","BAT0EFEC9A5D5DA","1.0","SYNVEH13684203325","REQ4011C1E159819686","2026-02-11T15:23:32Z","2026-02-11T16:53:32Z","ASMD3831BAA0BE42E46","1","usable","method_current","nissan_leaf","hatchback","2024","55500","km","92.0","percent","rough","2026-02-11T13:18:32Z","2026-02-11T15:18:32Z","2026-02-11T15:53:32Z"
"SRC2562D846F2E7B00E","vehicle_assessment","BAT0EFEC9A5D5DA","1.0","SYNVEH71690593518","REQ9A8D41F0505D41D2","2026-02-11T21:30:05Z","2026-02-11T22:00:05Z","ASM94DD7A608F2313EC","1","usable","method_current","tesla_model_3","sedan","2025","55637","mi","88.4","percent","clean","2026-02-11T19:25:05Z","2026-02-11T21:25:05Z","2026-02-11T23:00:05Z"
"SRCA920BBAB42994F59","vehicle_assessment","BAT0EFEC9A5D5DA","1.0","SYNVEH36091191222","REQABA9A30F0C51248B","2026-02-12T03:36:38Z","2026-02-12T05:06:38Z","ASM01F14F9CF7EE8577","1","usable","method_current","tesla_model_y","crossover","2026","55774","km","92.2","percent","average","2026-02-12T01:31:38Z","2026-02-12T03:31:38Z","2026-02-12T04:06:38Z"
"SRC5BB9FF160E4BDDB7","vehicle_assessment","BAT0EFEC9A5D5DA","1.0","SYNVEH41231035375","REQBD0D5956A6D0C260","2026-02-12T09:43:10Z","2026-02-12T10:13:10Z","ASM01EA424E49E2CAB0","1","usable","method_current","hyundai_ioniq_5","crossover","2018","55911","mi","83.1","percent","rough","2026-02-12T07:38:10Z","2026-02-12T09:38:10Z","2026-02-12T11:13:10Z"
"SRCE8920890C561A39E","vehicle_assessment","BAT0EFEC9A5D5DA","1.0","SYNVEH39462794573","REQF28F5E483DF6BE54","2026-02-12T15:49:43Z","2026-02-12T17:19:43Z","ASM75BB7ADF95CC05EA","1","usable","method_current","ford_mustang_mach_e","crossover","2019","56048","km","92.2","percent","clean","2026-02-12T13:44:43Z","2026-02-12T15:44:43Z","2026-02-12T16:19:43Z"
"SRCB8AE8E976706910E","vehicle_assessment","BAT0EFEC9A5D5DA","1.0","SYNVEH57788069859","REQ99AE0BFE53D3C1A1","2026-02-12T21:56:16Z","2026-02-12T22:26:16Z","ASM3C9365FB0501A405","1","usable","method_current","ford_f150_lightning","pickup","2020","56185","mi","90.9","percent","average","2026-02-12T19:51:16Z","2026-02-12T21:51:16Z","2026-02-12T23:26:16Z"
"SRCE6ABF63282B1460B","vehicle_assessment","BAT0EFEC9A5D5DA","1.0","SYNVEH76312689222","REQ1AA6CFE2A99692EB","2026-02-13T04:02:49Z","2026-02-13T05:32:49Z","ASM3121561B8CD138C6","1","usable","method_current","chevrolet_bolt_ev","hatchback","2021","56322","km","85.1","percent","rough","2026-02-13T01:57:49Z","2026-02-13T03:57:49Z","2026-02-13T04:32:49Z"
"SRC483BCDDB285E441F","vehicle_assessment","BAT0EFEC9A5D5DA","1.0","SYNVEH12410477808","REQFA3D782FDEA7E0C1","2026-02-13T10:09:21Z","2026-02-13T10:39:21Z","ASMEBBF756D3BA13BC3","1","usable","method_current","nissan_leaf","hatchback","2022","56459","mi","88.5","percent","clean","2026-02-13T08:04:21Z","2026-02-13T10:04:21Z","2026-02-13T11:39:21Z"
"SRCCD8553486CA3D6FA","vehicle_assessment","BAT0EFEC9A5D5DA","1.0","SYNVEH50083544978","REQCD2F43AED1622D8B","2026-02-13T16:15:54Z","2026-02-13T17:45:54Z","ASM1E70BFBB494A4393","1","usable","method_current","tesla_model_3","sedan","2023","56596","km","96.9","percent","average","2026-02-13T14:10:54Z","2026-02-13T16:10:54Z","2026-02-13T16:45:54Z"
"SRC67E3C9AC3618949F","vehicle_assessment","BAT0EFEC9A5D5DA","1.0","SYNVEH99370818115","REQC30588426CBD3D18","2026-02-13T22:22:27Z","2026-02-13T22:52:27Z","ASMF7138D1804F0602B","1","usable","method_current","tesla_model_y","crossover","2024","56733","mi","86.2","percent","rough","2026-02-13T20:17:27Z","2026-02-13T22:17:27Z","2026-02-13T23:52:27Z"
"SRC2C5ED7689F2B77BF","vehicle_assessment","BAT0EFEC9A5D5DA","1.0","SYNVEH48832434478","REQ7C918ADCD7B81D1B","2026-02-14T04:29:00Z","2026-02-14T05:59:00Z","ASMEA3571548501BD86","1","usable","method_current","hyundai_ioniq_5","crossover","2025","56870","km","91.1","percent","clean","2026-02-14T02:24:00Z","2026-02-14T04:24:00Z","2026-02-14T04:59:00Z"
"SRC45B35FD820685FAC","vehicle_assessment","BAT0EFEC9A5D5DA","1.0","SYNVEH74032670891","REQF1E8F7147C94AD15","2026-02-14T10:35:32Z","2026-02-14T11:05:32Z","ASM449365651D934F0F","1","usable","method_current","ford_mustang_mach_e","crossover","2026","57007","mi","86.2","percent","average","2026-02-14T08:30:32Z","2026-02-14T10:30:32Z","2026-02-14T12:05:32Z"
"SRCAC0EE42B346E18B3","vehicle_assessment","BAT0EFEC9A5D5DA","1.0","SYNVEH14817831889","REQ24374F2453221AF7","2026-02-14T16:42:05Z","2026-02-14T18:12:05Z","ASM6DF6E90717955F5D","1","usable","method_current","ford_f150_lightning","pickup","2018","57144","km","93.6","percent","rough","2026-02-14T14:37:05Z","2026-02-14T16:37:05Z","2026-02-14T17:12:05Z"
"SRC9C944CA889895629","vehicle_assessment","BAT0EFEC9A5D5DA","1.0","SYNVEH08614278156","REQ1FF0C4B51FCEC6EF","2026-02-14T22:48:38Z","2026-02-14T23:18:38Z","ASM77E58287659EB508","1","usable","method_current","chevrolet_bolt_ev","hatchback","2019","57281","mi","82.8","percent","clean","2026-02-14T20:43:38Z","2026-02-14T22:43:38Z","2026-02-15T00:18:38Z"
"SRC6176236E87E9222F","vehicle_assessment","BAT0EFEC9A5D5DA","1.0","SYNVEH90667708646","REQF62E853958269643","2026-02-15T04:55:10Z","2026-02-15T06:25:10Z","ASME53567A75D663BB5","1","usable","method_current","nissan_leaf","hatchback","2020","57418","km","86.9","percent","average","2026-02-15T02:50:10Z","2026-02-15T04:50:10Z","2026-02-15T05:25:10Z"
"SRCAF1B508D4D77AF4F","vehicle_assessment","BAT0EFEC9A5D5DA","1.0","SYNVEH98400388540","REQ61D764AFA80341B0","2026-02-15T11:01:43Z","2026-02-15T11:31:43Z","ASM0E4117B928E7BE1E","1","usable","method_current","tesla_model_3","sedan","2021","57555","mi","95.3","percent","rough","2026-02-15T08:56:43Z","2026-02-15T10:56:43Z","2026-02-15T12:31:43Z"
"SRC4C49EC00F8774426","vehicle_assessment","BAT0EFEC9A5D5DA","1.0","SYNVEH92667628801","REQE78C62A34BF4ACF7","2026-02-15T17:08:16Z","2026-02-15T18:38:16Z","ASM84C04BCC1E38A7DF","1","usable","method_current","tesla_model_y","crossover","2022","57692","km","84.3","percent","clean","2026-02-15T15:03:16Z","2026-02-15T17:03:16Z","2026-02-15T17:38:16Z"
"SRCFC69EBE7D8AB8CD5","vehicle_assessment","BAT0EFEC9A5D5DA","1.0","SYNVEH36405925482","REQ5C8A4DEFF93A3F16","2026-02-15T23:14:49Z","2026-02-15T23:44:49Z","ASM301C5F9F884B56EC","1","usable","method_current","hyundai_ioniq_5","crossover","2023","57829","mi","92.4","percent","average","2026-02-15T21:09:49Z","2026-02-15T23:09:49Z","2026-02-16T00:44:49Z"
"SRC921116A8BC0DA44C","vehicle_assessment","BAT0EFEC9A5D5DA","1.0","SYNVEH42144136326","REQ8D3B118BF0A013B3","2026-02-16T05:21:21Z","2026-02-16T06:51:21Z","ASMEE9627846820EFC0","1","usable","method_current","ford_mustang_mach_e","crossover","2024","57966","km","91.8","percent","rough","2026-02-16T03:16:21Z","2026-02-16T05:16:21Z","2026-02-16T05:51:21Z"
"SRCDC286A1AD71C9EE2","vehicle_assessment","BAT0EFEC9A5D5DA","1.0","SYNVEH38768726113","REQ610130B419F3F63A","2026-02-16T11:27:54Z","2026-02-16T11:57:54Z","ASM06900E2C6F76C5D9","1","usable","method_current","ford_f150_lightning","pickup","2025","58103","mi","82.4","percent","clean","2026-02-16T09:22:54Z","2026-02-16T11:22:54Z","2026-02-16T12:57:54Z"
"SRCC40C3D23A8EFA37F","vehicle_assessment","BAT0EFEC9A5D5DA","1.0","SYNVEH71029159189","REQB7C3FECF271FBEEF","2026-02-16T17:34:27Z","2026-02-16T19:04:27Z","ASM14F41141317CB467","1","usable","method_current","chevrolet_bolt_ev","hatchback","2026","58240","km","94.0","percent","average","2026-02-16T15:29:27Z","2026-02-16T17:29:27Z","2026-02-16T18:04:27Z"
"SRCECE9EFB67DDC1071","vehicle_assessment","BAT0EFEC9A5D5DA","1.0","SYNVEH76663353603","REQ791DF33EC1D89E35","2026-02-16T23:41:00Z","2026-02-17T00:11:00Z","ASM63FEC50E9D2A3E1B","1","usable","method_current","nissan_leaf","hatchback","2018","58377","mi","86.1","percent","rough","2026-02-16T21:36:00Z","2026-02-16T23:36:00Z","2026-02-17T01:11:00Z"
"SRCF973965D84268F55","vehicle_assessment","BAT0EFEC9A5D5DA","1.0","SYNVEH01637748353","REQ02E2A5D649B797CD","2026-02-17T05:47:32Z","2026-02-17T07:17:32Z","ASM6EF6868ECD3B4278","1","usable","method_current","tesla_model_3","sedan","2019","58514","km","82.7","percent","clean","2026-02-17T03:42:32Z","2026-02-17T05:42:32Z","2026-02-17T06:17:32Z"
"SRC341B1B339A805F53","vehicle_assessment","BAT0EFEC9A5D5DA","1.0","SYNVEH07481055282","REQED9FDC75EA8C3384","2026-02-17T11:54:05Z","2026-02-17T12:24:05Z","ASM8A9711580F7E4FE4","1","usable","method_current","tesla_model_y","crossover","2020","58651","mi","96.7","percent","average","2026-02-17T09:49:05Z","2026-02-17T11:49:05Z","2026-02-17T13:24:05Z"
"SRC2AD668462750E016","vehicle_assessment","BAT0EFEC9A5D5DA","1.0","SYNVEH87973560801","REQ8372FB41F3D5A968","2026-02-17T18:00:38Z","2026-02-17T19:30:38Z","ASM466C7612C95315B3","1","usable","method_current","hyundai_ioniq_5","crossover","2021","58788","km","96.1","percent","rough","2026-02-17T15:55:38Z","2026-02-17T17:55:38Z","2026-02-17T18:30:38Z"
"SRCDF97827966DB5AAA","vehicle_assessment","BAT0EFEC9A5D5DA","1.0","SYNVEH26634429228","REQE153FF563EC9C916","2026-02-18T00:07:10Z","2026-02-18T00:37:10Z","ASM73E423D00B224A5D","1","usable","method_current","ford_mustang_mach_e","crossover","2022","58925","mi","95.5","percent","clean","2026-02-17T22:02:10Z","2026-02-18T00:02:10Z","2026-02-18T01:37:10Z"
"SRC76D2795CA8926CFA","vehicle_assessment","BAT0EFEC9A5D5DA","1.0","SYNVEH70474652160","REQ9ACFF9A989E586B7","2026-02-18T06:13:43Z","2026-02-18T07:43:43Z","ASM9C68E11CB85DBAC3","1","usable","method_current","ford_f150_lightning","pickup","2023","59062","km","83.2","percent","average","2026-02-18T04:08:43Z","2026-02-18T06:08:43Z","2026-02-18T06:43:43Z"
"SRCCD3B6D02120E37A0","vehicle_assessment","BAT0EFEC9A5D5DA","1.0","SYNVEH40354852827","REQ3A7BFEBC4304CD48","2026-02-18T12:20:16Z","2026-02-18T12:50:16Z","ASM0C87E28057FE3635","1","usable","method_current","chevrolet_bolt_ev","hatchback","2024","59199","mi","82.8","percent","rough","2026-02-18T10:15:16Z","2026-02-18T12:15:16Z","2026-02-18T13:50:16Z"
"SRCF145F39FFFDCA2ED","vehicle_assessment","BAT0EFEC9A5D5DA","1.0","SYNVEH79345135913","REQ70EDE5332059A42B","2026-02-18T18:26:49Z","2026-02-18T19:56:49Z","ASMDC40018A7FDA9DD9","1","usable","method_current","nissan_leaf","hatchback","2025","59336","km","83.7","percent","clean","2026-02-18T16:21:49Z","2026-02-18T18:21:49Z","2026-02-18T18:56:49Z"
"SRC732AD83094992D15","vehicle_assessment","BAT0EFEC9A5D5DA","1.0","SYNVEH39450038438","REQBD8D15D11041B206","2026-02-19T00:33:21Z","2026-02-19T01:03:21Z","ASM036BC854E0D1C554","1","usable","method_current","tesla_model_3","sedan","2026","59473","mi","93.4","percent","average","2026-02-18T22:28:21Z","2026-02-19T00:28:21Z","2026-02-19T02:03:21Z"
"SRCC4F7216F82721DB7","vehicle_assessment","BAT0EFEC9A5D5DA","1.0","SYNVEH76782408345","REQE3E22CC56DF67545","2026-02-19T06:39:54Z","2026-02-19T08:09:54Z","ASM711091016601F73C","1","usable","method_current","tesla_model_y","crossover","2018","59610","km","85.8","percent","rough","2026-02-19T04:34:54Z","2026-02-19T06:34:54Z","2026-02-19T07:09:54Z"
"SRC1A77AEC1E3DF8B85","vehicle_assessment","BAT0EFEC9A5D5DA","1.0","SYNVEH49918526066","REQBDE7F3B89ECED114","2026-02-19T12:46:27Z","2026-02-19T13:16:27Z","ASM911B2F290AD8DCAC","1","usable","method_current","hyundai_ioniq_5","crossover","2019","59747","mi","83.6","percent","clean","2026-02-19T10:41:27Z","2026-02-19T12:41:27Z","2026-02-19T14:16:27Z"
"SRC50A6C8E934566DAC","vehicle_assessment","BAT0EFEC9A5D5DA","1.0","SYNVEH33722555331","REQ865FB20AB62DE782","2026-02-19T18:53:00Z","2026-02-19T20:23:00Z","ASMD4B5CDBEB581337D","1","usable","method_current","ford_mustang_mach_e","crossover","2020","59884","km","82.7","percent","average","2026-02-19T16:48:00Z","2026-02-19T18:48:00Z","2026-02-19T19:23:00Z"
"SRC10EBC8215D28C8F1","vehicle_assessment","BAT0EFEC9A5D5DA","1.0","SYNVEH46933341217","REQ85620AC8254A93E2","2026-02-20T00:59:32Z","2026-02-20T01:29:32Z","ASMCAD72B9E59476475","1","usable","method_current","ford_f150_lightning","pickup","2021","60021","mi","93.6","percent","rough","2026-02-19T22:54:32Z","2026-02-20T00:54:32Z","2026-02-20T02:29:32Z"
"SRCDFF337AB82159143","vehicle_assessment","BAT0EFEC9A5D5DA","1.0","SYNVEH77336210443","REQ5F57F2C624AD84CC","2026-02-20T07:06:05Z","2026-02-20T08:36:05Z","ASMC700F59492747004","1","usable","method_current","chevrolet_bolt_ev","hatchback","2022","60158","km","91.0","percent","clean","2026-02-20T05:01:05Z","2026-02-20T07:01:05Z","2026-02-20T07:36:05Z"
"SRC710E69C2405845B5","vehicle_assessment","BAT0EFEC9A5D5DA","1.0","SYNVEH09986420986","REQD908D557B9C7BE2F","2026-02-20T13:12:38Z","2026-02-20T13:42:38Z","ASMAEEA2169F641C853","1","usable","method_current","nissan_leaf","hatchback","2023","60295","mi","83.0","percent","average","2026-02-20T11:07:38Z","2026-02-20T13:07:38Z","2026-02-20T14:42:38Z"
"SRCC3210C82052E488E","vehicle_assessment","BAT0EFEC9A5D5DA","1.0","SYNVEH53858847117","REQAF42BFD4E7B4B296","2026-02-20T19:19:10Z","2026-02-20T20:49:10Z","ASMDAC2EFF8760DC613","1","usable","method_current","tesla_model_3","sedan","2024","60432","km","89.3","percent","rough","2026-02-20T17:14:10Z","2026-02-20T19:14:10Z","2026-02-20T19:49:10Z"
"SRC9E219FF6F9A742C8","vehicle_assessment","BAT0EFEC9A5D5DA","1.0","SYNVEH72907399003","REQ23F40B39DBC5F620","2026-02-21T01:25:43Z","2026-02-21T01:55:43Z","ASMB73F37FA8855A90B","1","usable","method_current","tesla_model_y","crossover","2025","60569","mi","85.1","percent","clean","2026-02-20T23:20:43Z","2026-02-21T01:20:43Z","2026-02-21T02:55:43Z"
"SRC8F070944195867A2","vehicle_assessment","BAT0EFEC9A5D5DA","1.0","SYNVEH47302268289","REQEBDE695FE5A64455","2026-02-21T07:32:16Z","2026-02-21T09:02:16Z","ASMD0CCB3F55FD32028","1","usable","method_current","hyundai_ioniq_5","crossover","2026","60706","km","87.8","percent","average","2026-02-21T05:27:16Z","2026-02-21T07:27:16Z","2026-02-21T08:02:16Z"
"SRCB478244E022F18CC","vehicle_assessment","BAT0EFEC9A5D5DA","1.0","SYNVEH46056676308","REQ2B9450FD695A61E9","2026-02-21T13:38:49Z","2026-02-21T14:08:49Z","ASM0C39535D2072A8C6","1","usable","method_current","ford_mustang_mach_e","crossover","2018","60843","mi","87.9","percent","rough","2026-02-21T11:33:49Z","2026-02-21T13:33:49Z","2026-02-21T15:08:49Z"
"SRC75AA7D1AEEC7DC55","vehicle_assessment","BAT0EFEC9A5D5DA","1.0","SYNVEH46630130379","REQ44F864E010CA40ED","2026-02-21T19:45:21Z","2026-02-21T21:15:21Z","ASM87D042122CA37773","1","usable","method_current","ford_f150_lightning","pickup","2019","60980","km","83.8","percent","clean","2026-02-21T17:40:21Z","2026-02-21T19:40:21Z","2026-02-21T20:15:21Z"
"SRC9E4F3CA5587A207B","vehicle_assessment","BAT0EFEC9A5D5DA","1.0","SYNVEH42269278041","REQ231252178623155C","2026-02-22T01:51:54Z","2026-02-22T02:21:54Z","ASM881C0A4925A46747","1","usable","method_current","chevrolet_bolt_ev","hatchback","2020","61117","mi","93.6","percent","average","2026-02-21T23:46:54Z","2026-02-22T01:46:54Z","2026-02-22T03:21:54Z"
"SRCFA88534567329CEE","vehicle_assessment","BAT0EFEC9A5D5DA","1.0","SYNVEH35764534425","REQD4963799D6B5FF1E","2026-02-22T07:58:27Z","2026-02-22T09:28:27Z","ASM1BF7420E9978BCCF","1","usable","method_current","nissan_leaf","hatchback","2021","61254","km","94.4","percent","rough","2026-02-22T05:53:27Z","2026-02-22T07:53:27Z","2026-02-22T08:28:27Z"
"SRC69B54E17B1896EAC","vehicle_assessment","BAT0EFEC9A5D5DA","1.0","SYNVEH89796610937","REQ0062938C1DBAD47B","2026-02-22T14:05:00Z","2026-02-22T14:35:00Z","ASM0C8AEEE58E892121","1","usable","method_current","tesla_model_3","sedan","2022","61391","mi","83.6","percent","clean","2026-02-22T12:00:00Z","2026-02-22T14:00:00Z","2026-02-22T15:35:00Z"
"SRC2A9999DDFEFDD3AB","vehicle_assessment","BAT0EFEC9A5D5DA","1.0","SYNVEH83722695258","REQCABEDDEAE5244E2B","2026-02-22T20:11:32Z","2026-02-22T21:41:32Z","ASM0668AEAB1D884599","1","usable","method_current","tesla_model_y","crossover","2023","61528","km","96.6","percent","average","2026-02-22T18:06:32Z","2026-02-22T20:06:32Z","2026-02-22T20:41:32Z"
"SRC7312D1F568B564E7","vehicle_assessment","BAT0EFEC9A5D5DA","1.0","SYNVEH86138216580","REQA1922BF0D27B5BB2","2026-02-23T02:18:05Z","2026-02-23T02:48:05Z","ASM4211CADEFAB89937","1","usable","method_current","hyundai_ioniq_5","crossover","2024","61665","mi","91.0","percent","rough","2026-02-23T00:13:05Z","2026-02-23T02:13:05Z","2026-02-23T03:48:05Z"
"SRC75327BFD7EA0071F","vehicle_assessment","BAT0EFEC9A5D5DA","1.0","SYNVEH45416360757","REQF733D4D4D9F34127","2026-02-23T08:24:38Z","2026-02-23T09:54:38Z","ASMF09FCC24CA34B999","1","usable","method_current","ford_mustang_mach_e","crossover","2025","61802","km","83.1","percent","clean","2026-02-23T06:19:38Z","2026-02-23T08:19:38Z","2026-02-23T08:54:38Z"
"SRC9BE0690ADC437B9A","vehicle_assessment","BAT0EFEC9A5D5DA","1.0","SYNVEH01646749453","REQ67D9D058B9605913","2026-02-23T14:31:10Z","2026-02-23T15:01:10Z","ASM0FE4A4D39A581BF7","1","usable","method_current","ford_f150_lightning","pickup","2026","61939","mi","87.8","percent","average","2026-02-23T12:26:10Z","2026-02-23T14:26:10Z","2026-02-23T16:01:10Z"
"SRC402F109DEC564261","vehicle_assessment","BAT0EFEC9A5D5DA","1.0","SYNVEH71478973401","REQ80DDC9DFFD1AAB96","2026-02-23T20:37:43Z","2026-02-23T22:07:43Z","ASM3A03939F5C950145","1","usable","method_current","chevrolet_bolt_ev","hatchback","2018","62076","km","82.5","percent","rough","2026-02-23T18:32:43Z","2026-02-23T20:32:43Z","2026-02-23T21:07:43Z"
"SRC5909196EB9B8E963","vehicle_assessment","BAT0EFEC9A5D5DA","1.0","SYNVEH86928606081","REQE023F2DDE91CDB4B","2026-02-24T02:44:16Z","2026-02-24T03:14:16Z","ASM20C1B2E23139B42A","1","usable","method_current","nissan_leaf","hatchback","2019","62213","mi","94.8","percent","clean","2026-02-24T00:39:16Z","2026-02-24T02:39:16Z","2026-02-24T04:14:16Z"
"SRC01138CCB792B8125","vehicle_assessment","BAT0EFEC9A5D5DA","1.0","SYNVEH79148409977","REQ56CAF924A80D8449","2026-02-24T08:50:49Z","2026-02-24T10:20:49Z","ASM49C825E78A1C2F32","1","usable","method_current","tesla_model_3","sedan","2020","62350","km","87.3","percent","average","2026-02-24T06:45:49Z","2026-02-24T08:45:49Z","2026-02-24T09:20:49Z"
"SRC713150ECCE8447B5","vehicle_assessment","BAT0EFEC9A5D5DA","1.0","SYNVEH49456109196","REQF7E12F36AADD9222","2026-02-24T14:57:21Z","2026-02-24T15:27:21Z","ASMF2A36A3E3DE063B4","1","usable","method_current","tesla_model_y","crossover","2021","62487","mi","92.0","percent","rough","2026-02-24T12:52:21Z","2026-02-24T14:52:21Z","2026-02-24T16:27:21Z"
"SRC1FE89B0D25FD9F6F","vehicle_assessment","BAT0EFEC9A5D5DA","1.0","SYNVEH11309666471","REQ2F88BF9B96172C3D","2026-02-24T21:03:54Z","2026-02-24T22:33:54Z","ASM468D21C1920645E1","1","usable","method_current","hyundai_ioniq_5","crossover","2022","62624","km","91.2","percent","clean","2026-02-24T18:58:54Z","2026-02-24T20:58:54Z","2026-02-24T21:33:54Z"
"SRC5E7A278051094425","vehicle_assessment","BAT0EFEC9A5D5DA","1.0","SYNVEH86118942137","REQE783A335FEEB64DA","2026-02-25T03:10:27Z","2026-02-25T03:40:27Z","ASMEECF79DB821476FE","1","usable","method_current","ford_mustang_mach_e","crossover","2023","62761","mi","83.9","percent","average","2026-02-25T01:05:27Z","2026-02-25T03:05:27Z","2026-02-25T04:40:27Z"
"SRCE9066AC60537ACE5","vehicle_assessment","BAT0EFEC9A5D5DA","1.0","SYNVEH72588450291","REQ3BE0DFD0BAF211FE","2026-02-25T09:17:00Z","2026-02-25T10:47:00Z","ASMF37E6D270F694D8F","1","usable","method_current","ford_f150_lightning","pickup","2024","62898","km","92.1","percent","rough","2026-02-25T07:12:00Z","2026-02-25T09:12:00Z","2026-02-25T09:47:00Z"
"SRC8A80AE89885AD98C","vehicle_assessment","BAT0EFEC9A5D5DA","1.0","SYNVEH12918492550","REQ39B641301E445567","2026-02-25T15:23:32Z","2026-02-25T15:53:32Z","ASM23C44B5722C8C932","1","usable","method_current","chevrolet_bolt_ev","hatchback","2025","63035","mi","86.3","percent","clean","2026-02-25T13:18:32Z","2026-02-25T15:18:32Z","2026-02-25T16:53:32Z"
"SRC4484296E85591ECB","vehicle_assessment","BAT0EFEC9A5D5DA","1.0","SYNVEH91633736791","REQ2352F9265BEEA2FB","2026-02-25T21:30:05Z","2026-02-25T23:00:05Z","ASM1FD27C6629BEAE1C","1","usable","method_current","nissan_leaf","hatchback","2026","63172","km","94.9","percent","average","2026-02-25T19:25:05Z","2026-02-25T21:25:05Z","2026-02-25T22:00:05Z"
"SRC188C3D5400AFAF23","vehicle_assessment","BAT0EFEC9A5D5DA","1.0","SYNVEH67907077773","REQB2123BD3B248A9C9","2026-02-26T03:36:38Z","2026-02-26T04:06:38Z","ASMED33BA13350FD577","1","usable","method_current","tesla_model_3","sedan","2018","63309","mi","95.7","percent","rough","2026-02-26T01:31:38Z","2026-02-26T03:31:38Z","2026-02-26T05:06:38Z"
"SRC7EAB462AF4E9819D","vehicle_assessment","BAT0EFEC9A5D5DA","1.0","SYNVEH32143946960","REQDF13BEE0ECB873B9","2026-02-26T09:43:10Z","2026-02-26T11:13:10Z","ASMBE54226101FAA738","1","usable","method_current","tesla_model_y","crossover","2019","63446","km","93.6","percent","clean","2026-02-26T07:38:10Z","2026-02-26T09:38:10Z","2026-02-26T10:13:10Z"
"SRC150CEE05C43D1A7F","vehicle_assessment","BAT0EFEC9A5D5DA","1.0","SYNVEH82191632085","REQ5FF5F792C69AA826","2026-03-01T17:37:34Z","2026-03-01T18:07:34Z","ASMFF8FFFA0099231C2","1","failed","method_current","","","","","","","","","","2026-03-01T17:32:34Z","2026-03-01T19:07:34Z"
"SRC831380887BB60F6B","vehicle_assessment","BAT0EFEC9A5D5DA","1.0","SYNVEH71976018049","REQCF50908A9E6EE39D","2026-03-02T00:42:42Z","2026-03-02T02:12:42Z","ASM683F2FBB41080388","1","failed","method_current","","","","","","","","","","2026-03-02T00:37:42Z","2026-03-02T01:12:42Z"
"SRC0B3AA37FE76C3DE4","vehicle_assessment","BAT0EFEC9A5D5DA","1.0","SYNVEH24637914126","REQ7D80E13BFB3D24B3","2026-03-02T07:47:51Z","2026-03-02T08:17:51Z","ASMFF73FDA3A9E5433F","1","failed","method_current","","","","","","","","","","2026-03-02T07:42:51Z","2026-03-02T09:17:51Z"
"SRC145FEF1B75BF31DA","vehicle_assessment","BAT0EFEC9A5D5DA","1.0","SYNVEH03900270380","REQDC30251E22624509","2026-03-02T14:53:00Z","2026-03-02T16:23:00Z","ASM7FDC64FB6F749CC3","1","failed","method_current","","","","","","","","","","2026-03-02T14:48:00Z","2026-03-02T15:23:00Z"
"SRCC7E700084E9DFAFC","vehicle_assessment","BAT0EFEC9A5D5DA","1.0","SYNVEH75162479182","REQ6C605A3F82ECA9F0","2026-03-02T21:58:08Z","2026-03-02T22:28:08Z","ASM09ADF38A23190B65","1","failed","method_current","","","","","","","","","","2026-03-02T21:53:08Z","2026-03-02T23:28:08Z"
"SRCA92D049944157FA9","vehicle_assessment","BAT0EFEC9A5D5DA","1.0","SYNVEH11727732130","REQ4F8A21CA969AB35E","2026-03-03T05:03:17Z","2026-03-03T06:33:17Z","ASMAA88F13796BED3FC","1","failed","method_current","","","","","","","","","","2026-03-03T04:58:17Z","2026-03-03T05:33:17Z"
"SRCD0FCE40DF128CF63","vehicle_assessment","BAT0EFEC9A5D5DA","1.0","SYNVEH21440139132","REQ2501455423B01FD3","2026-03-03T12:08:25Z","2026-03-03T12:38:25Z","ASM18F7D2D1605FD389","1","failed","method_current","","","","","","","","","","2026-03-03T12:03:25Z","2026-03-03T13:38:25Z"
"SRCA460CE0BACB3848C","vehicle_assessment","BAT0EFEC9A5D5DA","1.0","SYNVEH02758933206","REQ5CC8BD24BFA24E37","2026-03-03T19:13:34Z","2026-03-03T20:43:34Z","ASM93C8EC85873B646E","1","failed","method_current","","","","","","","","","","2026-03-03T19:08:34Z","2026-03-03T19:43:34Z"
"SRC16728F28D9B31B69","vehicle_assessment","BAT0EFEC9A5D5DA","1.0","SYNVEH01762433485","REQ5DDF41265CA600C6","2026-03-04T02:18:42Z","2026-03-04T02:48:42Z","ASM31294004742F5D6C","1","failed","method_current","","","","","","","","","","2026-03-04T02:13:42Z","2026-03-04T03:48:42Z"
"SRC3D15F2B123C75C7D","vehicle_assessment","BAT0EFEC9A5D5DA","1.0","SYNVEH57624277112","REQ35566BEEE3D1325F","2026-03-04T09:23:51Z","2026-03-04T10:53:51Z","ASM10886798B568FFE2","1","usable","method_current","hyundai_ioniq_5","crossover","2023","66460","km","83.3","percent","average","2026-03-04T07:18:51Z","2026-03-04T09:18:51Z","2026-03-04T09:53:51Z"
"SRC64BC841603C4E736","vehicle_assessment","BAT0EFEC9A5D5DA","1.0","SYNVEH38244936387","REQ30D78D63C9EB3A89","2026-03-04T16:29:00Z","2026-03-04T16:59:00Z","ASM341F900415052111","1","usable","method_current","ford_mustang_mach_e","crossover","2024","66597","mi","93.7","percent","rough","2026-03-04T14:24:00Z","2026-03-04T16:24:00Z","2026-03-04T17:59:00Z"
"SRC5287AA002A9FF2ED","vehicle_assessment","BAT0EFEC9A5D5DA","1.0","SYNVEH18898487431","REQBAA610F4529F0065","2026-03-04T23:34:08Z","2026-03-05T01:04:08Z","ASMCFA84A823DEE2F3B","1","usable","method_current","ford_f150_lightning","pickup","2025","66734","km","96.3","percent","clean","2026-03-04T21:29:08Z","2026-03-04T23:29:08Z","2026-03-05T00:04:08Z"
"SRC19993C8F3E9C81B9","vehicle_assessment","BAT0EFEC9A5D5DA","1.0","SYNVEH58879644571","REQAEE345028CD03CAC","2026-03-05T06:39:17Z","2026-03-05T07:09:17Z","ASM2A977E9BC8E3D3F6","1","usable","method_current","chevrolet_bolt_ev","hatchback","2026","66871","mi","86.3","percent","average","2026-03-05T04:34:17Z","2026-03-05T06:34:17Z","2026-03-05T08:09:17Z"
"SRC8EC0B8F7C6B02D9C","vehicle_assessment","BAT0EFEC9A5D5DA","1.0","SYNVEH45620242575","REQFD61847F7D95DC65","2026-03-05T13:44:25Z","2026-03-05T15:14:25Z","ASM5877EA2D46579A71","1","usable","method_current","nissan_leaf","hatchback","2018","67008","km","94.6","percent","rough","2026-03-05T11:39:25Z","2026-03-05T13:39:25Z","2026-03-05T14:14:25Z"
"SRC8A6A9039361B9F33","vehicle_assessment","BAT0EFEC9A5D5DA","1.0","SYNVEH25131356079","REQ39AE44D77D2C83D8","2026-03-05T20:49:34Z","2026-03-05T21:19:34Z","ASMB293524AF3614001","1","usable","method_current","tesla_model_3","sedan","2019","67145","mi","85.7","percent","clean","2026-03-05T18:44:34Z","2026-03-05T20:44:34Z","2026-03-05T22:19:34Z"
"SRC081698069455CED6","vehicle_assessment","BAT0EFEC9A5D5DA","1.0","SYNVEH23897971617","REQ2E91F8C5A6893869","2026-03-06T03:54:42Z","2026-03-06T05:24:42Z","ASM8CF9252B7A523C72","1","usable","method_current","tesla_model_y","crossover","2020","67282","km","84.9","percent","average","2026-03-06T01:49:42Z","2026-03-06T03:49:42Z","2026-03-06T04:24:42Z"
"SRC510595C02841942F","vehicle_assessment","BAT0EFEC9A5D5DA","1.0","SYNVEH15196995589","REQ6C2790AE055C5799","2026-03-06T10:59:51Z","2026-03-06T11:29:51Z","ASM0D8DA4923EF35A76","1","usable","method_current","hyundai_ioniq_5","crossover","2021","67419","mi","89.3","percent","rough","2026-03-06T08:54:51Z","2026-03-06T10:54:51Z","2026-03-06T12:29:51Z"
"SRC1989ED1E2685ED0B","vehicle_assessment","BAT0EFEC9A5D5DA","1.0","SYNVEH29032853345","REQD16CE17BD6EDC370","2026-03-06T18:05:00Z","2026-03-06T19:35:00Z","ASM35D1FB6E19B39A23","1","usable","method_current","ford_mustang_mach_e","crossover","2022","67556","km","91.6","percent","clean","2026-03-06T16:00:00Z","2026-03-06T18:00:00Z","2026-03-06T18:35:00Z"
"SRC5F1EE480D490813C","vehicle_assessment","BAT0EFEC9A5D5DA","1.0","SYNVEH03260716690","REQAA6BE5F19BA9E477","2026-03-07T01:10:08Z","2026-03-07T01:40:08Z","ASM06A693F1114916ED","1","usable","method_current","ford_f150_lightning","pickup","2023","67693","mi","85.6","percent","average","2026-03-06T23:05:08Z","2026-03-07T01:05:08Z","2026-03-07T02:40:08Z"
"SRCC378EB0D0C4E755E","vehicle_assessment","BAT0EFEC9A5D5DA","1.0","SYNVEH00645977136","REQ0CCCBF14DD684A5D","2026-03-07T08:15:17Z","2026-03-07T09:45:17Z","ASM594D8DCC688F39A2","1","usable","method_current","chevrolet_bolt_ev","hatchback","2024","67830","km","93.6","percent","rough","2026-03-07T06:10:17Z","2026-03-07T08:10:17Z","2026-03-07T08:45:17Z"
"SRC0357163993C1FD15","vehicle_assessment","BAT0EFEC9A5D5DA","1.0","SYNVEH34156716194","REQ1C85AE8DED6A0780","2026-03-07T15:20:25Z","2026-03-07T15:50:25Z","ASM31C09316D55382DE","1","usable","method_current","nissan_leaf","hatchback","2025","67967","mi","90.4","percent","clean","2026-03-07T13:15:25Z","2026-03-07T15:15:25Z","2026-03-07T16:50:25Z"
"SRC710A8BB5FB10B6AE","vehicle_assessment","BAT0EFEC9A5D5DA","1.0","SYNVEH93837022233","REQ91A25B90E5DFC6FF","2026-03-07T22:25:34Z","2026-03-07T23:55:34Z","ASMBB527960A250E653","1","usable","method_current","tesla_model_3","sedan","2026","68104","km","91.1","percent","average","2026-03-07T20:20:34Z","2026-03-07T22:20:34Z","2026-03-07T22:55:34Z"
"SRCE84F778FE71E4D5D","vehicle_assessment","BAT0EFEC9A5D5DA","1.0","SYNVEH67338652147","REQFF3C8986E22A62C9","2026-03-08T05:30:42Z","2026-03-08T06:00:42Z","ASM736456114C1FF012","1","usable","method_current","tesla_model_y","crossover","2018","68241","mi","90.3","percent","rough","2026-03-08T03:25:42Z","2026-03-08T05:25:42Z","2026-03-08T07:00:42Z"
"SRCB876A92E18AE2330","vehicle_assessment","BAT0EFEC9A5D5DA","1.0","SYNVEH39734355475","REQ6C8A8C8D448A687B","2026-03-08T12:35:51Z","2026-03-08T14:05:51Z","ASM07FF3B54046A9350","1","usable","method_current","hyundai_ioniq_5","crossover","2019","68378","km","93.7","percent","clean","2026-03-08T10:30:51Z","2026-03-08T12:30:51Z","2026-03-08T13:05:51Z"
"SRC471492A322E95638","vehicle_assessment","BAT0EFEC9A5D5DA","1.0","SYNVEH99354270808","REQ8C98C9B088A23598","2026-03-08T19:41:00Z","2026-03-08T20:11:00Z","ASM3A1689DFCD0953D7","1","usable","method_current","ford_mustang_mach_e","crossover","2020","68515","mi","86.8","percent","average","2026-03-08T17:36:00Z","2026-03-08T19:36:00Z","2026-03-08T21:11:00Z"
"SRCC4939DD384945AA3","vehicle_assessment","BAT0EFEC9A5D5DA","1.0","SYNVEH13246532049","REQF10C3E0B1F917AA6","2026-03-09T02:46:08Z","2026-03-09T04:16:08Z","ASM00A8F8F3FAE33A09","1","usable","method_current","ford_f150_lightning","pickup","2021","68652","km","91.3","percent","rough","2026-03-09T00:41:08Z","2026-03-09T02:41:08Z","2026-03-09T03:16:08Z"
"SRC0BE93824D7F82871","vehicle_assessment","BAT0EFEC9A5D5DA","1.0","SYNVEH72906383379","REQ3A4D559244E170A4","2026-03-09T09:51:17Z","2026-03-09T10:21:17Z","ASM5C2C7EC25B7D01F8","1","usable","method_current","chevrolet_bolt_ev","hatchback","2022","68789","mi","87.5","percent","clean","2026-03-09T07:46:17Z","2026-03-09T09:46:17Z","2026-03-09T11:21:17Z"
"SRC06212267CCBFD85D","vehicle_assessment","BAT0EFEC9A5D5DA","1.0","SYNVEH30402900619","REQ293CF34DD2FEBA9B","2026-03-09T16:56:25Z","2026-03-09T18:26:25Z","ASM93D859B81BFB5E0D","1","usable","method_current","nissan_leaf","hatchback","2023","68926","km","86.7","percent","average","2026-03-09T14:51:25Z","2026-03-09T16:51:25Z","2026-03-09T17:26:25Z"
"SRCF26DAE6F453065BD","vehicle_assessment","BAT0EFEC9A5D5DA","1.0","SYNVEH81206771152","REQF3B26EE99AE0BC21","2026-03-10T00:01:34Z","2026-03-10T00:31:34Z","ASM79378DEA93F72F30","1","usable","method_current","tesla_model_3","sedan","2024","69063","mi","83.1","percent","rough","2026-03-09T21:56:34Z","2026-03-09T23:56:34Z","2026-03-10T01:31:34Z"
"SRC437469598A9A7916","vehicle_assessment","BAT0EFEC9A5D5DA","1.0","SYNVEH53222627467","REQB70153C15CFEF469","2026-03-10T07:06:42Z","2026-03-10T08:36:42Z","ASM0341D564AD7B5919","1","usable","method_current","tesla_model_y","crossover","2025","69200","km","83.6","percent","clean","2026-03-10T05:01:42Z","2026-03-10T07:01:42Z","2026-03-10T07:36:42Z"
"SRCA7F69E0AE5306C70","vehicle_assessment","BAT0EFEC9A5D5DA","1.0","SYNVEH52604713804","REQ7AE920A0E63FE470","2026-03-10T14:11:51Z","2026-03-10T14:41:51Z","ASM072B627A3AC7B3DD","1","usable","method_current","hyundai_ioniq_5","crossover","2026","69337","mi","85.2","percent","average","2026-03-10T12:06:51Z","2026-03-10T14:06:51Z","2026-03-10T15:41:51Z"
"SRCB7A5401937F97B16","vehicle_assessment","BAT0EFEC9A5D5DA","1.0","SYNVEH35453573527","REQ83541B98FCF94CE7","2026-03-10T21:17:00Z","2026-03-10T22:47:00Z","ASM8DD9CD190BEB0457","1","usable","method_current","ford_mustang_mach_e","crossover","2018","69474","km","85.4","percent","rough","2026-03-10T19:12:00Z","2026-03-10T21:12:00Z","2026-03-10T21:47:00Z"
"SRCF8735E45C4542F2E","vehicle_assessment","BAT0EFEC9A5D5DA","1.0","SYNVEH77575715242","REQ2080A0AC4E3E37C7","2026-03-11T04:22:08Z","2026-03-11T04:52:08Z","ASM945CCC36D7B65E78","1","usable","method_current","ford_f150_lightning","pickup","2019","69611","mi","84.7","percent","clean","2026-03-11T02:17:08Z","2026-03-11T04:17:08Z","2026-03-11T05:52:08Z"
"SRCF5DE5B7608B792C1","vehicle_assessment","BAT0EFEC9A5D5DA","1.0","SYNVEH50356477179","REQFDE1EA76FB30FF57","2026-03-11T11:27:17Z","2026-03-11T12:57:17Z","ASMBACEB0BFC6A9DFCF","1","usable","method_current","chevrolet_bolt_ev","hatchback","2020","69748","km","96.8","percent","average","2026-03-11T09:22:17Z","2026-03-11T11:22:17Z","2026-03-11T11:57:17Z"
"SRCBC59A205F75B87E4","vehicle_assessment","BAT0EFEC9A5D5DA","1.0","SYNVEH28774277824","REQA82A13B7AB43BA3B","2026-03-11T18:32:25Z","2026-03-11T19:02:25Z","ASMDB7E8631CCC022D9","1","usable","method_current","nissan_leaf","hatchback","2021","69885","mi","83.1","percent","rough","2026-03-11T16:27:25Z","2026-03-11T18:27:25Z","2026-03-11T20:02:25Z"
"SRC03BB6395DAF78899","vehicle_assessment","BAT0EFEC9A5D5DA","1.0","SYNVEH00086701219","REQE94D99F925270210","2026-03-12T01:37:34Z","2026-03-12T03:07:34Z","ASM42E4DB16351F42A3","1","usable","method_current","tesla_model_3","sedan","2022","15022","km","93.4","percent","clean","2026-03-11T23:32:34Z","2026-03-12T01:32:34Z","2026-03-12T02:07:34Z"
"SRCA6B25E6BA14A40AE","vehicle_assessment","BAT0EFEC9A5D5DA","1.0","SYNVEH85639171313","REQB6CFB727F5BEBF08","2026-03-12T08:42:42Z","2026-03-12T09:12:42Z","ASMC9BAF338BE6EDF04","1","usable","method_current","tesla_model_y","crossover","2023","15159","mi","88.9","percent","average","2026-03-12T06:37:42Z","2026-03-12T08:37:42Z","2026-03-12T10:12:42Z"
"SRC4C637176FCC6BF79","vehicle_assessment","BAT0EFEC9A5D5DA","1.0","SYNVEH02481104351","REQ7686D915B4E324D3","2026-03-12T15:47:51Z","2026-03-12T17:17:51Z","ASM39C9C42E5A8417CE","1","usable","method_current","hyundai_ioniq_5","crossover","2024","15296","km","83.5","percent","rough","2026-03-12T13:42:51Z","2026-03-12T15:42:51Z","2026-03-12T16:17:51Z"
"SRCA44F8C11C1A6F116","vehicle_assessment","BAT0EFEC9A5D5DA","1.0","SYNVEH78330912250","REQA435D676B33D53E3","2026-03-12T22:53:00Z","2026-03-12T23:23:00Z","ASM8011233F6BE6ACDC","1","usable","method_current","ford_mustang_mach_e","crossover","2025","15433","mi","90.7","percent","clean","2026-03-12T20:48:00Z","2026-03-12T22:48:00Z","2026-03-13T00:23:00Z"
"SRC2968AED06E54ABC5","vehicle_assessment","BAT0EFEC9A5D5DA","1.0","SYNVEH69427139937","REQ53DB81C630AE75BC","2026-03-13T05:58:08Z","2026-03-13T07:28:08Z","ASM484323DF469BC074","1","usable","method_current","ford_f150_lightning","pickup","2026","15570","km","85.8","percent","average","2026-03-13T03:53:08Z","2026-03-13T05:53:08Z","2026-03-13T06:28:08Z"
"SRC4F5C24CF86183A45","vehicle_assessment","BAT0EFEC9A5D5DA","1.0","SYNVEH72352329762","REQ16F74D22D1463865","2026-03-13T13:03:17Z","2026-03-13T13:33:17Z","ASMA6761DB37A83715C","1","usable","method_current","chevrolet_bolt_ev","hatchback","2018","15707","mi","93.6","percent","rough","2026-03-13T10:58:17Z","2026-03-13T12:58:17Z","2026-03-13T14:33:17Z"
"SRCFE669E8248EF7C30","vehicle_assessment","BAT0EFEC9A5D5DA","1.0","SYNVEH99159160622","REQC449C6CCB07F224F","2026-03-13T20:08:25Z","2026-03-13T21:38:25Z","ASM42FBB0AE4D35F9CD","1","usable","method_current","nissan_leaf","hatchback","2019","15844","km","92.6","percent","clean","2026-03-13T18:03:25Z","2026-03-13T20:03:25Z","2026-03-13T20:38:25Z"
"SRC865C5C18D897DE11","vehicle_assessment","BAT0EFEC9A5D5DA","1.0","SYNVEH29582739111","REQEEE6A9B3B8431B17","2026-03-14T03:13:34Z","2026-03-14T03:43:34Z","ASM02251A589A776CD5","1","usable","method_current","tesla_model_3","sedan","2020","15981","mi","82.4","percent","average","2026-03-14T01:08:34Z","2026-03-14T03:08:34Z","2026-03-14T04:43:34Z"
"SRC151A5C0DBFFDB4B6","vehicle_assessment","BAT0EFEC9A5D5DA","1.0","SYNVEH91069800085","REQ39B5B8408AD1EA6E","2026-03-14T10:18:42Z","2026-03-14T11:48:42Z","ASMF06192ADBDAABF03","1","usable","method_current","tesla_model_y","crossover","2021","16118","km","85.0","percent","rough","2026-03-14T08:13:42Z","2026-03-14T10:13:42Z","2026-03-14T10:48:42Z"
"SRCEAA7C151DFAFC5D6","vehicle_assessment","BAT0EFEC9A5D5DA","1.0","SYNVEH80908070059","REQ4F08531F38CEEEDB","2026-03-14T17:23:51Z","2026-03-14T17:53:51Z","ASM312EE8671A69CD74","1","usable","method_current","hyundai_ioniq_5","crossover","2022","16255","mi","82.8","percent","clean","2026-03-14T15:18:51Z","2026-03-14T17:18:51Z","2026-03-14T18:53:51Z"
"SRC0665E415889325F7","vehicle_assessment","BAT0EFEC9A5D5DA","1.0","SYNVEH28580335185","REQF2584A6F767D6FEB","2026-03-15T00:29:00Z","2026-03-15T01:59:00Z","ASM488AEC4E8E2C4520","1","usable","method_current","ford_mustang_mach_e","crossover","2023","16392","km","96.4","percent","average","2026-03-14T22:24:00Z","2026-03-15T00:24:00Z","2026-03-15T00:59:00Z"
"SRCEDF26B202589399D","vehicle_assessment","BAT0EFEC9A5D5DA","1.0","SYNVEH33673138614","REQ531301AECE7B276A","2026-03-15T07:34:08Z","2026-03-15T08:04:08Z","ASM958DA758EA04440F","1","usable","method_current","ford_f150_lightning","pickup","2024","16529","mi","92.1","percent","rough","2026-03-15T05:29:08Z","2026-03-15T07:29:08Z","2026-03-15T09:04:08Z"
"SRCC9895E0552F99350","vehicle_assessment","BAT0EFEC9A5D5DA","1.0","SYNVEH35333492730","REQB2EDF858CFBA8757","2026-03-15T14:39:17Z","2026-03-15T16:09:17Z","ASM62986F8D12516AE1","1","usable","method_current","chevrolet_bolt_ev","hatchback","2025","16666","km","91.8","percent","clean","2026-03-15T12:34:17Z","2026-03-15T14:34:17Z","2026-03-15T15:09:17Z"
"SRCF33B6DC04C2BFD3E","vehicle_assessment","BAT0EFEC9A5D5DA","1.0","SYNVEH36814313426","REQ7EC9D471C22A55C2","2026-03-15T21:44:25Z","2026-03-15T22:14:25Z","ASMBA5823481B6A0E47","1","usable","method_current","nissan_leaf","hatchback","2026","16803","mi","96.1","percent","average","2026-03-15T19:39:25Z","2026-03-15T21:39:25Z","2026-03-15T23:14:25Z"
"SRC1374C0C1DA10B390","vehicle_assessment","BAT0EFEC9A5D5DA","1.0","SYNVEH10961071878","REQ539BEE47B82797C7","2026-03-16T04:49:34Z","2026-03-16T06:19:34Z","ASM8743A4C1762920A1","1","usable","method_current","tesla_model_3","sedan","2018","16940","km","85.5","percent","rough","2026-03-16T02:44:34Z","2026-03-16T04:44:34Z","2026-03-16T05:19:34Z"
"SRC35B820734C6BFA4C","vehicle_assessment","BAT0EFEC9A5D5DA","1.0","SYNVEH10144984145","REQ78EC27B0A9151930","2026-03-16T11:54:42Z","2026-03-16T12:24:42Z","ASMC803BC2DFEBEF6DF","1","usable","method_current","tesla_model_y","crossover","2019","17077","mi","93.0","percent","clean","2026-03-16T09:49:42Z","2026-03-16T11:49:42Z","2026-03-16T13:24:42Z"
"SRC13EB8125AE0CF9F4","vehicle_assessment","BAT0EFEC9A5D5DA","1.0","SYNVEH02311973828","REQA96F549BE6B44D72","2026-03-16T18:59:51Z","2026-03-16T20:29:51Z","ASM4BE03B0D8881D91D","1","usable","method_current","hyundai_ioniq_5","crossover","2020","17214","km","85.4","percent","average","2026-03-16T16:54:51Z","2026-03-16T18:54:51Z","2026-03-16T19:29:51Z"
"SRC17443327A3600A6D","vehicle_assessment","BAT0EFEC9A5D5DA","1.0","SYNVEH19347632099","REQ56C3979651A6F89D","2026-03-17T02:05:00Z","2026-03-17T02:35:00Z","ASM08E6D68AF2B892CF","1","usable","method_current","ford_mustang_mach_e","crossover","2021","17351","mi","91.6","percent","rough","2026-03-17T00:00:00Z","2026-03-17T02:00:00Z","2026-03-17T03:35:00Z"
"SRCC1BAB6CCDF39D518","vehicle_assessment","BAT0EFEC9A5D5DA","1.0","SYNVEH19408514325","REQAE0EAC80EC02DBFC","2026-03-17T09:10:08Z","2026-03-17T10:40:08Z","ASM7B67A379744898C9","1","usable","method_current","ford_f150_lightning","pickup","2022","17488","km","95.7","percent","clean","2026-03-17T07:05:08Z","2026-03-17T09:05:08Z","2026-03-17T09:40:08Z"
"SRCF0A20254207C99BE","vehicle_assessment","BAT0EFEC9A5D5DA","1.0","SYNVEH32923576512","REQC04718154C384964","2026-03-17T16:15:17Z","2026-03-17T16:45:17Z","ASM92480D63B8D43C7B","1","usable","method_current","chevrolet_bolt_ev","hatchback","2023","17625","mi","90.4","percent","average","2026-03-17T14:10:17Z","2026-03-17T16:10:17Z","2026-03-17T17:45:17Z"
"SRC3DCF966ABEE9A436","vehicle_assessment","BAT0EFEC9A5D5DA","1.0","SYNVEH18628272718","REQ6CFF868BF56B1990","2026-03-17T23:20:25Z","2026-03-18T00:50:25Z","ASM6A320B907F68D1CE","1","usable","method_current","nissan_leaf","hatchback","2024","17762","km","89.3","percent","rough","2026-03-17T21:15:25Z","2026-03-17T23:15:25Z","2026-03-17T23:50:25Z"
"SRC326E9E1D8DA07A61","vehicle_assessment","BAT0EFEC9A5D5DA","1.0","SYNVEH94097702007","REQ100808C846B882C9","2026-03-18T06:25:34Z","2026-03-18T06:55:34Z","ASM9E28209B31A0C34C","1","usable","method_current","tesla_model_3","sedan","2025","17899","mi","95.3","percent","clean","2026-03-18T04:20:34Z","2026-03-18T06:20:34Z","2026-03-18T07:55:34Z"
"SRC8CBAED84E7224216","vehicle_assessment","BAT0EFEC9A5D5DA","1.0","SYNVEH95262579509","REQ1876724960908231","2026-03-18T13:30:42Z","2026-03-18T15:00:42Z","ASMF910DE11FE8FB968","1","usable","method_current","tesla_model_y","crossover","2026","18036","km","94.1","percent","average","2026-03-18T11:25:42Z","2026-03-18T13:25:42Z","2026-03-18T14:00:42Z"
"SRC1EB737A7C4834D0A","vehicle_assessment","BAT0EFEC9A5D5DA","1.0","SYNVEH57221541469","REQA0EDF007ED490F22","2026-03-18T20:35:51Z","2026-03-18T21:05:51Z","ASME95D2721C812F479","1","usable","method_current","hyundai_ioniq_5","crossover","2018","18173","mi","85.4","percent","rough","2026-03-18T18:30:51Z","2026-03-18T20:30:51Z","2026-03-18T22:05:51Z"
"SRC0F56A49956021B02","vehicle_assessment","BAT0EFEC9A5D5DA","1.0","SYNVEH20516668808","REQC48F595971AA544D","2026-03-19T03:41:00Z","2026-03-19T05:11:00Z","ASM671A7244C57218AA","1","usable","method_current","ford_mustang_mach_e","crossover","2019","18310","km","92.1","percent","clean","2026-03-19T01:36:00Z","2026-03-19T03:36:00Z","2026-03-19T04:11:00Z"
"SRCEBD4C651CAC8FC49","vehicle_assessment","BAT0EFEC9A5D5DA","1.0","SYNVEH98709816109","REQ559AF446619A8B81","2026-03-19T10:46:08Z","2026-03-19T11:16:08Z","ASM5EA348D531F50553","1","usable","method_current","ford_f150_lightning","pickup","2020","18447","mi","93.3","percent","average","2026-03-19T08:41:08Z","2026-03-19T10:41:08Z","2026-03-19T12:16:08Z"
"SRCD7A5AA970AAE6175","vehicle_assessment","BAT0EFEC9A5D5DA","1.0","SYNVEH01913638554","REQ69751C76143048F4","2026-03-19T17:51:17Z","2026-03-19T19:21:17Z","ASM04660613D7719241","1","usable","method_current","chevrolet_bolt_ev","hatchback","2021","18584","km","84.0","percent","rough","2026-03-19T15:46:17Z","2026-03-19T17:46:17Z","2026-03-19T18:21:17Z"
"SRCFAE223B263081179","vehicle_assessment","BAT0EFEC9A5D5DA","1.0","SYNVEH93516191052","REQEBBEBF798CCD8A21","2026-03-20T00:56:25Z","2026-03-20T01:26:25Z","ASM2267F0D26DF2560A","1","usable","method_current","nissan_leaf","hatchback","2022","18721","mi","94.9","percent","clean","2026-03-19T22:51:25Z","2026-03-20T00:51:25Z","2026-03-20T02:26:25Z"
"SRC02F29A55D0D512F3","vehicle_assessment","BAT0EFEC9A5D5DA","1.0","SYNVEH89114584513","REQ6A21D8364A65D7D2","2026-03-20T08:01:34Z","2026-03-20T09:31:34Z","ASMB7108194BB26FFB6","1","usable","method_current","tesla_model_3","sedan","2023","18858","km","89.3","percent","average","2026-03-20T05:56:34Z","2026-03-20T07:56:34Z","2026-03-20T08:31:34Z"
"SRC62E7C6E0BF1E4A4B","vehicle_assessment","BAT0EFEC9A5D5DA","1.0","SYNVEH84258423543","REQEE0369C68862E899","2026-03-20T15:06:42Z","2026-03-20T15:36:42Z","ASM28ACCD5D3A000AA6","1","usable","method_current","tesla_model_y","crossover","2024","18995","mi","96.6","percent","rough","2026-03-20T13:01:42Z","2026-03-20T15:01:42Z","2026-03-20T16:36:42Z"
"SRCCBD107F386E647DE","vehicle_assessment","BAT0EFEC9A5D5DA","1.0","SYNVEH67355641205","REQE2848A3ADFFF0D77","2026-03-20T22:11:51Z","2026-03-20T23:41:51Z","ASM09E2FBC207A18873","1","usable","method_current","hyundai_ioniq_5","crossover","2025","19132","km","92.9","percent","clean","2026-03-20T20:06:51Z","2026-03-20T22:06:51Z","2026-03-20T22:41:51Z"
"SRC2E67751F2180BECB","vehicle_assessment","BAT0EFEC9A5D5DA","1.0","SYNVEH46198152688","REQ8C6C2207C8A20500","2026-03-21T05:17:00Z","2026-03-21T05:47:00Z","ASMD52CFF684164DD1A","1","usable","method_current","ford_mustang_mach_e","crossover","2026","19269","mi","93.1","percent","average","2026-03-21T03:12:00Z","2026-03-21T05:12:00Z","2026-03-21T06:47:00Z"
"SRC547293E5633428D3","vehicle_assessment","BAT0EFEC9A5D5DA","1.0","SYNVEH97652525026","REQC596AED519F8846A","2026-03-21T12:22:08Z","2026-03-21T13:52:08Z","ASM9DF6BB4482E9666D","1","usable","method_current","ford_f150_lightning","pickup","2018","19406","km","82.2","percent","rough","2026-03-21T10:17:08Z","2026-03-21T12:17:08Z","2026-03-21T12:52:08Z"
"SRCA3FEBCF70AF25B13","vehicle_assessment","BAT0EFEC9A5D5DA","1.0","SYNVEH50430780492","REQ6D59D6F7429E709F","2026-03-21T19:27:17Z","2026-03-21T19:57:17Z","ASM01500F22CFA1F4A0","1","usable","method_current","chevrolet_bolt_ev","hatchback","2019","19543","mi","88.7","percent","clean","2026-03-21T17:22:17Z","2026-03-21T19:22:17Z","2026-03-21T20:57:17Z"
"SRC3E8277A2EF64A798","vehicle_assessment","BAT0EFEC9A5D5DA","1.0","SYNVEH34280403117","REQ85E3B210808FBE1E","2026-03-22T02:32:25Z","2026-03-22T04:02:25Z","ASMBCA6C4C9587914C2","1","usable","method_current","nissan_leaf","hatchback","2020","19680","km","96.0","percent","average","2026-03-22T00:27:25Z","2026-03-22T02:27:25Z","2026-03-22T03:02:25Z"
"SRC0593A535DB744AC6","vehicle_assessment","BAT0EFEC9A5D5DA","1.0","SYNVEH23494548348","REQ4310A7F829FCA9E5","2026-03-22T09:37:34Z","2026-03-22T10:07:34Z","ASM40457A3E6A07BAA0","1","usable","method_current","tesla_model_3","sedan","2021","19817","mi","82.4","percent","rough","2026-03-22T07:32:34Z","2026-03-22T09:32:34Z","2026-03-22T11:07:34Z"
"SRCAF7DBE2BD0CE140A","vehicle_assessment","BAT0EFEC9A5D5DA","1.0","SYNVEH60437850646","REQ9CDAFFC3779E60D4","2026-03-22T16:42:42Z","2026-03-22T18:12:42Z","ASM5CCF71F1C879D1E7","1","usable","method_current","tesla_model_y","crossover","2022","19954","km","85.5","percent","clean","2026-03-22T14:37:42Z","2026-03-22T16:37:42Z","2026-03-22T17:12:42Z"
"SRCC678F77F6E7C65A3","vehicle_assessment","BAT0EFEC9A5D5DA","1.0","SYNVEH53058997438","REQE10D6830AD0FA4CD","2026-03-22T23:47:51Z","2026-03-23T00:17:51Z","ASMF3DED814DD3E795C","1","usable","method_current","hyundai_ioniq_5","crossover","2023","20091","mi","95.2","percent","average","2026-03-22T21:42:51Z","2026-03-22T23:42:51Z","2026-03-23T01:17:51Z"
"SRCE45D98F98BF9755F","vehicle_assessment","BAT0EFEC9A5D5DA","1.0","SYNVEH39772558171","REQ5C52811FC8BF56E1","2026-03-23T06:53:00Z","2026-03-23T08:23:00Z","ASM18C44FCDE1695FE6","1","usable","method_current","ford_mustang_mach_e","crossover","2024","20228","km","83.5","percent","rough","2026-03-23T04:48:00Z","2026-03-23T06:48:00Z","2026-03-23T07:23:00Z"
"SRCE7DC8EDB60990158","vehicle_assessment","BAT0EFEC9A5D5DA","1.0","SYNVEH91284209896","REQE3A3FA66937DC568","2026-03-23T13:58:08Z","2026-03-23T14:28:08Z","ASM14E8E31682300096","1","usable","method_current","ford_f150_lightning","pickup","2025","20365","mi","91.8","percent","clean","2026-03-23T11:53:08Z","2026-03-23T13:53:08Z","2026-03-23T15:28:08Z"
"SRCA798479C7390AF59","vehicle_assessment","BAT0EFEC9A5D5DA","1.0","SYNVEH86447313994","REQ28860F4F3C7AD3AC","2026-03-23T21:03:17Z","2026-03-23T22:33:17Z","ASMBD0F45DF040A926B","1","usable","method_current","chevrolet_bolt_ev","hatchback","2026","20502","km","82.3","percent","average","2026-03-23T18:58:17Z","2026-03-23T20:58:17Z","2026-03-23T21:33:17Z"
"SRC76FBA7C9E182DE74","vehicle_assessment","BAT0EFEC9A5D5DA","1.0","SYNVEH24085766353","REQDBC67EEF4F36D1D6","2026-03-24T04:08:25Z","2026-03-24T04:38:25Z","ASMD80AA674281673EF","1","usable","method_current","nissan_leaf","hatchback","2018","20639","mi","87.0","percent","rough","2026-03-24T02:03:25Z","2026-03-24T04:03:25Z","2026-03-24T05:38:25Z"
"SRCB275DA0403B35AED","vehicle_assessment","BAT0EFEC9A5D5DA","1.0","SYNVEH48713714707","REQF293F8ADCDDB3F4A","2026-03-24T11:13:34Z","2026-03-24T12:43:34Z","ASM630B6627A2A969D6","1","usable","method_current","tesla_model_3","sedan","2019","20776","km","84.5","percent","clean","2026-03-24T09:08:34Z","2026-03-24T11:08:34Z","2026-03-24T11:43:34Z"
"SRC3870CEB1393E0490","vehicle_assessment","BAT0EFEC9A5D5DA","1.0","SYNVEH44476311717","REQ4DD4CF4B4D368CA6","2026-03-24T18:18:42Z","2026-03-24T18:48:42Z","ASM49D82CB1D206331F","1","usable","method_current","tesla_model_y","crossover","2020","20913","mi","95.0","percent","average","2026-03-24T16:13:42Z","2026-03-24T18:13:42Z","2026-03-24T19:48:42Z"
"SRC34154FDBD0030BA6","vehicle_assessment","BAT0EFEC9A5D5DA","1.0","SYNVEH48796118987","REQB86A01F2783D609A","2026-03-25T01:23:51Z","2026-03-25T02:53:51Z","ASM494D1D21E3791C56","1","usable","method_current","hyundai_ioniq_5","crossover","2021","21050","km","90.7","percent","rough","2026-03-24T23:18:51Z","2026-03-25T01:18:51Z","2026-03-25T01:53:51Z"
"SRCD006A4E12CC662AA","vehicle_assessment","BAT0EFEC9A5D5DA","1.0","SYNVEH00119990466","REQ675E9369288C3168","2026-03-25T08:29:00Z","2026-03-25T08:59:00Z","ASM6BD1008B7EC7ABD3","1","usable","method_current","ford_mustang_mach_e","crossover","2022","21187","mi","91.6","percent","clean","2026-03-25T06:24:00Z","2026-03-25T08:24:00Z","2026-03-25T09:59:00Z"
"SRC92D555ECAD0EBD09","vehicle_assessment","BAT0EFEC9A5D5DA","1.0","SYNVEH05460764125","REQDEB20D47FC36BA7B","2026-03-25T15:34:08Z","2026-03-25T17:04:08Z","ASM70D970E79FDDFD42","1","usable","method_current","ford_f150_lightning","pickup","2023","21324","km","93.6","percent","average","2026-03-25T13:29:08Z","2026-03-25T15:29:08Z","2026-03-25T16:04:08Z"
"SRC118A32C8977FC6B6","vehicle_assessment","BAT0EFEC9A5D5DA","1.0","SYNVEH75647866310","REQBF160897A9A09EDD","2026-03-25T22:39:17Z","2026-03-25T23:09:17Z","ASMFA933BE211CEF649","1","usable","method_current","chevrolet_bolt_ev","hatchback","2024","21461","mi","82.7","percent","rough","2026-03-25T20:34:17Z","2026-03-25T22:34:17Z","2026-03-26T00:09:17Z"
"SRCFBC117FA8B71974B","vehicle_assessment","BAT0EFEC9A5D5DA","1.0","SYNVEH89990067804","REQF8A9D6F1FB9D5D0B","2026-03-26T05:44:25Z","2026-03-26T07:14:25Z","ASM3393DA08BE9D18D4","1","usable","method_current","nissan_leaf","hatchback","2025","21598","km","85.8","percent","clean","2026-03-26T03:39:25Z","2026-03-26T05:39:25Z","2026-03-26T06:14:25Z"
"SRC1F66427DCF33C56E","vehicle_assessment","BAT0EFEC9A5D5DA","1.0","SYNVEH54292568073","REQC623575750293314","2026-03-26T12:49:34Z","2026-03-26T13:19:34Z","ASM2CB389E2FCAB8225","1","usable","method_current","tesla_model_3","sedan","2026","21735","mi","82.3","percent","average","2026-03-26T10:44:34Z","2026-03-26T12:44:34Z","2026-03-26T14:19:34Z"
"SRC1A80B986651A0D5F","vehicle_assessment","BAT0EFEC9A5D5DA","1.0","SYNVEH80873074667","REQ97052DE1AEC50B86","2026-03-26T19:54:42Z","2026-03-26T21:24:42Z","ASM09A6C0A0405CD93A","1","usable","method_current","tesla_model_y","crossover","2018","21872","km","82.4","percent","rough","2026-03-26T17:49:42Z","2026-03-26T19:49:42Z","2026-03-26T20:24:42Z"
"SRC7433FBABF55F7983","vehicle_assessment","BAT0EFEC9A5D5DA","1.0","SYNVEH54691945561","REQ1C53692CE870741C","2026-03-27T02:59:51Z","2026-03-27T03:29:51Z","ASM6CBE12FDE1A73068","1","usable","method_current","hyundai_ioniq_5","crossover","2019","22009","mi","85.5","percent","clean","2026-03-27T00:54:51Z","2026-03-27T02:54:51Z","2026-03-27T04:29:51Z"
"SRCB270CC4F528049E6","vehicle_assessment","BAT0EFEC9A5D5DA","1.0","SYNVEH74800258017","REQDA1F349F5AC61821","2026-03-27T10:05:00Z","2026-03-27T11:35:00Z","ASMA98132EB818EB6C3","1","usable","method_current","ford_mustang_mach_e","crossover","2020","22146","km","86.0","percent","average","2026-03-27T08:00:00Z","2026-03-27T10:00:00Z","2026-03-27T10:35:00Z"
"SRC30FBA1168C0AB2C9","vehicle_assessment","BAT0EFEC9A5D5DA","1.0","SYNVEH20900493988","REQC1FC36F5CEEE5D80","2026-03-27T17:10:08Z","2026-03-27T17:40:08Z","ASM4F173F5905CE3986","1","usable","method_current","ford_f150_lightning","pickup","2021","22283","mi","95.5","percent","rough","2026-03-27T15:05:08Z","2026-03-27T17:05:08Z","2026-03-27T18:40:08Z"
"SRC37180F3D8E878439","vehicle_assessment","BAT0EFEC9A5D5DA","1.0","SYNVEH46057874849","REQ9064A6AE777C1F16","2026-03-28T00:15:17Z","2026-03-28T01:45:17Z","ASM44A75065A09713ED","1","usable","method_current","chevrolet_bolt_ev","hatchback","2022","22420","km","95.0","percent","clean","2026-03-27T22:10:17Z","2026-03-28T00:10:17Z","2026-03-28T00:45:17Z"
"SRCED3FF39A7E71B5A1","vehicle_assessment","BAT0EFEC9A5D5DA","1.0","SYNVEH19626914949","REQ45FA9014C591281E","2026-03-28T07:20:25Z","2026-03-28T07:50:25Z","ASM7CBE3B21C3F2C2F9","1","usable","method_current","nissan_leaf","hatchback","2023","22557","mi","84.3","percent","average","2026-03-28T05:15:25Z","2026-03-28T07:15:25Z","2026-03-28T08:50:25Z"
"SRCEAB1266AFAEB7B0B","vehicle_assessment","BAT0EFEC9A5D5DA","1.0","SYNVEH80565719274","REQ17BE18DD85573640","2026-03-28T14:25:34Z","2026-03-28T15:55:34Z","ASM47FEF2FD320C3BFF","1","usable","method_current","tesla_model_3","sedan","2024","22694","km","94.7","percent","rough","2026-03-28T12:20:34Z","2026-03-28T14:20:34Z","2026-03-28T14:55:34Z"
"SRC463A5439DD5EFD25","vehicle_assessment","BAT0EFEC9A5D5DA","1.0","SYNVEH53066290799","REQ7139B251F82AD031","2026-03-28T21:30:42Z","2026-03-28T22:00:42Z","ASM7E165E9E165DEF94","1","usable","method_current","tesla_model_y","crossover","2025","22831","mi","94.6","percent","clean","2026-03-28T19:25:42Z","2026-03-28T21:25:42Z","2026-03-28T23:00:42Z"
"SRC0D1413C237B7ED1C","vehicle_assessment","BAT0EFEC9A5D5DA","1.0","SYNVEH19134314448","REQ33D8B5FC9645EF44","2026-03-29T04:35:51Z","2026-03-29T06:05:51Z","ASM1BA1CAA2641D3484","1","usable","method_current","hyundai_ioniq_5","crossover","2026","22968","km","83.3","percent","average","2026-03-29T02:30:51Z","2026-03-29T04:30:51Z","2026-03-29T05:05:51Z"
"SRCC346C08966290BCA","vehicle_assessment","BAT0EFEC9A5D5DA","1.0","SYNVEH09059675119","REQ9CD93D5F4B7E859C","2026-03-29T11:41:00Z","2026-03-29T12:11:00Z","ASM6B0187920E324D05","1","usable","method_current","ford_mustang_mach_e","crossover","2018","23105","mi","89.9","percent","rough","2026-03-29T09:36:00Z","2026-03-29T11:36:00Z","2026-03-29T13:11:00Z"
"SRCE0FF1008AF92DBFE","vehicle_assessment","BAT0EFEC9A5D5DA","1.0","SYNVEH78659577016","REQ17E981ED9C12ACE9","2026-03-29T18:46:08Z","2026-03-29T20:16:08Z","ASM72AFA9E4F131CB21","1","usable","method_current","ford_f150_lightning","pickup","2019","23242","km","83.6","percent","clean","2026-03-29T16:41:08Z","2026-03-29T18:41:08Z","2026-03-29T19:16:08Z"
"SRCF978FEC35377C386","vehicle_assessment","BAT0EFEC9A5D5DA","1.0","SYNVEH25056079457","REQC13B0363D056ACB7","2026-03-30T01:51:17Z","2026-03-30T02:21:17Z","ASM1BC8CFFC23EA0FA9","1","usable","method_current","chevrolet_bolt_ev","hatchback","2020","23379","mi","81.8","percent","average","2026-03-29T23:46:17Z","2026-03-30T01:46:17Z","2026-03-30T03:21:17Z"
"SRC85D49664B29F53C4","vehicle_assessment","BAT0EFEC9A5D5DA","1.0","SYNVEH44348730548","REQ7EC34CA425239C07","2026-03-30T08:56:25Z","2026-03-30T10:26:25Z","ASM6B945FAD73B93704","1","usable","method_current","nissan_leaf","hatchback","2021","23516","km","93.8","percent","rough","2026-03-30T06:51:25Z","2026-03-30T08:51:25Z","2026-03-30T09:26:25Z"
"SRC2223D34DDFE7B5C0","vehicle_assessment","BAT0EFEC9A5D5DA","1.0","SYNVEH93430649553","REQ91C856AE9A719272","2026-03-30T16:01:34Z","2026-03-30T16:31:34Z","ASMDD425A1C1652B922","1","usable","method_current","tesla_model_3","sedan","2022","23653","mi","96.3","percent","clean","2026-03-30T13:56:34Z","2026-03-30T15:56:34Z","2026-03-30T17:31:34Z"
"SRC843545C612E8DB1C","vehicle_assessment","BAT0EFEC9A5D5DA","1.0","SYNVEH87233986018","REQ19E52DE99A09A2C2","2026-03-30T23:06:42Z","2026-03-31T00:36:42Z","ASM561C8762F793F5A2","1","usable","method_current","tesla_model_y","crossover","2023","23790","km","87.7","percent","average","2026-03-30T21:01:42Z","2026-03-30T23:01:42Z","2026-03-30T23:36:42Z"
"SRC45D0B6246E964442","vehicle_assessment","BAT0EFEC9A5D5DA","1.0","SYNVEH23758940081","REQ93C319036B2F1810","2026-03-31T06:11:51Z","2026-03-31T06:41:51Z","ASM80FA076E4989A5C0","1","usable","method_current","hyundai_ioniq_5","crossover","2024","23927","mi","83.1","percent","rough","2026-03-31T04:06:51Z","2026-03-31T06:06:51Z","2026-03-31T07:41:51Z"
"SRC90D2F1B390B8718F","vehicle_assessment","BAT0EFEC9A5D5DA","1.0","SYNVEH78803410489","REQ1FB3A86D505D8669","2026-03-31T13:17:00Z","2026-03-31T14:47:00Z","ASMFC0E559C963ED42B","1","usable","method_current","ford_mustang_mach_e","crossover","2025","24064","km","91.1","percent","clean","2026-03-31T11:12:00Z","2026-03-31T13:12:00Z","2026-03-31T13:47:00Z"
"SRC79D90E6B80F1C0D9","vehicle_assessment","BAT0EFEC9A5D5DA","1.0","SYNVEH29493007528","REQB2F547562CE8617C","2026-03-31T20:22:08Z","2026-03-31T20:52:08Z","ASMB9C6020462932875","1","usable","method_current","ford_f150_lightning","pickup","2026","24201","mi","91.0","percent","average","2026-03-31T18:17:08Z","2026-03-31T20:17:08Z","2026-03-31T21:52:08Z"
"SRC618910A24ADF6F00","vehicle_assessment","BAT0EFEC9A5D5DA","1.0","SYNVEH76534858816","REQB0D4FCB63BECE207","2026-04-01T03:27:17Z","2026-04-01T04:57:17Z","ASM86A98558323E551B","1","usable","method_current","chevrolet_bolt_ev","hatchback","2018","24338","km","96.4","percent","rough","2026-04-01T01:22:17Z","2026-04-01T03:22:17Z","2026-04-01T03:57:17Z"
"SRCB527CFDD3F8594AA","vehicle_assessment","BAT0EFEC9A5D5DA","1.0","SYNVEH60902489569","REQAEF138EB3EE189C9","2026-04-01T10:32:25Z","2026-04-01T11:02:25Z","ASMB28C185BB399E08D","1","usable","method_current","nissan_leaf","hatchback","2019","24475","mi","95.8","percent","clean","2026-04-01T08:27:25Z","2026-04-01T10:27:25Z","2026-04-01T12:02:25Z"
"SRC1FC687B3DB8737A2","vehicle_assessment","BAT0EFEC9A5D5DA","1.0","SYNVEH74715271133","REQABE87C70E0176776","2026-04-01T17:30:42Z","2026-04-01T19:00:42Z","ASM81FDF0A98713EBAC","1","usable","method_current","tesla_model_3","sedan","2020","24612","km","85.7","percent","average","2026-04-01T15:25:42Z","2026-04-01T17:25:42Z","2026-04-01T18:00:42Z"
"SRC502CF2015ECEF3D1","vehicle_assessment","BAT0EFEC9A5D5DA","1.0","SYNVEH14632563376","REQ30036DA5B7F1D41D","2026-04-02T00:22:08Z","2026-04-02T00:52:08Z","ASMD75973A0E784A72B","1","usable","method_current","tesla_model_y","crossover","2021","24749","mi","83.2","percent","rough","2026-04-01T22:17:08Z","2026-04-02T00:17:08Z","2026-04-02T01:52:08Z"
"SRC6E60801A24021882","vehicle_assessment","BAT0EFEC9A5D5DA","1.0","SYNVEH44490045832","REQ07F680FCFF3185F6","2026-04-02T07:13:34Z","2026-04-02T08:43:34Z","ASME9829189CB98FF13","1","usable","method_current","hyundai_ioniq_5","crossover","2022","24886","km","93.2","percent","clean","2026-04-02T05:08:34Z","2026-04-02T07:08:34Z","2026-04-02T07:43:34Z"
"SRC5EAE36E3290C41E4","vehicle_assessment","BAT0EFEC9A5D5DA","1.0","SYNVEH41983407167","REQCD9ED1CB02D34BA6","2026-04-02T14:05:00Z","2026-04-02T14:35:00Z","ASMCBE1D9686C7D682A","1","usable","method_current","ford_mustang_mach_e","crossover","2023","25023","mi","82.4","percent","average","2026-04-02T12:00:00Z","2026-04-02T14:00:00Z","2026-04-02T15:35:00Z"
"SRC69054EC01F7B80E7","vehicle_assessment","BAT0EFEC9A5D5DA","1.0","SYNVEH09226024937","REQDB74EF55E7B87864","2026-04-02T20:56:25Z","2026-04-02T22:26:25Z","ASMC6DD747292029F24","1","usable","method_current","ford_f150_lightning","pickup","2024","25160","km","92.3","percent","rough","2026-04-02T18:51:25Z","2026-04-02T20:51:25Z","2026-04-02T21:26:25Z"
"SRCEC6B49B4DCBA12D7","vehicle_assessment","BAT0EFEC9A5D5DA","1.0","SYNVEH46262830837","REQ909F3369609E0A00","2026-04-03T03:47:51Z","2026-04-03T04:17:51Z","ASM063C46AD7D90F0BD","1","usable","method_current","chevrolet_bolt_ev","hatchback","2025","25297","mi","91.0","percent","clean","2026-04-03T01:42:51Z","2026-04-03T03:42:51Z","2026-04-03T05:17:51Z"
"SRC61BB3E784F5216AA","vehicle_assessment","BAT0EFEC9A5D5DA","1.0","SYNVEH94153884453","REQ2A2FC0BBC7ED85B1","2026-04-03T10:39:17Z","2026-04-03T12:09:17Z","ASM514A23A9BD9EB399","1","usable","method_current","nissan_leaf","hatchback","2026","25434","km","84.8","percent","average","2026-04-03T08:34:17Z","2026-04-03T10:34:17Z","2026-04-03T11:09:17Z"
"SRC8D07C5FC8AF512FA","vehicle_assessment","BAT0EFEC9A5D5DA","1.0","SYNVEH09471727968","REQF9C2FA2513B1D622","2026-04-03T17:30:42Z","2026-04-03T18:00:42Z","ASM0D14999BEAFB8755","1","usable","method_current","tesla_model_3","sedan","2018","25571","mi","82.7","percent","rough","2026-04-03T15:25:42Z","2026-04-03T17:25:42Z","2026-04-03T19:00:42Z"
"SRCDA1BD02C71387EC5","vehicle_assessment","BAT0EFEC9A5D5DA","1.0","SYNVEH02128923720","REQ41F00F6BCB2B8FDB","2026-04-04T00:22:08Z","2026-04-04T01:52:08Z","ASM164CFAEA998194ED","1","usable","method_current","tesla_model_y","crossover","2019","25708","km","84.4","percent","clean","2026-04-03T22:17:08Z","2026-04-04T00:17:08Z","2026-04-04T00:52:08Z"
"SRC1ACEB9C6E633A013","vehicle_assessment","BAT0EFEC9A5D5DA","1.0","SYNVEH09696590784","REQB58F95D654935479","2026-04-04T07:13:34Z","2026-04-04T07:43:34Z","ASM4BD251A5C5163770","1","usable","method_current","hyundai_ioniq_5","crossover","2020","25845","mi","82.5","percent","average","2026-04-04T05:08:34Z","2026-04-04T07:08:34Z","2026-04-04T08:43:34Z"
"SRC84BBBB65A834F927","vehicle_assessment","BAT0EFEC9A5D5DA","1.0","SYNVEH10590729302","REQDABF141293F936B5","2026-04-04T14:05:00Z","2026-04-04T15:35:00Z","ASM0DC942F8348EE80E","1","usable","method_current","ford_mustang_mach_e","crossover","2021","25982","km","86.2","percent","rough","2026-04-04T12:00:00Z","2026-04-04T14:00:00Z","2026-04-04T14:35:00Z"
"SRCC7D34D415EA1BE1B","vehicle_assessment","BAT0EFEC9A5D5DA","1.0","SYNVEH28100221532","REQ453FCD6BB41837CB","2026-04-04T20:56:25Z","2026-04-04T21:26:25Z","ASMBA4450AD475305B8","1","usable","method_current","ford_f150_lightning","pickup","2022","26119","mi","95.1","percent","clean","2026-04-04T18:51:25Z","2026-04-04T20:51:25Z","2026-04-04T22:26:25Z"
"SRC6560D3F6FF547BEC","vehicle_assessment","BAT0EFEC9A5D5DA","1.0","SYNVEH64084653995","REQ84347A8443878011","2026-04-05T03:47:51Z","2026-04-05T05:17:51Z","ASM837375947358BE21","1","usable","method_current","chevrolet_bolt_ev","hatchback","2023","26256","km","84.2","percent","average","2026-04-05T01:42:51Z","2026-04-05T03:42:51Z","2026-04-05T04:17:51Z"
"SRCC967602AC4821CC2","vehicle_assessment","BAT0EFEC9A5D5DA","1.0","SYNVEH23700475462","REQEB06E74BB6A12891","2026-04-05T10:39:17Z","2026-04-05T11:09:17Z","ASME27DB36E6440C9AD","1","usable","method_current","nissan_leaf","hatchback","2024","26393","mi","83.9","percent","rough","2026-04-05T08:34:17Z","2026-04-05T10:34:17Z","2026-04-05T12:09:17Z"
"SRC09F76282B2648E68","vehicle_assessment","BAT0EFEC9A5D5DA","1.0","SYNVEH61007752526","REQEBAA445F18355287","2026-04-05T17:30:42Z","2026-04-05T19:00:42Z","ASME1807C57AEE19A9B","1","usable","method_current","tesla_model_3","sedan","2025","26530","km","89.0","percent","clean","2026-04-05T15:25:42Z","2026-04-05T17:25:42Z","2026-04-05T18:00:42Z"
"SRCC983A53B6B4C8065","vehicle_assessment","BAT0EFEC9A5D5DA","1.0","SYNVEH33111483511","REQC620144F540A8266","2026-04-06T00:22:08Z","2026-04-06T00:52:08Z","ASMF3531BF3500AD370","1","usable","method_current","tesla_model_y","crossover","2026","26667","mi","94.5","percent","average","2026-04-05T22:17:08Z","2026-04-06T00:17:08Z","2026-04-06T01:52:08Z"
"SRC2C4D0432D25326C8","vehicle_assessment","BAT0EFEC9A5D5DA","1.0","SYNVEH70455097461","REQF96649ADF18BFB1A","2026-04-06T07:13:34Z","2026-04-06T08:43:34Z","ASMCB553DB53675BE90","1","usable","method_current","hyundai_ioniq_5","crossover","2018","26804","km","81.7","percent","rough","2026-04-06T05:08:34Z","2026-04-06T07:08:34Z","2026-04-06T07:43:34Z"
"SRC1A03C3E37B94C931","vehicle_assessment","BAT0EFEC9A5D5DA","1.0","SYNVEH69140051719","REQ3CDC3E4081B0ECB4","2026-04-06T14:05:00Z","2026-04-06T14:35:00Z","ASMBE710891B2708AC5","1","usable","method_current","ford_mustang_mach_e","crossover","2019","26941","mi","82.5","percent","clean","2026-04-06T12:00:00Z","2026-04-06T14:00:00Z","2026-04-06T15:35:00Z"
"SRC4885D1835C780A2D","vehicle_assessment","BAT0EFEC9A5D5DA","1.0","SYNVEH88289993067","REQ4552352233FECBEA","2026-04-06T20:56:25Z","2026-04-06T22:26:25Z","ASM65CBF46E4DE4CFFF","1","usable","method_current","ford_f150_lightning","pickup","2020","27078","km","94.3","percent","average","2026-04-06T18:51:25Z","2026-04-06T20:51:25Z","2026-04-06T21:26:25Z"
"SRC537CD8101C531851","vehicle_assessment","BAT0EFEC9A5D5DA","1.0","SYNVEH23633558610","REQ257BB1E7C4D065AD","2026-04-07T03:47:51Z","2026-04-07T04:17:51Z","ASM43D565BD2DF295E7","1","usable","method_current","chevrolet_bolt_ev","hatchback","2021","27215","mi","88.2","percent","rough","2026-04-07T01:42:51Z","2026-04-07T03:42:51Z","2026-04-07T05:17:51Z"
"SRC7280454855C35443","vehicle_assessment","BAT0EFEC9A5D5DA","1.0","SYNVEH65452191116","REQ7C3C7F9F7BB453E2","2026-04-07T10:39:17Z","2026-04-07T12:09:17Z","ASM6F7C6B33EC3076E2","1","usable","method_current","nissan_leaf","hatchback","2022","27352","km","89.1","percent","clean","2026-04-07T08:34:17Z","2026-04-07T10:34:17Z","2026-04-07T11:09:17Z"
"SRC2A481BA03D5502C2","vehicle_assessment","BAT0EFEC9A5D5DA","1.0","SYNVEH15490385689","REQ5A931843DD24D5B2","2026-04-07T17:30:42Z","2026-04-07T18:00:42Z","ASMB28D20DAB8FD6C95","1","usable","method_current","tesla_model_3","sedan","2023","27489","mi","87.4","percent","average","2026-04-07T15:25:42Z","2026-04-07T17:25:42Z","2026-04-07T19:00:42Z"
"SRC8527176DE5B74FFA","vehicle_assessment","BAT0EFEC9A5D5DA","1.0","SYNVEH06344115336","REQ7CE6330D061F791F","2026-04-08T00:22:08Z","2026-04-08T01:52:08Z","ASM8F83CFEB6422C288","1","usable","method_current","tesla_model_y","crossover","2024","27626","km","91.0","percent","rough","2026-04-07T22:17:08Z","2026-04-08T00:17:08Z","2026-04-08T00:52:08Z"
"SRC16AE1A53E7679AE5","vehicle_assessment","BAT0EFEC9A5D5DA","1.0","SYNVEH71643117256","REQD453CFB79E5AF9FC","2026-04-08T07:13:34Z","2026-04-08T07:43:34Z","ASM7D5F3EE05172522A","1","usable","method_current","hyundai_ioniq_5","crossover","2025","27763","mi","88.1","percent","clean","2026-04-08T05:08:34Z","2026-04-08T07:08:34Z","2026-04-08T08:43:34Z"
"SRCEC10DF68D54FCFD7","vehicle_assessment","BAT0EFEC9A5D5DA","1.0","SYNVEH09436858322","REQ9536592C12FDE54E","2026-04-08T14:05:00Z","2026-04-08T15:35:00Z","ASMBF1FF6C5391C0546","1","usable","method_current","ford_mustang_mach_e","crossover","2026","27900","km","84.0","percent","average","2026-04-08T12:00:00Z","2026-04-08T14:00:00Z","2026-04-08T14:35:00Z"
"SRC3BC305849B93F99B","vehicle_assessment","BAT0EFEC9A5D5DA","1.0","SYNVEH15837989202","REQ6CEE91B2F6D2D3F5","2026-04-08T20:56:25Z","2026-04-08T21:26:25Z","ASMF3B785075C984ED4","1","usable","method_current","ford_f150_lightning","pickup","2018","28037","mi","87.9","percent","rough","2026-04-08T18:51:25Z","2026-04-08T20:51:25Z","2026-04-08T22:26:25Z"
"SRCC26DF7A9D7D7AA1C","vehicle_assessment","BAT0EFEC9A5D5DA","1.0","SYNVEH79634073193","REQ98EBA419526F29EA","2026-04-09T03:47:51Z","2026-04-09T05:17:51Z","ASM3BC8ADF80D31CBB1","1","usable","method_current","chevrolet_bolt_ev","hatchback","2019","28174","km","90.6","percent","clean","2026-04-09T01:42:51Z","2026-04-09T03:42:51Z","2026-04-09T04:17:51Z"
"SRC81CE76E62927016D","vehicle_assessment","BAT0EFEC9A5D5DA","1.0","SYNVEH09926717811","REQ994BA38B15276D24","2026-04-09T10:39:17Z","2026-04-09T11:09:17Z","ASME8B8E06136840A4F","1","usable","method_current","nissan_leaf","hatchback","2020","28311","mi","95.0","percent","average","2026-04-09T08:34:17Z","2026-04-09T10:34:17Z","2026-04-09T12:09:17Z"
"SRC0FC5FED887054EAC","vehicle_assessment","BAT0EFEC9A5D5DA","1.0","SYNVEH34022502524","REQCD0A7F5F6519D3E7","2026-04-09T17:30:42Z","2026-04-09T19:00:42Z","ASMF1CA34D2903AC81C","1","usable","method_current","tesla_model_3","sedan","2021","28448","km","83.0","percent","rough","2026-04-09T15:25:42Z","2026-04-09T17:25:42Z","2026-04-09T18:00:42Z"
"SRCD2C9E1D0D31BACFC","vehicle_assessment","BAT0EFEC9A5D5DA","1.0","SYNVEH52065208736","REQ7C322A8A96C8E542","2026-04-10T00:22:08Z","2026-04-10T00:52:08Z","ASM6D4C29EE7260B4BC","1","usable","method_current","tesla_model_y","crossover","2022","28585","mi","85.3","percent","clean","2026-04-09T22:17:08Z","2026-04-10T00:17:08Z","2026-04-10T01:52:08Z"
"SRC9951CA6348D1B5F1","vehicle_assessment","BAT0EFEC9A5D5DA","1.0","SYNVEH64711007741","REQ528D57376AF97273","2026-04-10T07:13:34Z","2026-04-10T08:43:34Z","ASM2E451C60CF145187","1","usable","method_current","hyundai_ioniq_5","crossover","2023","28722","km","82.1","percent","average","2026-04-10T05:08:34Z","2026-04-10T07:08:34Z","2026-04-10T07:43:34Z"
"SRCC4126921C2EDA3E8","vehicle_assessment","BAT0EFEC9A5D5DA","1.0","SYNVEH56428901765","REQ7A014F8155F0A6D8","2026-04-10T14:05:00Z","2026-04-10T14:35:00Z","ASM4BEF8C6E48A5065C","1","usable","method_current","ford_mustang_mach_e","crossover","2024","28859","mi","88.3","percent","rough","2026-04-10T12:00:00Z","2026-04-10T14:00:00Z","2026-04-10T15:35:00Z"
"SRCE1AEB7ED82E961D3","vehicle_assessment","BAT0EFEC9A5D5DA","1.0","SYNVEH75545658376","REQ05639E7F51F2CFD5","2026-04-10T20:56:25Z","2026-04-10T22:26:25Z","ASMA43E937E37D6EE7F","1","usable","method_current","ford_f150_lightning","pickup","2025","28996","km","93.6","percent","clean","2026-04-10T18:51:25Z","2026-04-10T20:51:25Z","2026-04-10T21:26:25Z"
"SRC4C9F6BEBBC358A1D","vehicle_assessment","BAT0EFEC9A5D5DA","1.0","SYNVEH35063973281","REQA564580415BF7210","2026-04-11T03:47:51Z","2026-04-11T04:17:51Z","ASMA1616083B9C342BF","1","usable","method_current","chevrolet_bolt_ev","hatchback","2026","29133","mi","89.2","percent","average","2026-04-11T01:42:51Z","2026-04-11T03:42:51Z","2026-04-11T05:17:51Z"
"SRCABEA6442C17DBDD7","vehicle_assessment","BAT0EFEC9A5D5DA","1.0","SYNVEH52474441818","REQA0A13794729C3102","2026-04-11T10:39:17Z","2026-04-11T12:09:17Z","ASM42B3079974D8937C","1","usable","method_current","nissan_leaf","hatchback","2018","29270","km","88.1","percent","rough","2026-04-11T08:34:17Z","2026-04-11T10:34:17Z","2026-04-11T11:09:17Z"
"SRC5B4013E1A5F83CC0","vehicle_assessment","BAT0EFEC9A5D5DA","1.0","SYNVEH90414700385","REQCBD2E391D10F8767","2026-04-11T17:30:42Z","2026-04-11T18:00:42Z","ASME7C94BD8032B6697","1","usable","method_current","tesla_model_3","sedan","2019","29407","mi","91.1","percent","clean","2026-04-11T15:25:42Z","2026-04-11T17:25:42Z","2026-04-11T19:00:42Z"
"SRC5FAC48DB5282B1D0","vehicle_assessment","BAT0EFEC9A5D5DA","1.0","SYNVEH62590137864","REQ01D4881B5E0A2966","2026-04-12T00:22:08Z","2026-04-12T01:52:08Z","ASM5B96A574294E8ABC","1","usable","method_current","tesla_model_y","crossover","2020","29544","km","84.4","percent","average","2026-04-11T22:17:08Z","2026-04-12T00:17:08Z","2026-04-12T00:52:08Z"
"SRCE1E96EFEB622B300","vehicle_assessment","BAT0EFEC9A5D5DA","1.0","SYNVEH84633905383","REQ008A2B42BF4B6EF5","2026-04-12T07:13:34Z","2026-04-12T07:43:34Z","ASM0458361FDD43F9F3","1","usable","method_current","hyundai_ioniq_5","crossover","2021","29681","mi","93.2","percent","rough","2026-04-12T05:08:34Z","2026-04-12T07:08:34Z","2026-04-12T08:43:34Z"
"SRCE4EE8B125F405248","vehicle_assessment","BAT0EFEC9A5D5DA","1.0","SYNVEH44980476758","REQ488C23A3C8E77DFC","2026-04-12T14:05:00Z","2026-04-12T15:35:00Z","ASM2CFD227E95CE0188","1","usable","method_current","ford_mustang_mach_e","crossover","2022","29818","km","94.5","percent","clean","2026-04-12T12:00:00Z","2026-04-12T14:00:00Z","2026-04-12T14:35:00Z"
"SRC18903F9D12055804","vehicle_assessment","BAT0EFEC9A5D5DA","1.0","SYNVEH11169823954","REQ2A637E686DB946E7","2026-04-12T20:56:25Z","2026-04-12T21:26:25Z","ASM7A6848F47BCAB2FB","1","usable","method_current","ford_f150_lightning","pickup","2023","29955","mi","95.2","percent","average","2026-04-12T18:51:25Z","2026-04-12T20:51:25Z","2026-04-12T22:26:25Z"
"SRC7AD40DC69DAFEB7C","vehicle_assessment","BAT0EFEC9A5D5DA","1.0","SYNVEH55152978776","REQ8036A4E296A7A224","2026-04-13T03:47:51Z","2026-04-13T05:17:51Z","ASM8D61F9368A3047A1","1","usable","method_current","chevrolet_bolt_ev","hatchback","2024","30092","km","93.7","percent","rough","2026-04-13T01:42:51Z","2026-04-13T03:42:51Z","2026-04-13T04:17:51Z"
"SRCFBDABF938366EC73","vehicle_assessment","BAT0EFEC9A5D5DA","1.0","SYNVEH12503187806","REQBB218909A5EB48F2","2026-04-13T10:39:17Z","2026-04-13T11:09:17Z","ASMB0084373A467B674","1","usable","method_current","nissan_leaf","hatchback","2025","30229","mi","83.1","percent","clean","2026-04-13T08:34:17Z","2026-04-13T10:34:17Z","2026-04-13T12:09:17Z"
"SRC78C917C29F9A58CD","vehicle_assessment","BAT0EFEC9A5D5DA","1.0","SYNVEH45270231321","REQ441C3BBB61FE6858","2026-04-13T17:30:42Z","2026-04-13T19:00:42Z","ASM378EF7471F7791ED","1","usable","method_current","tesla_model_3","sedan","2026","30366","km","91.0","percent","average","2026-04-13T15:25:42Z","2026-04-13T17:25:42Z","2026-04-13T18:00:42Z"
"SRC880377FDC86A264D","vehicle_assessment","BAT0EFEC9A5D5DA","1.0","SYNVEH05285105867","REQ9979A655CBD853D8","2026-04-14T00:22:08Z","2026-04-14T00:52:08Z","ASMF32E91B5D94BE603","1","usable","method_current","tesla_model_y","crossover","2018","30503","mi","96.8","percent","rough","2026-04-13T22:17:08Z","2026-04-14T00:17:08Z","2026-04-14T01:52:08Z"
"SRC7597E0ECEC1C9B05","vehicle_assessment","BAT0EFEC9A5D5DA","1.0","SYNVEH83427750536","REQ12262BC688B99859","2026-04-14T07:13:34Z","2026-04-14T08:43:34Z","ASMD78EC8F91079FA9D","1","usable","method_current","hyundai_ioniq_5","crossover","2019","30640","km","95.5","percent","clean","2026-04-14T05:08:34Z","2026-04-14T07:08:34Z","2026-04-14T07:43:34Z"
"SRC3074D565F77491DE","vehicle_assessment","BAT0EFEC9A5D5DA","1.0","SYNVEH45863236073","REQ0C3CCAA02B4FFDEA","2026-04-14T14:05:00Z","2026-04-14T14:35:00Z","ASM3F97635B6424ACB1","1","usable","method_current","ford_mustang_mach_e","crossover","2020","30777","mi","94.0","percent","average","2026-04-14T12:00:00Z","2026-04-14T14:00:00Z","2026-04-14T15:35:00Z"
"SRC4267E9A5969FD911","vehicle_assessment","BAT0EFEC9A5D5DA","1.0","SYNVEH74442206262","REQEE369F97F91AE602","2026-04-14T20:56:25Z","2026-04-14T22:26:25Z","ASM8D847672D63647A2","1","usable","method_current","ford_f150_lightning","pickup","2021","30914","km","87.9","percent","rough","2026-04-14T18:51:25Z","2026-04-14T20:51:25Z","2026-04-14T21:26:25Z"
"SRC16238E7DCB879E90","vehicle_assessment","BAT0EFEC9A5D5DA","1.0","SYNVEH67253163968","REQ479796119336EAFB","2026-04-15T03:47:51Z","2026-04-15T04:17:51Z","ASM7A17271069ACFD1F","1","usable","method_current","chevrolet_bolt_ev","hatchback","2022","31051","mi","94.3","percent","clean","2026-04-15T01:42:51Z","2026-04-15T03:42:51Z","2026-04-15T05:17:51Z"
"SRCA8E96DB8D521FBB5","vehicle_assessment","BAT0EFEC9A5D5DA","1.0","SYNVEH68152311931","REQ88D0B6893814ECB2","2026-04-15T10:39:17Z","2026-04-15T12:09:17Z","ASM1E511CC6E294804A","1","usable","method_current","nissan_leaf","hatchback","2023","31188","km","97.3","percent","average","2026-04-15T08:34:17Z","2026-04-15T10:34:17Z","2026-04-15T11:09:17Z"
"SRC62B9A75B81597245","vehicle_assessment","BAT0EFEC9A5D5DA","1.0","SYNVEH50074195941","REQ7C4F760E3C55172C","2026-04-15T17:30:42Z","2026-04-15T18:00:42Z","ASM7B81A128090C818D","1","usable","method_current","tesla_model_3","sedan","2024","31325","mi","91.9","percent","rough","2026-04-15T15:25:42Z","2026-04-15T17:25:42Z","2026-04-15T19:00:42Z"
"SRCDF20169AB002603C","vehicle_assessment","BAT0EFEC9A5D5DA","1.0","SYNVEH19726847079","REQ74B62226DD43D16E","2026-04-16T00:22:08Z","2026-04-16T01:52:08Z","ASME5D1862532B0FA66","1","usable","method_current","tesla_model_y","crossover","2025","31462","km","87.9","percent","clean","2026-04-15T22:17:08Z","2026-04-16T00:17:08Z","2026-04-16T00:52:08Z"
"SRC33D26D503BBD0832","vehicle_assessment","BAT0EFEC9A5D5DA","1.0","SYNVEH52513525579","REQB484315981C4AAEE","2026-04-16T07:13:34Z","2026-04-16T07:43:34Z","ASMFA7A6ECBFF42A41B","1","usable","method_current","hyundai_ioniq_5","crossover","2026","31599","mi","95.4","percent","average","2026-04-16T05:08:34Z","2026-04-16T07:08:34Z","2026-04-16T08:43:34Z"
"SRC30EF537101BECCD6","vehicle_assessment","BAT0EFEC9A5D5DA","1.0","SYNVEH38038266742","REQ848970912678C15F","2026-04-16T14:05:00Z","2026-04-16T15:35:00Z","ASM34704E29CF882171","1","usable","method_current","ford_mustang_mach_e","crossover","2018","31736","km","85.3","percent","rough","2026-04-16T12:00:00Z","2026-04-16T14:00:00Z","2026-04-16T14:35:00Z"
"SRC2D17A90B220077DA","vehicle_assessment","BAT0EFEC9A5D5DA","1.0","SYNVEH65464931736","REQ1094272024E53E1D","2026-04-16T20:56:25Z","2026-04-16T21:26:25Z","ASMCE7C44C11A27D8DF","1","usable","method_current","ford_f150_lightning","pickup","2019","31873","mi","83.9","percent","clean","2026-04-16T18:51:25Z","2026-04-16T20:51:25Z","2026-04-16T22:26:25Z"
"SRCDB239785EF351325","vehicle_assessment","BAT0EFEC9A5D5DA","1.0","SYNVEH28393033837","REQ46DC73E55F703C3C","2026-04-17T03:47:51Z","2026-04-17T05:17:51Z","ASMCD9B18B233B2AED0","1","usable","method_current","chevrolet_bolt_ev","hatchback","2020","32010","km","87.5","percent","average","2026-04-17T01:42:51Z","2026-04-17T03:42:51Z","2026-04-17T04:17:51Z"
"SRCAC63AD22256659C9","vehicle_assessment","BAT0EFEC9A5D5DA","1.0","SYNVEH74231255495","REQB8E5E6142BEC31EC","2026-04-17T10:39:17Z","2026-04-17T11:09:17Z","ASM960B16FFA6D9E161","1","usable","method_current","nissan_leaf","hatchback","2021","32147","mi","94.0","percent","rough","2026-04-17T08:34:17Z","2026-04-17T10:34:17Z","2026-04-17T12:09:17Z"
"SRC5FBDEC2EFC168745","vehicle_assessment","BAT0EFEC9A5D5DA","1.0","SYNVEH88123073267","REQEC5E7A34E4BE592A","2026-04-17T17:30:42Z","2026-04-17T19:00:42Z","ASM60175BAA3B5B5524","1","usable","method_current","tesla_model_3","sedan","2022","32284","km","89.2","percent","clean","2026-04-17T15:25:42Z","2026-04-17T17:25:42Z","2026-04-17T18:00:42Z"
"SRCE3C929F7323DBBBE","vehicle_assessment","BAT0EFEC9A5D5DA","1.0","SYNVEH96458902235","REQ02100668CCA4075A","2026-04-18T00:22:08Z","2026-04-18T00:52:08Z","ASM347558C886E0C69E","1","usable","method_current","tesla_model_y","crossover","2023","32421","mi","87.7","percent","average","2026-04-17T22:17:08Z","2026-04-18T00:17:08Z","2026-04-18T01:52:08Z"
"SRCF075935868B16E5E","vehicle_assessment","BAT0EFEC9A5D5DA","1.0","SYNVEH30573554266","REQ0CEEA62AF0D6ABFD","2026-04-18T07:13:34Z","2026-04-18T08:43:34Z","ASMC9F8ACF843C5FFE6","1","usable","method_current","hyundai_ioniq_5","crossover","2024","32558","km","95.8","percent","rough","2026-04-18T05:08:34Z","2026-04-18T07:08:34Z","2026-04-18T07:43:34Z"
"SRC9E0EDD44426D0711","vehicle_assessment","BAT0EFEC9A5D5DA","1.0","SYNVEH66160408310","REQ8535CF70A5F2E230","2026-04-18T14:05:00Z","2026-04-18T14:35:00Z","ASM58A0C8A169010F5C","1","usable","method_current","ford_mustang_mach_e","crossover","2025","32695","mi","90.9","percent","clean","2026-04-18T12:00:00Z","2026-04-18T14:00:00Z","2026-04-18T15:35:00Z"
"SRCCFABCECC8F0BE309","vehicle_assessment","BAT0EFEC9A5D5DA","1.0","SYNVEH22912467391","REQA73E55A7952704E1","2026-04-18T20:56:25Z","2026-04-18T22:26:25Z","ASM30DF5AA04C3873DF","1","usable","method_current","ford_f150_lightning","pickup","2026","32832","km","89.8","percent","average","2026-04-18T18:51:25Z","2026-04-18T20:51:25Z","2026-04-18T21:26:25Z"
"SRC0D3C846CA975A7BD","vehicle_assessment","BAT0EFEC9A5D5DA","1.0","SYNVEH93308933134","REQB45121C5BDB50067","2026-04-19T03:47:51Z","2026-04-19T04:17:51Z","ASM9CD7147500193220","1","usable","method_current","chevrolet_bolt_ev","hatchback","2018","32969","mi","88.1","percent","rough","2026-04-19T01:42:51Z","2026-04-19T03:42:51Z","2026-04-19T05:17:51Z"
"SRC3F8B2BE5A8EE2392","vehicle_assessment","BAT0EFEC9A5D5DA","1.0","SYNVEH60783227659","REQECA4256A1D9FF221","2026-04-19T10:39:17Z","2026-04-19T12:09:17Z","ASM8C9D8717098D5C98","1","usable","method_current","nissan_leaf","hatchback","2019","33106","km","94.5","percent","clean","2026-04-19T08:34:17Z","2026-04-19T10:34:17Z","2026-04-19T11:09:17Z"
"SRC72A2C4C86784CD18","vehicle_assessment","BAT0EFEC9A5D5DA","1.0","SYNVEH31193269272","REQ42FC71CAB817D2FC","2026-04-19T17:30:42Z","2026-04-19T18:00:42Z","ASM9B0721E6937784BC","1","usable","method_current","tesla_model_3","sedan","2020","33243","mi","84.3","percent","average","2026-04-19T15:25:42Z","2026-04-19T17:25:42Z","2026-04-19T19:00:42Z"
"SRC157CE045A87513B3","vehicle_assessment","BAT0EFEC9A5D5DA","1.0","SYNVEH80973129440","REQ79089135AF882FAE","2026-04-20T00:22:08Z","2026-04-20T01:52:08Z","ASMA0773E49C64C58CD","1","usable","method_current","tesla_model_y","crossover","2021","33380","km","90.5","percent","rough","2026-04-19T22:17:08Z","2026-04-20T00:17:08Z","2026-04-20T00:52:08Z"
"SRC15B87CF2ABFF488F","vehicle_assessment","BAT0EFEC9A5D5DA","1.0","SYNVEH33172014310","REQA067743289680FB0","2026-04-20T07:13:34Z","2026-04-20T07:43:34Z","ASM6F89F78040DD1BA2","1","usable","method_current","hyundai_ioniq_5","crossover","2022","33517","mi","85.1","percent","clean","2026-04-20T05:08:34Z","2026-04-20T07:08:34Z","2026-04-20T08:43:34Z"
"SRC89D63F78D040BFCA","vehicle_assessment","BAT0EFEC9A5D5DA","1.0","SYNVEH14641956545","REQ7A8A15AAC3E4E9AD","2026-04-20T14:05:00Z","2026-04-20T15:35:00Z","ASME39E2A931D05C126","1","usable","method_current","ford_mustang_mach_e","crossover","2023","33654","km","91.2","percent","average","2026-04-20T12:00:00Z","2026-04-20T14:00:00Z","2026-04-20T14:35:00Z"
"SRCEEFA332D233648BF","vehicle_assessment","BAT0EFEC9A5D5DA","1.0","SYNVEH59045564795","REQ2432C2EB84888F48","2026-04-20T20:56:25Z","2026-04-20T21:26:25Z","ASM479799A1695652F5","1","usable","method_current","ford_f150_lightning","pickup","2024","33791","mi","84.5","percent","rough","2026-04-20T18:51:25Z","2026-04-20T20:51:25Z","2026-04-20T22:26:25Z"
"SRC68B1BFF97766CEDF","vehicle_assessment","BAT0EFEC9A5D5DA","1.0","SYNVEH49030036315","REQDB45611904C0A8E1","2026-04-21T03:47:51Z","2026-04-21T05:17:51Z","ASM535963F81D33D0D0","1","usable","method_current","chevrolet_bolt_ev","hatchback","2025","33928","km","91.0","percent","clean","2026-04-21T01:42:51Z","2026-04-21T03:42:51Z","2026-04-21T04:17:51Z"
"SRCA281032F2FE9F6E4","vehicle_assessment","BAT0EFEC9A5D5DA","1.0","SYNVEH67911127220","REQ69BE0C61445741D2","2026-04-21T10:39:17Z","2026-04-21T11:09:17Z","ASM4D117E29AEE9C1F3","1","usable","method_current","nissan_leaf","hatchback","2026","34065","mi","84.4","percent","average","2026-04-21T08:34:17Z","2026-04-21T10:34:17Z","2026-04-21T12:09:17Z"
"SRC7D2AA902AD73E0E6","vehicle_assessment","BAT0EFEC9A5D5DA","1.0","SYNVEH82527192592","REQAB046C5731EA2AA1","2026-04-21T17:30:42Z","2026-04-21T19:00:42Z","ASMD026DD08C6B9EC32","1","usable","method_current","tesla_model_3","sedan","2018","34202","km","96.3","percent","rough","2026-04-21T15:25:42Z","2026-04-21T17:25:42Z","2026-04-21T18:00:42Z"
"SRC728CA8532FC632A4","vehicle_assessment","BAT0EFEC9A5D5DA","1.0","SYNVEH46898908160","REQD2EDD5E16778EA56","2026-04-22T00:22:08Z","2026-04-22T00:52:08Z","ASM49ECBF4638B3346D","1","usable","method_current","tesla_model_y","crossover","2019","34339","mi","86.7","percent","clean","2026-04-21T22:17:08Z","2026-04-22T00:17:08Z","2026-04-22T01:52:08Z"
"SRC3438FF92F99F8B6E","vehicle_assessment","BAT0EFEC9A5D5DA","1.0","SYNVEH37467442031","REQ37C9D60DE55A3A2E","2026-04-22T07:13:34Z","2026-04-22T08:43:34Z","ASMC923A0AA7BBB0798","1","usable","method_current","hyundai_ioniq_5","crossover","2020","34476","km","84.9","percent","average","2026-04-22T05:08:34Z","2026-04-22T07:08:34Z","2026-04-22T07:43:34Z"
"SRCB66E83065C18DF1E","vehicle_assessment","BAT0EFEC9A5D5DA","1.0","SYNVEH40155793276","REQA71071F3C31662A8","2026-04-22T14:05:00Z","2026-04-22T14:35:00Z","ASMD9BC98AAB4752B4A","1","usable","method_current","ford_mustang_mach_e","crossover","2021","34613","mi","85.8","percent","rough","2026-04-22T12:00:00Z","2026-04-22T14:00:00Z","2026-04-22T15:35:00Z"
"SRC2A3561AFF4A6981C","vehicle_assessment","BAT0EFEC9A5D5DA","1.0","SYNVEH81886291473","REQF280AB6FCC4215C7","2026-04-22T20:56:25Z","2026-04-22T22:26:25Z","ASMB9833614A5148B6F","1","usable","method_current","ford_f150_lightning","pickup","2022","34750","km","90.5","percent","clean","2026-04-22T18:51:25Z","2026-04-22T20:51:25Z","2026-04-22T21:26:25Z"
"SRCF81E51250A13813E","vehicle_assessment","BAT0EFEC9A5D5DA","1.0","SYNVEH08483583263","REQ28F8E1379E509780","2026-04-23T03:47:51Z","2026-04-23T04:17:51Z","ASM440A9C271F23B67E","1","usable","method_current","chevrolet_bolt_ev","hatchback","2023","34887","mi","96.6","percent","average","2026-04-23T01:42:51Z","2026-04-23T03:42:51Z","2026-04-23T05:17:51Z"
"SRCD86499CCA058734A","vehicle_assessment","BAT0EFEC9A5D5DA","1.0","SYNVEH04200826781","REQ1B1EFFE5C1E6404A","2026-04-23T10:39:17Z","2026-04-23T12:09:17Z","ASM21BF0CCFEF8C4745","1","usable","method_current","nissan_leaf","hatchback","2024","35024","km","93.4","percent","rough","2026-04-23T08:34:17Z","2026-04-23T10:34:17Z","2026-04-23T11:09:17Z"
"SRC6ACE021AB651D5A9","vehicle_assessment","BAT0EFEC9A5D5DA","1.0","SYNVEH86780959996","REQE5B77E8BE3C0BF5B","2026-04-23T17:30:42Z","2026-04-23T18:00:42Z","ASM51C00DB68005CD32","1","usable","method_current","tesla_model_3","sedan","2025","35161","mi","87.3","percent","clean","2026-04-23T15:25:42Z","2026-04-23T17:25:42Z","2026-04-23T19:00:42Z"
"SRC662C65F81F20958F","vehicle_assessment","BAT0EFEC9A5D5DA","1.0","SYNVEH07935625879","REQ43BD03B2291FABE3","2026-04-24T00:22:08Z","2026-04-24T01:52:08Z","ASM594F701E9C6ACF0C","1","usable","method_current","tesla_model_y","crossover","2026","35298","km","89.7","percent","average","2026-04-23T22:17:08Z","2026-04-24T00:17:08Z","2026-04-24T00:52:08Z"
"SRCD27AF289C92EF301","vehicle_assessment","BAT0EFEC9A5D5DA","1.0","SYNVEH74594674316","REQED77F7BD30F82BB0","2026-04-24T07:13:34Z","2026-04-24T07:43:34Z","ASMBDCF9A0AEE5636F3","1","usable","method_current","hyundai_ioniq_5","crossover","2018","35435","mi","95.6","percent","rough","2026-04-24T05:08:34Z","2026-04-24T07:08:34Z","2026-04-24T08:43:34Z"
"SRC7C3777AFAED33061","vehicle_assessment","BAT0EFEC9A5D5DA","1.0","SYNVEH36003923218","REQ9F1E2F4153D9B55E","2026-04-24T14:05:00Z","2026-04-24T15:35:00Z","ASM2B960BEBCDA3049F","1","usable","method_current","ford_mustang_mach_e","crossover","2019","35572","km","83.1","percent","clean","2026-04-24T12:00:00Z","2026-04-24T14:00:00Z","2026-04-24T14:35:00Z"
"SRC4A929469BEAD9829","vehicle_assessment","BAT0EFEC9A5D5DA","1.0","SYNVEH56332572946","REQB481F7E0AD0A177E","2026-04-24T20:56:25Z","2026-04-24T21:26:25Z","ASM354A098D7423187F","1","usable","method_current","ford_f150_lightning","pickup","2020","35709","mi","89.4","percent","average","2026-04-24T18:51:25Z","2026-04-24T20:51:25Z","2026-04-24T22:26:25Z"
"SRC5043C60895DEB174","vehicle_assessment","BAT0EFEC9A5D5DA","1.0","SYNVEH40452915153","REQE0A54AFA5F2B8B87","2026-04-25T03:47:51Z","2026-04-25T05:17:51Z","ASM2F32F94C5B334AAF","1","usable","method_current","chevrolet_bolt_ev","hatchback","2021","35846","km","83.8","percent","rough","2026-04-25T01:42:51Z","2026-04-25T03:42:51Z","2026-04-25T04:17:51Z"
"SRCDCA47F0D0D29CE83","vehicle_assessment","BAT0EFEC9A5D5DA","1.0","SYNVEH49428393958","REQ8643A90571998241","2026-04-25T10:39:17Z","2026-04-25T11:09:17Z","ASMC6A50D703171A8B6","1","usable","method_current","nissan_leaf","hatchback","2022","35983","mi","89.1","percent","clean","2026-04-25T08:34:17Z","2026-04-25T10:34:17Z","2026-04-25T12:09:17Z"
"SRCDB1B644C79C82113","vehicle_assessment","BAT0EFEC9A5D5DA","1.0","SYNVEH49330742641","REQ26BAE656292E82AA","2026-04-25T17:30:42Z","2026-04-25T19:00:42Z","ASM1C2718241E49E2CE","1","usable","method_current","tesla_model_3","sedan","2023","36120","km","92.9","percent","average","2026-04-25T15:25:42Z","2026-04-25T17:25:42Z","2026-04-25T18:00:42Z"
"SRC670CB292AEA295A9","vehicle_assessment","BAT0EFEC9A5D5DA","1.0","SYNVEH83494600210","REQE3595D5F790E8F52","2026-04-26T00:22:08Z","2026-04-26T00:52:08Z","ASMCC9082BF11DD1467","1","usable","method_current","tesla_model_y","crossover","2024","36257","mi","84.1","percent","rough","2026-04-25T22:17:08Z","2026-04-26T00:17:08Z","2026-04-26T01:52:08Z"
"SRC8640B793BC0DC1A7","vehicle_assessment","BAT0EFEC9A5D5DA","1.0","SYNVEH44418408141","REQ5B62DE2663184BA6","2026-04-26T07:13:34Z","2026-04-26T08:43:34Z","ASM84EC08ADC61CE476","1","usable","method_current","hyundai_ioniq_5","crossover","2025","36394","km","91.4","percent","clean","2026-04-26T05:08:34Z","2026-04-26T07:08:34Z","2026-04-26T07:43:34Z"
"SRC0FE174B49D261865","vehicle_assessment","BAT0EFEC9A5D5DA","1.0","SYNVEH56437078231","REQAC6F0C0FF27A2DAA","2026-04-26T14:05:00Z","2026-04-26T14:35:00Z","ASMC24A4D29DC1BFC99","1","usable","method_current","ford_mustang_mach_e","crossover","2026","36531","mi","95.3","percent","average","2026-04-26T12:00:00Z","2026-04-26T14:00:00Z","2026-04-26T15:35:00Z"
"SRCE9DAAE6E29ECFC3A","vehicle_assessment","BAT0EFEC9A5D5DA","1.0","SYNVEH84130293850","REQ26044F66AFCB2304","2026-04-26T20:56:25Z","2026-04-26T22:26:25Z","ASM4ADBC3500600579B","1","usable","method_current","ford_f150_lightning","pickup","2018","36668","km","87.5","percent","rough","2026-04-26T18:51:25Z","2026-04-26T20:51:25Z","2026-04-26T21:26:25Z"
"SRC59D5E43DC93BAC65","vehicle_assessment","BAT0EFEC9A5D5DA","1.0","SYNVEH62590012029","REQ33462FF16D27861F","2026-04-27T03:47:51Z","2026-04-27T04:17:51Z","ASMEEE422FAD1E6A5BF","1","usable","method_current","chevrolet_bolt_ev","hatchback","2019","36805","mi","82.4","percent","clean","2026-04-27T01:42:51Z","2026-04-27T03:42:51Z","2026-04-27T05:17:51Z"
"SRC4FE45739EBCBD763","vehicle_assessment","BAT0EFEC9A5D5DA","1.0","SYNVEH69697880762","REQDB7033F8713473B6","2026-04-27T10:39:17Z","2026-04-27T12:09:17Z","ASM58856A87AA14BB72","1","usable","method_current","nissan_leaf","hatchback","2020","36942","km","81.7","percent","average","2026-04-27T08:34:17Z","2026-04-27T10:34:17Z","2026-04-27T11:09:17Z"
"SRC7A905CE973806288","vehicle_assessment","BAT0EFEC9A5D5DA","1.0","SYNVEH10620904751","REQEBBF7A12747E7E7C","2026-04-27T17:30:42Z","2026-04-27T18:00:42Z","ASM40192C32F85C92BC","1","usable","method_current","tesla_model_3","sedan","2021","37079","mi","91.8","percent","rough","2026-04-27T15:25:42Z","2026-04-27T17:25:42Z","2026-04-27T19:00:42Z"
"SRC29F5DE4479F3C215","vehicle_assessment","BAT0EFEC9A5D5DA","1.0","SYNVEH54342792727","REQ2006C31B572E788A","2026-04-28T00:22:08Z","2026-04-28T01:52:08Z","ASM161F049F3A7BD588","1","usable","method_current","tesla_model_y","crossover","2022","37216","km","92.9","percent","clean","2026-04-27T22:17:08Z","2026-04-28T00:17:08Z","2026-04-28T00:52:08Z"
"SRC0C59940399E3A377","vehicle_assessment","BAT0EFEC9A5D5DA","1.0","SYNVEH33928065135","REQBDE1B04AED93F509","2026-04-28T07:13:34Z","2026-04-28T07:43:34Z","ASM1076D08AF311AEB5","1","usable","method_current","hyundai_ioniq_5","crossover","2023","37353","mi","81.7","percent","average","2026-04-28T05:08:34Z","2026-04-28T07:08:34Z","2026-04-28T08:43:34Z"
"SRCAC01B4CE7FC6E667","vehicle_assessment","BAT0EFEC9A5D5DA","1.0","SYNVEH49503844948","REQ012658F17BCD5FB5","2026-05-01T17:27:54Z","2026-05-01T18:57:54Z","ASMA776C08B4B7711C6","1","failed","method_current","","","","","","","","","","2026-05-01T17:22:54Z","2026-05-01T17:57:54Z"
"SRC546A328B3AC8C12C","vehicle_assessment","BAT0EFEC9A5D5DA","1.0","SYNVEH36662250586","REQF0AEF8EAB594D759","2026-05-02T00:13:43Z","2026-05-02T00:43:43Z","ASM38559ABD69B3147E","1","failed","method_current","","","","","","","","","","2026-05-02T00:08:43Z","2026-05-02T01:43:43Z"
"SRCB99F6ECC8ADB048F","vehicle_assessment","BAT0EFEC9A5D5DA","1.0","SYNVEH95828127972","REQC17638E8CE2FC487","2026-05-02T06:59:32Z","2026-05-02T08:29:32Z","ASM0ECC94FD7C511997","1","failed","method_current","","","","","","","","","","2026-05-02T06:54:32Z","2026-05-02T07:29:32Z"
"SRCEADFA9971BDFF2C3","vehicle_assessment","BAT0EFEC9A5D5DA","1.0","SYNVEH63277354663","REQ76DA924B2B486742","2026-05-02T13:45:21Z","2026-05-02T14:15:21Z","ASM2622E6F7F2621077","1","failed","method_current","","","","","","","","","","2026-05-02T13:40:21Z","2026-05-02T15:15:21Z"
"SRCC6501CD781247944","vehicle_assessment","BAT0EFEC9A5D5DA","1.0","SYNVEH22471383300","REQ69DAE5BF6851F3D7","2026-05-02T20:31:10Z","2026-05-02T22:01:10Z","ASMF4B8940BF36FEF44","1","failed","method_current","","","","","","","","","","2026-05-02T20:26:10Z","2026-05-02T21:01:10Z"
"SRC7BDD0EC563330402","vehicle_assessment","BAT0EFEC9A5D5DA","1.0","SYNVEH22685606389","REQ470159FB825AEEF6","2026-05-03T03:17:00Z","2026-05-03T03:47:00Z","ASMD17EB95167FA54EE","1","failed","method_current","","","","","","","","","","2026-05-03T03:12:00Z","2026-05-03T04:47:00Z"
"SRC4EE6E67BA07C6B9C","vehicle_assessment","BAT0EFEC9A5D5DA","1.0","SYNVEH44760565548","REQ50B7478B3D340DAE","2026-05-03T10:02:49Z","2026-05-03T11:32:49Z","ASMD080FE11D579857E","1","failed","method_current","","","","","","","","","","2026-05-03T09:57:49Z","2026-05-03T10:32:49Z"
"SRCE0473EDB9803DA43","vehicle_assessment","BAT0EFEC9A5D5DA","1.0","SYNVEH70885019535","REQ88080118EAE26485","2026-05-03T16:48:38Z","2026-05-03T17:18:38Z","ASMB8359B11DBE71CD1","1","failed","method_current","","","","","","","","","","2026-05-03T16:43:38Z","2026-05-03T18:18:38Z"
"SRC7A9DFF7BB02B2888","vehicle_assessment","BAT0EFEC9A5D5DA","1.0","SYNVEH90280134659","REQE9AB7789539B03AA","2026-05-03T23:34:27Z","2026-05-04T01:04:27Z","ASM71EE9CB2D6E266FB","1","failed","method_current","","","","","","","","","","2026-05-03T23:29:27Z","2026-05-04T00:04:27Z"
"SRC95996AD61A60DFA5","vehicle_assessment","BAT0EFEC9A5D5DA","1.0","SYNVEH59739800384","REQ13AABD60E1890113","2026-05-04T06:20:16Z","2026-05-04T06:50:16Z","ASM3424F411D7DA8A78","1","usable","method_current","hyundai_ioniq_5","crossover","2017","90230","km","66.6","percent","average","2026-05-04T04:15:16Z","2026-05-04T06:15:16Z","2026-05-04T07:50:16Z"
"SRC004678F35F3E296B","vehicle_assessment","BAT0EFEC9A5D5DA","1.0","SYNVEH70268919227","REQF0D23FC3A13BE7F8","2026-05-04T13:06:05Z","2026-05-04T14:36:05Z","ASM537EBD16D6D69C97","1","usable","method_current","ford_mustang_mach_e","crossover","2018","90367","mi","66.5","percent","rough","2026-05-04T11:01:05Z","2026-05-04T13:01:05Z","2026-05-04T13:36:05Z"
"SRCFA4104C306656CB3","vehicle_assessment","BAT0EFEC9A5D5DA","1.0","SYNVEH74784941374","REQE6355B426DAFDBAC","2026-05-04T19:51:54Z","2026-05-04T20:21:54Z","ASM430B910463B8D80D","1","usable","method_current","ford_f150_lightning","pickup","2012","90504","km","74.1","percent","clean","2026-05-04T17:46:54Z","2026-05-04T19:46:54Z","2026-05-04T21:21:54Z"
"SRC90D35468BABE3183","vehicle_assessment","BAT0EFEC9A5D5DA","1.0","SYNVEH40074201009","REQA592A574DE7FF0D3","2026-05-05T02:37:43Z","2026-05-05T04:07:43Z","ASM2069091AB1CD2BDA","1","usable","method_current","chevrolet_bolt_ev","hatchback","2013","90641","mi","66.2","percent","average","2026-05-05T00:32:43Z","2026-05-05T02:32:43Z","2026-05-05T03:07:43Z"
"SRC8C005AAA357F6BB6","vehicle_assessment","BAT0EFEC9A5D5DA","1.0","SYNVEH59086572474","REQ2C47ED433101FBF2","2026-05-05T09:23:32Z","2026-05-05T09:53:32Z","ASME14F285B08840F7C","1","usable","method_current","nissan_leaf","hatchback","2014","90778","km","74.8","percent","rough","2026-05-05T07:18:32Z","2026-05-05T09:18:32Z","2026-05-05T10:53:32Z"
"SRC37314769EDC1C682","vehicle_assessment","BAT0EFEC9A5D5DA","1.0","SYNVEH76403633186","REQD5BA0C021F17AC63","2026-05-05T16:09:21Z","2026-05-05T17:39:21Z","ASM1681CE9E2F04F803","1","usable","method_current","tesla_model_3","sedan","2015","90915","mi","74.0","percent","clean","2026-05-05T14:04:21Z","2026-05-05T16:04:21Z","2026-05-05T16:39:21Z"
"SRC9F3CF98E8E32AE5A","vehicle_assessment","BAT0EFEC9A5D5DA","1.0","SYNVEH71943081550","REQ9B96E754878AE0C3","2026-05-05T22:55:10Z","2026-05-05T23:25:10Z","ASMA9746B929A01BAFA","1","usable","method_current","tesla_model_y","crossover","2016","91052","km","73.2","percent","average","2026-05-05T20:50:10Z","2026-05-05T22:50:10Z","2026-05-06T00:25:10Z"
"SRC6EEF8B5948677239","vehicle_assessment","BAT0EFEC9A5D5DA","1.0","SYNVEH05040677477","REQ928D906FF4699A78","2026-05-06T05:41:00Z","2026-05-06T07:11:00Z","ASM16FCD92B4A653655","1","usable","method_current","hyundai_ioniq_5","crossover","2017","91189","mi","64.7","percent","rough","2026-05-06T03:36:00Z","2026-05-06T05:36:00Z","2026-05-06T06:11:00Z"
"SRC9F2AF1C9CFC67EBF","vehicle_assessment","BAT0EFEC9A5D5DA","1.0","SYNVEH49015446551","REQEDA88764B541E510","2026-05-06T12:26:49Z","2026-05-06T12:56:49Z","ASM2E8CF917E6B32893","1","usable","method_current","ford_mustang_mach_e","crossover","2018","91326","km","75.3","percent","clean","2026-05-06T10:21:49Z","2026-05-06T12:21:49Z","2026-05-06T13:56:49Z"
"SRC669B68BC95903DE5","vehicle_assessment","BAT0EFEC9A5D5DA","1.0","SYNVEH83990931267","REQ574AEB6F716A158D","2026-05-06T19:12:38Z","2026-05-06T20:42:38Z","ASM387A68BD6F3D763F","1","usable","method_current","ford_f150_lightning","pickup","2012","91463","mi","67.7","percent","average","2026-05-06T17:07:38Z","2026-05-06T19:07:38Z","2026-05-06T19:42:38Z"
"SRCB711DC669873DB5D","vehicle_assessment","BAT0EFEC9A5D5DA","1.0","SYNVEH97983252676","REQ21E583992EBBC3B9","2026-05-07T01:58:27Z","2026-05-07T02:28:27Z","ASMF5E1529DE1E9B192","1","usable","method_current","chevrolet_bolt_ev","hatchback","2013","91600","km","75.8","percent","rough","2026-05-06T23:53:27Z","2026-05-07T01:53:27Z","2026-05-07T03:28:27Z"
"SRCFB0814C62A05D342","vehicle_assessment","BAT0EFEC9A5D5DA","1.0","SYNVEH07773205681","REQFF3BBAAE61EBA0B6","2026-05-07T08:44:16Z","2026-05-07T10:14:16Z","ASM1FB76513B28D8468","1","usable","method_current","nissan_leaf","hatchback","2014","91737","mi","73.6","percent","clean","2026-05-07T06:39:16Z","2026-05-07T08:39:16Z","2026-05-07T09:14:16Z"
"SRC8184883D3CCA4C9D","vehicle_assessment","BAT0EFEC9A5D5DA","1.0","SYNVEH80720707368","REQ18A54057A9DD12E2","2026-05-07T15:30:05Z","2026-05-07T16:00:05Z","ASM858F68D5D835682D","1","usable","method_current","tesla_model_3","sedan","2015","91874","km","77.0","percent","average","2026-05-07T13:25:05Z","2026-05-07T15:25:05Z","2026-05-07T17:00:05Z"
"SRCC48EB40664F215FB","vehicle_assessment","BAT0EFEC9A5D5DA","1.0","SYNVEH60075809370","REQ755B4E181B3EB202","2026-05-07T22:15:54Z","2026-05-07T23:45:54Z","ASM86DBAA56C8FCEC55","1","usable","method_current","tesla_model_y","crossover","2016","92011","mi","73.9","percent","rough","2026-05-07T20:10:54Z","2026-05-07T22:10:54Z","2026-05-07T22:45:54Z"
"SRC370E304B9DD1E0F7","vehicle_assessment","BAT0EFEC9A5D5DA","1.0","SYNVEH94227771757","REQ98D147BE988E2543","2026-05-08T05:01:43Z","2026-05-08T05:31:43Z","ASM365A153B111AC573","1","usable","method_current","hyundai_ioniq_5","crossover","2017","92148","km","66.0","percent","clean","2026-05-08T02:56:43Z","2026-05-08T04:56:43Z","2026-05-08T06:31:43Z"
"SRC0E49E1F9E8AD2C46","vehicle_assessment","BAT0EFEC9A5D5DA","1.0","SYNVEH88333476708","REQ57E2FC5ED1DB5588","2026-05-08T11:47:32Z","2026-05-08T13:17:32Z","ASME63C1FB94398A7E8","1","usable","method_current","ford_mustang_mach_e","crossover","2018","92285","mi","69.3","percent","average","2026-05-08T09:42:32Z","2026-05-08T11:42:32Z","2026-05-08T12:17:32Z"
"SRCDCECA4F52DE162CE","vehicle_assessment","BAT0EFEC9A5D5DA","1.0","SYNVEH52982830488","REQ8A408BC151A770B5","2026-05-08T18:33:21Z","2026-05-08T19:03:21Z","ASM9BABFCACC4C7A778","1","usable","method_current","ford_f150_lightning","pickup","2012","92422","km","74.8","percent","rough","2026-05-08T16:28:21Z","2026-05-08T18:28:21Z","2026-05-08T20:03:21Z"
"SRC1F02322A10B596D7","vehicle_assessment","BAT0EFEC9A5D5DA","1.0","SYNVEH59215423165","REQD98AE65884EF6FEE","2026-05-09T01:19:10Z","2026-05-09T02:49:10Z","ASM890A150FD6AAD9E4","1","usable","method_current","chevrolet_bolt_ev","hatchback","2013","92559","mi","66.7","percent","clean","2026-05-08T23:14:10Z","2026-05-09T01:14:10Z","2026-05-09T01:49:10Z"
"SRC1660292DFC35E557","vehicle_assessment","BAT0EFEC9A5D5DA","1.0","SYNVEH55197795736","REQ01E4995A01EAB51F","2026-05-09T08:05:00Z","2026-05-09T08:35:00Z","ASM044E33F2CD4B35B7","1","usable","method_current","nissan_leaf","hatchback","2014","92696","km","77.3","percent","average","2026-05-09T06:00:00Z","2026-05-09T08:00:00Z","2026-05-09T09:35:00Z"
"SRC671B2DC06A9F3E2A","vehicle_assessment","BAT0EFEC9A5D5DA","1.0","SYNVEH15485612274","REQ5451F9C020357A8E","2026-05-09T14:50:49Z","2026-05-09T16:20:49Z","ASME888A5FA5D4FE5FD","1","usable","method_current","tesla_model_3","sedan","2015","92833","mi","73.2","percent","rough","2026-05-09T12:45:49Z","2026-05-09T14:45:49Z","2026-05-09T15:20:49Z"
"SRC76448D1D7E39B216","vehicle_assessment","BAT0EFEC9A5D5DA","1.0","SYNVEH10072343005","REQDE53E82D1BC17D72","2026-05-09T21:36:38Z","2026-05-09T22:06:38Z","ASMD523F43071268FB6","1","usable","method_current","tesla_model_y","crossover","2016","92970","km","65.0","percent","clean","2026-05-09T19:31:38Z","2026-05-09T21:31:38Z","2026-05-09T23:06:38Z"
"SRC624D3656B6109725","vehicle_assessment","BAT0EFEC9A5D5DA","1.0","SYNVEH00339649881","REQ57705CFCFF437663","2026-05-10T04:22:27Z","2026-05-10T05:52:27Z","ASM0E2C3ED11BA60BEA","1","usable","method_current","hyundai_ioniq_5","crossover","2017","93107","mi","77.1","percent","average","2026-05-10T02:17:27Z","2026-05-10T04:17:27Z","2026-05-10T04:52:27Z"
"SRCF1B8C2D52D746B73","vehicle_assessment","BAT0EFEC9A5D5DA","1.0","SYNVEH22071711864","REQ74BE27FC2B52BEC8","2026-05-10T11:08:16Z","2026-05-10T11:38:16Z","ASMAF8AE5E958A30B5C","1","usable","method_current","ford_mustang_mach_e","crossover","2018","93244","km","63.4","percent","rough","2026-05-10T09:03:16Z","2026-05-10T11:03:16Z","2026-05-10T12:38:16Z"
"SRC91E0E3B7179AEB16","vehicle_assessment","BAT0EFEC9A5D5DA","1.0","SYNVEH93985277400","REQ576346875261D1FC","2026-05-10T17:54:05Z","2026-05-10T19:24:05Z","ASM87CD8EC660F8ED03","1","usable","method_current","ford_f150_lightning","pickup","2012","93381","mi","75.7","percent","clean","2026-05-10T15:49:05Z","2026-05-10T17:49:05Z","2026-05-10T18:24:05Z"
"SRC34E93E32AF5C3494","vehicle_assessment","BAT0EFEC9A5D5DA","1.0","SYNVEH24236150701","REQ741FFA8722AF13AC","2026-05-11T00:39:54Z","2026-05-11T01:09:54Z","ASM40E63B3612E15163","1","usable","method_current","chevrolet_bolt_ev","hatchback","2013","93518","km","65.7","percent","average","2026-05-10T22:34:54Z","2026-05-11T00:34:54Z","2026-05-11T02:09:54Z"
"SRC3EFF344A2ACA03DB","vehicle_assessment","BAT0EFEC9A5D5DA","1.0","SYNVEH33282833988","REQ24C149069971C8CB","2026-05-11T07:25:43Z","2026-05-11T08:55:43Z","ASMFAE68D8EE936A439","1","usable","method_current","nissan_leaf","hatchback","2014","93655","mi","65.7","percent","rough","2026-05-11T05:20:43Z","2026-05-11T07:20:43Z","2026-05-11T07:55:43Z"
"SRC842BC8FB6D1110BA","vehicle_assessment","BAT0EFEC9A5D5DA","1.0","SYNVEH97795231746","REQ63A6454E99E9E8B7","2026-05-11T14:11:32Z","2026-05-11T14:41:32Z","ASM2E4D08F8677A946F","1","usable","method_current","tesla_model_3","sedan","2015","93792","km","77.2","percent","clean","2026-05-11T12:06:32Z","2026-05-11T14:06:32Z","2026-05-11T15:41:32Z"
"SRCBDE469FAF2D443CE","vehicle_assessment","BAT0EFEC9A5D5DA","1.0","SYNVEH97248543970","REQ4056B0125C4BB6A9","2026-05-11T20:57:21Z","2026-05-11T22:27:21Z","ASM8DBBD424D87415EB","1","usable","method_current","tesla_model_y","crossover","2016","93929","mi","68.4","percent","average","2026-05-11T18:52:21Z","2026-05-11T20:52:21Z","2026-05-11T21:27:21Z"
"SRC90D49DFC1A3FA9F9","vehicle_assessment","BAT0EFEC9A5D5DA","1.0","SYNVEH90325677165","REQ43DB4E11F5892608","2026-05-12T03:43:10Z","2026-05-12T04:13:10Z","ASM5E8B364FF866C21A","1","usable","method_current","hyundai_ioniq_5","crossover","2017","94066","km","68.9","percent","rough","2026-05-12T01:38:10Z","2026-05-12T03:38:10Z","2026-05-12T05:13:10Z"
"SRC6ED1AAE9B28D165B","vehicle_assessment","BAT0EFEC9A5D5DA","1.0","SYNVEH94777206240","REQ288F04D2344F39D5","2026-05-12T10:29:00Z","2026-05-12T11:59:00Z","ASM1067B81084E832EA","1","usable","method_current","ford_mustang_mach_e","crossover","2018","94203","mi","74.6","percent","clean","2026-05-12T08:24:00Z","2026-05-12T10:24:00Z","2026-05-12T10:59:00Z"
"SRCB255F809B85335BC","vehicle_assessment","BAT0EFEC9A5D5DA","1.0","SYNVEH69133730921","REQ1047C122729B59B0","2026-05-12T17:14:49Z","2026-05-12T17:44:49Z","ASMCA8BDEC2B14B153E","1","usable","method_current","ford_f150_lightning","pickup","2012","94340","km","67.3","percent","average","2026-05-12T15:09:49Z","2026-05-12T17:09:49Z","2026-05-12T18:44:49Z"
"SRC894A066AA6E39C2F","vehicle_assessment","BAT0EFEC9A5D5DA","1.0","SYNVEH17023674951","REQAA60E96CF0365184","2026-05-13T00:00:38Z","2026-05-13T01:30:38Z","ASM7F4C52871EA5F064","1","usable","method_current","chevrolet_bolt_ev","hatchback","2013","94477","mi","69.4","percent","rough","2026-05-12T21:55:38Z","2026-05-12T23:55:38Z","2026-05-13T00:30:38Z"
"SRC26A089615D98D739","vehicle_assessment","BAT0EFEC9A5D5DA","1.0","SYNVEH01577276928","REQ236AF2A4F6E6FFF0","2026-05-13T06:46:27Z","2026-05-13T07:16:27Z","ASM2932B9461C712642","1","usable","method_current","nissan_leaf","hatchback","2014","94614","km","65.3","percent","clean","2026-05-13T04:41:27Z","2026-05-13T06:41:27Z","2026-05-13T08:16:27Z"
"SRC30DA4794F610A77F","vehicle_assessment","BAT0EFEC9A5D5DA","1.0","SYNVEH15324208219","REQED6E516DC54D43C1","2026-05-13T13:32:16Z","2026-05-13T15:02:16Z","ASMB8F2DC6923F98C1F","1","usable","method_current","tesla_model_3","sedan","2015","94751","mi","66.3","percent","average","2026-05-13T11:27:16Z","2026-05-13T13:27:16Z","2026-05-13T14:02:16Z"
"SRCB4F3112674AA3949","vehicle_assessment","BAT0EFEC9A5D5DA","1.0","SYNVEH96421449337","REQFAA63F7EC4CCCA90","2026-05-13T20:18:05Z","2026-05-13T20:48:05Z","ASM98A3DBCA91DFBBBA","1","usable","method_current","tesla_model_y","crossover","2016","94888","km","69.0","percent","rough","2026-05-13T18:13:05Z","2026-05-13T20:13:05Z","2026-05-13T21:48:05Z"
"SRCD52E6D4ECB6A6F5B","vehicle_assessment","BAT0EFEC9A5D5DA","1.0","SYNVEH49687037301","REQ55E0FBF048FEF5DE","2026-05-14T03:03:54Z","2026-05-14T04:33:54Z","ASM4D1855FCFC3C40F7","1","usable","method_current","hyundai_ioniq_5","crossover","2017","95025","mi","64.5","percent","clean","2026-05-14T00:58:54Z","2026-05-14T02:58:54Z","2026-05-14T03:33:54Z"
"SRC4D68080544B53A14","vehicle_assessment","BAT0EFEC9A5D5DA","1.0","SYNVEH97761917672","REQAF56C10BE4C5DE25","2026-05-14T09:49:43Z","2026-05-14T10:19:43Z","ASMD1C37FC9E5A1B027","1","usable","method_current","ford_mustang_mach_e","crossover","2018","95162","km","69.1","percent","average","2026-05-14T07:44:43Z","2026-05-14T09:44:43Z","2026-05-14T11:19:43Z"
"SRC27DBA7241F6C0761","vehicle_assessment","BAT0EFEC9A5D5DA","1.0","SYNVEH86898934554","REQ6F15D0FC243309B8","2026-05-14T16:35:32Z","2026-05-14T18:05:32Z","ASMF00162A295B1E235","1","usable","method_current","ford_f150_lightning","pickup","2012","95299","mi","76.1","percent","rough","2026-05-14T14:30:32Z","2026-05-14T16:30:32Z","2026-05-14T17:05:32Z"
"SRC57E176C5C1BC30A5","vehicle_assessment","BAT0EFEC9A5D5DA","1.0","SYNVEH05259724891","REQ4E4A0BFCBCB99665","2026-05-14T23:21:21Z","2026-05-14T23:51:21Z","ASM5C6F69CDDDE27ABB","1","usable","method_current","chevrolet_bolt_ev","hatchback","2013","95436","km","64.5","percent","clean","2026-05-14T21:16:21Z","2026-05-14T23:16:21Z","2026-05-15T00:51:21Z"
"SRC03598CAE1A62A376","vehicle_assessment","BAT0EFEC9A5D5DA","1.0","SYNVEH40516226665","REQ12F11CCD295207AE","2026-05-15T06:07:10Z","2026-05-15T07:37:10Z","ASMBBB7EFE682804370","1","usable","method_current","nissan_leaf","hatchback","2014","95573","mi","75.2","percent","average","2026-05-15T04:02:10Z","2026-05-15T06:02:10Z","2026-05-15T06:37:10Z"
"SRC96AA7708C755597B","vehicle_assessment","BAT0EFEC9A5D5DA","1.0","SYNVEH51539553919","REQDFC798E3B8FF30F6","2026-05-15T12:53:00Z","2026-05-15T13:23:00Z","ASMA3CA0DC18593C917","1","usable","method_current","tesla_model_3","sedan","2015","95710","km","69.8","percent","rough","2026-05-15T10:48:00Z","2026-05-15T12:48:00Z","2026-05-15T14:23:00Z"
"SRC51A91894089F8F69","vehicle_assessment","BAT0EFEC9A5D5DA","1.0","SYNVEH71253361066","REQ1E2FDEC27B44BEFB","2026-05-15T19:38:49Z","2026-05-15T21:08:49Z","ASM384B06FFD12EC19B","1","usable","method_current","tesla_model_y","crossover","2016","95847","mi","74.3","percent","clean","2026-05-15T17:33:49Z","2026-05-15T19:33:49Z","2026-05-15T20:08:49Z"
"SRC72497D4F0F002DC8","vehicle_assessment","BAT0EFEC9A5D5DA","1.0","SYNVEH70156854820","REQ18A478D0ED45F298","2026-05-16T02:24:38Z","2026-05-16T02:54:38Z","ASMD39EF67CFB51CFF4","1","usable","method_current","hyundai_ioniq_5","crossover","2017","95984","km","63.3","percent","average","2026-05-16T00:19:38Z","2026-05-16T02:19:38Z","2026-05-16T03:54:38Z"
"SRC7723A729E4D08458","vehicle_assessment","BAT0EFEC9A5D5DA","1.0","SYNVEH53181600337","REQ6988CDD4C5770F47","2026-05-16T09:10:27Z","2026-05-16T10:40:27Z","ASM9C933AB2F6F14DC9","1","usable","method_current","ford_mustang_mach_e","crossover","2018","96121","mi","63.9","percent","rough","2026-05-16T07:05:27Z","2026-05-16T09:05:27Z","2026-05-16T09:40:27Z"
"SRC871FDDE9AF9859DD","vehicle_assessment","BAT0EFEC9A5D5DA","1.0","SYNVEH63334243287","REQ3DF3C51FAAA965C2","2026-05-16T15:56:16Z","2026-05-16T16:26:16Z","ASM99937DDF48AD4EED","1","usable","method_current","ford_f150_lightning","pickup","2012","96258","km","64.5","percent","clean","2026-05-16T13:51:16Z","2026-05-16T15:51:16Z","2026-05-16T17:26:16Z"
"SRC84256E327B567C27","vehicle_assessment","BAT0EFEC9A5D5DA","1.0","SYNVEH97450820234","REQCAB62C742083927E","2026-05-16T22:42:05Z","2026-05-17T00:12:05Z","ASM26C835EE11A7D302","1","usable","method_current","chevrolet_bolt_ev","hatchback","2013","96395","mi","64.5","percent","average","2026-05-16T20:37:05Z","2026-05-16T22:37:05Z","2026-05-16T23:12:05Z"
"SRC358ABE9C7F6DB1CE","vehicle_assessment","BAT0EFEC9A5D5DA","1.0","SYNVEH24103808384","REQ11F39F374343DFA5","2026-05-17T05:27:54Z","2026-05-17T05:57:54Z","ASMCBC20DFB5E7086FB","1","usable","method_current","nissan_leaf","hatchback","2014","96532","km","67.7","percent","rough","2026-05-17T03:22:54Z","2026-05-17T05:22:54Z","2026-05-17T06:57:54Z"
"SRCA31E0CA58D719FA7","vehicle_assessment","BAT0EFEC9A5D5DA","1.0","SYNVEH94102093167","REQ9EB524C6BF952187","2026-05-17T12:13:43Z","2026-05-17T13:43:43Z","ASME66AD54351CC141D","1","usable","method_current","tesla_model_3","sedan","2015","96669","mi","65.1","percent","clean","2026-05-17T10:08:43Z","2026-05-17T12:08:43Z","2026-05-17T12:43:43Z"
"SRCCFF75889D67F6EE1","vehicle_assessment","BAT0EFEC9A5D5DA","1.0","SYNVEH69411940070","REQ33EC7F87240F8011","2026-05-17T18:59:32Z","2026-05-17T19:29:32Z","ASM5255E38772A4DC7C","1","usable","method_current","tesla_model_y","crossover","2016","96806","km","71.2","percent","average","2026-05-17T16:54:32Z","2026-05-17T18:54:32Z","2026-05-17T20:29:32Z"
"SRCEB980894844A849B","vehicle_assessment","BAT0EFEC9A5D5DA","1.0","SYNVEH93665993004","REQAB5FFDEDD8B5CEC2","2026-05-18T01:45:21Z","2026-05-18T03:15:21Z","ASM2B0F5CAA60D1BA3C","1","usable","method_current","hyundai_ioniq_5","crossover","2017","96943","mi","67.0","percent","rough","2026-05-17T23:40:21Z","2026-05-18T01:40:21Z","2026-05-18T02:15:21Z"
"SRC56E50D201D4AC79D","vehicle_assessment","BAT0EFEC9A5D5DA","1.0","SYNVEH68873192042","REQ2C1531BB2F955400","2026-05-18T08:31:10Z","2026-05-18T09:01:10Z","ASM82AC81ED5D9156BF","1","usable","method_current","ford_mustang_mach_e","crossover","2018","97080","km","66.9","percent","clean","2026-05-18T06:26:10Z","2026-05-18T08:26:10Z","2026-05-18T10:01:10Z"
"SRCAD4EF9FBE800A622","vehicle_assessment","BAT0EFEC9A5D5DA","1.0","SYNVEH04287650615","REQ43C0837B11D69687","2026-05-18T15:17:00Z","2026-05-18T16:47:00Z","ASMFECAB4195D2FD5D5","1","usable","method_current","chevrolet_bolt_ev","hatchback","2013","97217","mi","69.0","percent","average","2026-05-18T13:12:00Z","2026-05-18T15:12:00Z","2026-05-18T15:47:00Z"
"SRC3348C7C7E9E7F31A","vehicle_assessment","BAT0EFEC9A5D5DA","1.0","SYNVEH30041389203","REQ9713B31F9000B83F","2026-05-18T22:02:49Z","2026-05-18T22:32:49Z","ASMC521A225B01518AE","1","usable","method_current","nissan_leaf","hatchback","2014","97354","km","68.3","percent","rough","2026-05-18T19:57:49Z","2026-05-18T21:57:49Z","2026-05-18T23:32:49Z"
"SRC1EB62AF1FC4A818B","vehicle_assessment","BAT0EFEC9A5D5DA","1.0","SYNVEH10806999163","REQ0F7B7D92830D051C","2026-05-19T04:48:38Z","2026-05-19T06:18:38Z","ASM032B2CF3A6AAFFE1","1","usable","method_current","tesla_model_3","sedan","2015","97491","mi","66.5","percent","clean","2026-05-19T02:43:38Z","2026-05-19T04:43:38Z","2026-05-19T05:18:38Z"
"SRC64663FD3069249CE","vehicle_assessment","BAT0EFEC9A5D5DA","1.0","SYNVEH75403225487","REQBF7115368BB74E28","2026-05-19T11:34:27Z","2026-05-19T12:04:27Z","ASM86FBF8DB557779F2","1","usable","method_current","tesla_model_y","crossover","2016","97628","km","68.5","percent","average","2026-05-19T09:29:27Z","2026-05-19T11:29:27Z","2026-05-19T13:04:27Z"
"SRC8DBDF5F20FD04FC8","vehicle_assessment","BAT0EFEC9A5D5DA","1.0","SYNVEH16363139488","REQB3D96D6F2059E252","2026-05-19T18:20:16Z","2026-05-19T19:50:16Z","ASMBA2C8195065A110C","1","usable","method_current","hyundai_ioniq_5","crossover","2017","97765","mi","69.8","percent","rough","2026-05-19T16:15:16Z","2026-05-19T18:15:16Z","2026-05-19T18:50:16Z"
"SRC976941C596105033","vehicle_assessment","BAT0EFEC9A5D5DA","1.0","SYNVEH37914072433","REQD4AFE1BA63A89DCC","2026-05-20T01:06:05Z","2026-05-20T01:36:05Z","ASM625BC40908077161","1","usable","method_current","ford_mustang_mach_e","crossover","2018","97902","km","62.4","percent","clean","2026-05-19T23:01:05Z","2026-05-20T01:01:05Z","2026-05-20T02:36:05Z"
"SRCD97F93A70B3BEE73","vehicle_assessment","BAT0EFEC9A5D5DA","1.0","SYNVEH56956555210","REQ101500B2B58FFBF4","2026-05-20T07:51:54Z","2026-05-20T09:21:54Z","ASM8EF77478BFB9725A","1","usable","method_current","ford_f150_lightning","pickup","2012","98039","mi","60.3","percent","average","2026-05-20T05:46:54Z","2026-05-20T07:46:54Z","2026-05-20T08:21:54Z"
"SRC41155ECBD277F99E","vehicle_assessment","BAT0EFEC9A5D5DA","1.0","SYNVEH64032883735","REQA7782A6CAF5A91AE","2026-05-20T14:37:43Z","2026-05-20T15:07:43Z","ASM1D721867F5D07B05","1","usable","method_current","chevrolet_bolt_ev","hatchback","2013","98176","km","61.9","percent","rough","2026-05-20T12:32:43Z","2026-05-20T14:32:43Z","2026-05-20T16:07:43Z"
"SRC3BD8DD504F6F7176","vehicle_assessment","BAT0EFEC9A5D5DA","1.0","SYNVEH15183875192","REQ6E7B4DCF70245819","2026-05-20T21:23:32Z","2026-05-20T22:53:32Z","ASM38C42755941E10FD","1","usable","method_current","nissan_leaf","hatchback","2014","98313","mi","59.4","percent","clean","2026-05-20T19:18:32Z","2026-05-20T21:18:32Z","2026-05-20T21:53:32Z"
"SRC476DE6F38FCD2D9F","vehicle_assessment","BAT0EFEC9A5D5DA","1.0","SYNVEH72069358607","REQ0900D1AC673CADCC","2026-05-21T04:09:21Z","2026-05-21T04:39:21Z","ASM30C8CA5510BD4F8B","1","usable","method_current","tesla_model_3","sedan","2015","98450","km","71.9","percent","average","2026-05-21T02:04:21Z","2026-05-21T04:04:21Z","2026-05-21T05:39:21Z"
"SRCFD7AF66FC1591739","vehicle_assessment","BAT0EFEC9A5D5DA","1.0","SYNVEH13334914722","REQ939E3200F4D69D2E","2026-05-21T10:55:10Z","2026-05-21T12:25:10Z","ASMBB2D82CF545CAE36","1","usable","method_current","tesla_model_y","crossover","2016","98587","mi","65.0","percent","rough","2026-05-21T08:50:10Z","2026-05-21T10:50:10Z","2026-05-21T11:25:10Z"
"SRCC5B9E8345435B28F","vehicle_assessment","BAT0EFEC9A5D5DA","1.0","SYNVEH84271930923","REQCA2D9DA73ED47527","2026-05-21T17:41:00Z","2026-05-21T18:11:00Z","ASM19E477307AA8ADF6","1","usable","method_current","hyundai_ioniq_5","crossover","2017","98724","km","71.8","percent","clean","2026-05-21T15:36:00Z","2026-05-21T17:36:00Z","2026-05-21T19:11:00Z"
"SRC8D0E3DE6E239FEBD","vehicle_assessment","BAT0EFEC9A5D5DA","1.0","SYNVEH30371248303","REQBC0985EB808D4FA8","2026-05-22T00:26:49Z","2026-05-22T01:56:49Z","ASM8B1E2BE25CF84F6C","1","usable","method_current","ford_mustang_mach_e","crossover","2018","98861","mi","71.4","percent","average","2026-05-21T22:21:49Z","2026-05-22T00:21:49Z","2026-05-22T00:56:49Z"
"SRCD1C847E53C117F7D","vehicle_assessment","BAT0EFEC9A5D5DA","1.0","SYNVEH41830934329","REQ2A40B32BCFDEEFC0","2026-05-22T07:12:38Z","2026-05-22T07:42:38Z","ASM4BBE070F1CA7F131","1","usable","method_current","ford_f150_lightning","pickup","2012","98998","km","68.5","percent","rough","2026-05-22T05:07:38Z","2026-05-22T07:07:38Z","2026-05-22T08:42:38Z"
"SRC0FB1CF6244D433DE","vehicle_assessment","BAT0EFEC9A5D5DA","1.0","SYNVEH35064092823","REQ1CBBE78558B4CB3D","2026-05-22T13:58:27Z","2026-05-22T15:28:27Z","ASMB878766262573C91","1","usable","method_current","chevrolet_bolt_ev","hatchback","2013","99135","mi","68.7","percent","clean","2026-05-22T11:53:27Z","2026-05-22T13:53:27Z","2026-05-22T14:28:27Z"
"SRCEEB720ECCEA1892A","vehicle_assessment","BAT0EFEC9A5D5DA","1.0","SYNVEH01282077881","REQC8A1F26A4D81F5E2","2026-05-22T20:44:16Z","2026-05-22T21:14:16Z","ASM3D87FA9B95491868","1","usable","method_current","nissan_leaf","hatchback","2014","99272","km","61.3","percent","average","2026-05-22T18:39:16Z","2026-05-22T20:39:16Z","2026-05-22T22:14:16Z"
"SRC82DEB680E8DCC75E","vehicle_assessment","BAT0EFEC9A5D5DA","1.0","SYNVEH44782127530","REQF28EB49C8BEFD70D","2026-05-23T03:30:05Z","2026-05-23T05:00:05Z","ASM5E5234231754EC0E","1","usable","method_current","tesla_model_3","sedan","2015","99409","mi","71.1","percent","rough","2026-05-23T01:25:05Z","2026-05-23T03:25:05Z","2026-05-23T04:00:05Z"
"SRC1BC65655A69B4BA8","vehicle_assessment","BAT0EFEC9A5D5DA","1.0","SYNVEH89240792397","REQD3F60B36EAEDCE39","2026-05-23T10:15:54Z","2026-05-23T10:45:54Z","ASM6E740DBF582E13A3","1","usable","method_current","tesla_model_y","crossover","2016","99546","km","60.0","percent","clean","2026-05-23T08:10:54Z","2026-05-23T10:10:54Z","2026-05-23T11:45:54Z"
"SRC1CD37DDAF400E089","vehicle_assessment","BAT0EFEC9A5D5DA","1.0","SYNVEH11435056309","REQ9A54F150352EDB59","2026-05-23T17:01:43Z","2026-05-23T18:31:43Z","ASM7DBCB93CDEF54717","1","usable","method_current","hyundai_ioniq_5","crossover","2017","99683","mi","70.1","percent","average","2026-05-23T14:56:43Z","2026-05-23T16:56:43Z","2026-05-23T17:31:43Z"
"SRCA0FB299AB59F471F","vehicle_assessment","BAT0EFEC9A5D5DA","1.0","SYNVEH80938051535","REQED2F094F1B81D8D0","2026-05-23T23:47:32Z","2026-05-24T00:17:32Z","ASM1A2E2D35ABFD77F9","1","usable","method_current","ford_mustang_mach_e","crossover","2018","99820","km","68.1","percent","rough","2026-05-23T21:42:32Z","2026-05-23T23:42:32Z","2026-05-24T01:17:32Z"
"SRC27EEAEDE617C0AF5","vehicle_assessment","BAT0EFEC9A5D5DA","1.0","SYNVEH02490575522","REQEED5E75A4DA77D61","2026-05-24T06:33:21Z","2026-05-24T08:03:21Z","ASM0DC538E35F4997DB","1","usable","method_current","ford_f150_lightning","pickup","2012","99957","mi","59.6","percent","clean","2026-05-24T04:28:21Z","2026-05-24T06:28:21Z","2026-05-24T07:03:21Z"
"SRC58520CB8C5DABCA5","vehicle_assessment","BAT0EFEC9A5D5DA","1.0","SYNVEH37880579815","REQ8DBAD831012B0AB1","2026-05-24T13:19:10Z","2026-05-24T13:49:10Z","ASM28DCEE7893DCA935","1","usable","method_current","chevrolet_bolt_ev","hatchback","2013","100094","km","59.3","percent","average","2026-05-24T11:14:10Z","2026-05-24T13:14:10Z","2026-05-24T14:49:10Z"
"SRC7077D55E61C46565","vehicle_assessment","BAT0EFEC9A5D5DA","1.0","SYNVEH12589491952","REQD067118A6F41B4A2","2026-05-24T20:05:00Z","2026-05-24T21:35:00Z","ASM438AD64115BAC6A0","1","usable","method_current","nissan_leaf","hatchback","2014","100231","mi","68.7","percent","rough","2026-05-24T18:00:00Z","2026-05-24T20:00:00Z","2026-05-24T20:35:00Z"
"SRC065ABC150546E597","vehicle_assessment","BAT0EFEC9A5D5DA","1.0","SYNVEH39957616274","REQ39531C6612E7EF80","2026-05-25T02:50:49Z","2026-05-25T03:20:49Z","ASMC694BF70664A1EE8","1","usable","method_current","tesla_model_3","sedan","2015","100368","km","65.7","percent","clean","2026-05-25T00:45:49Z","2026-05-25T02:45:49Z","2026-05-25T04:20:49Z"
"SRC2EA768FEABAED420","vehicle_assessment","BAT0EFEC9A5D5DA","1.0","SYNVEH54672236367","REQD5102613506AFB18","2026-05-25T09:36:38Z","2026-05-25T11:06:38Z","ASM27F95A6AFA433874","1","usable","method_current","tesla_model_y","crossover","2016","100505","mi","63.1","percent","average","2026-05-25T07:31:38Z","2026-05-25T09:31:38Z","2026-05-25T10:06:38Z"
"SRCBA157B629A2E2044","vehicle_assessment","BAT0EFEC9A5D5DA","1.0","SYNVEH00949076713","REQDA0479A3A3B58C50","2026-05-25T16:22:27Z","2026-05-25T16:52:27Z","ASM553E1A44BD96DE01","1","usable","method_current","hyundai_ioniq_5","crossover","2017","100642","km","68.2","percent","rough","2026-05-25T14:17:27Z","2026-05-25T16:17:27Z","2026-05-25T17:52:27Z"
"SRC163985582ECDEB5D","vehicle_assessment","BAT0EFEC9A5D5DA","1.0","SYNVEH45280038510","REQE61025B322B0D7F2","2026-05-25T23:08:16Z","2026-05-26T00:38:16Z","ASM54EA8D08CF82408D","1","usable","method_current","ford_mustang_mach_e","crossover","2018","100779","mi","65.3","percent","clean","2026-05-25T21:03:16Z","2026-05-25T23:03:16Z","2026-05-25T23:38:16Z"
"SRCB55F18481237C98C","vehicle_assessment","BAT0EFEC9A5D5DA","1.0","SYNVEH07647262397","REQD10A50A108AC61CE","2026-05-26T05:54:05Z","2026-05-26T06:24:05Z","ASMD57F7EC7019807C0","1","usable","method_current","ford_f150_lightning","pickup","2012","100916","km","67.6","percent","average","2026-05-26T03:49:05Z","2026-05-26T05:49:05Z","2026-05-26T07:24:05Z"
"SRC70969C988715F4FD","vehicle_assessment","BAT0EFEC9A5D5DA","1.0","SYNVEH08957259698","REQ5F03B924336C66E0","2026-05-26T12:39:54Z","2026-05-26T14:09:54Z","ASM156909779E3694D2","1","usable","method_current","chevrolet_bolt_ev","hatchback","2013","101053","mi","61.1","percent","rough","2026-05-26T10:34:54Z","2026-05-26T12:34:54Z","2026-05-26T13:09:54Z"
"SRCD9CADCF55AF4A7B0","vehicle_assessment","BAT0EFEC9A5D5DA","1.0","SYNVEH25377858974","REQ09FD2CAB83A69DE7","2026-05-26T19:25:43Z","2026-05-26T19:55:43Z","ASMC905C22D8F550BE5","1","usable","method_current","nissan_leaf","hatchback","2014","101190","km","58.7","percent","clean","2026-05-26T17:20:43Z","2026-05-26T19:20:43Z","2026-05-26T20:55:43Z"
"SRC4855C4021F50CFBD","vehicle_assessment","BAT0EFEC9A5D5DA","1.0","SYNVEH67818072246","REQ22C850F182F62AD5","2026-05-27T02:11:32Z","2026-05-27T03:41:32Z","ASM35EB5A2605718924","1","usable","method_current","tesla_model_3","sedan","2015","101327","mi","60.7","percent","average","2026-05-27T00:06:32Z","2026-05-27T02:06:32Z","2026-05-27T02:41:32Z"
"SRC7B8FFAC1B81C8F65","vehicle_assessment","BAT0EFEC9A5D5DA","1.0","SYNVEH26061679096","REQ166EE09675FF9C17","2026-05-27T08:57:21Z","2026-05-27T09:27:21Z","ASM9AD035A7DB28629F","1","usable","method_current","tesla_model_y","crossover","2016","101464","km","64.3","percent","rough","2026-05-27T06:52:21Z","2026-05-27T08:52:21Z","2026-05-27T10:27:21Z"
"SRC724EB95E3F68C351","vehicle_assessment","BAT0EFEC9A5D5DA","1.0","SYNVEH65719307648","REQ6FFFC5AB8B8501AC","2026-05-27T15:43:10Z","2026-05-27T17:13:10Z","ASM83FA5DA59C802EBF","1","usable","method_current","hyundai_ioniq_5","crossover","2017","101601","mi","60.8","percent","clean","2026-05-27T13:38:10Z","2026-05-27T15:38:10Z","2026-05-27T16:13:10Z"
"SRCE95C1D0D1B8D905B","vehicle_assessment","BAT0EFEC9A5D5DA","1.0","SYNVEH67387899765","REQ1EEEF7A53CB45847","2026-05-27T22:29:00Z","2026-05-27T22:59:00Z","ASM8270FFB70AED510E","1","usable","method_current","ford_mustang_mach_e","crossover","2018","101738","km","68.4","percent","average","2026-05-27T20:24:00Z","2026-05-27T22:24:00Z","2026-05-27T23:59:00Z"
"SRCF33E4F7BE3A8F0AC","vehicle_assessment","BAT0EFEC9A5D5DA","1.0","SYNVEH22344887415","REQ5F5EA6AD7A1C0717","2026-05-28T05:14:49Z","2026-05-28T06:44:49Z","ASMCFFCF1C54A0EAA82","1","usable","method_current","ford_f150_lightning","pickup","2012","101875","mi","68.7","percent","rough","2026-05-28T03:09:49Z","2026-05-28T05:09:49Z","2026-05-28T05:44:49Z"
"SRCE336AEA811F4CC04","vehicle_assessment","BAT0EFEC9A5D5DA","1.0","SYNVEH18675119091","REQ23521DA61F75643F","2026-05-28T12:00:38Z","2026-05-28T12:30:38Z","ASM8F65E61486032F77","1","usable","method_current","chevrolet_bolt_ev","hatchback","2013","102012","km","63.4","percent","clean","2026-05-28T09:55:38Z","2026-05-28T11:55:38Z","2026-05-28T13:30:38Z"
"SRC5DFCC92B59804E2A","vehicle_assessment","BAT0EFEC9A5D5DA","1.0","SYNVEH65668207955","REQ78460346D6A9FCB8","2026-05-28T18:46:27Z","2026-05-28T20:16:27Z","ASM21CE02A1A53EE21F","1","usable","method_current","nissan_leaf","hatchback","2014","102149","mi","64.5","percent","average","2026-05-28T16:41:27Z","2026-05-28T18:41:27Z","2026-05-28T19:16:27Z"
"SRC59D7B17A3F0F8227","vehicle_assessment","BAT0EFEC9A5D5DA","1.0","SYNVEH02392738595","REQB979901FE8355740","2026-05-29T01:32:16Z","2026-05-29T02:02:16Z","ASM32210659C42123AE","1","usable","method_current","tesla_model_3","sedan","2015","102286","km","71.8","percent","rough","2026-05-28T23:27:16Z","2026-05-29T01:27:16Z","2026-05-29T03:02:16Z"
"SRC6BAEED770EA5617F","vehicle_assessment","BAT0EFEC9A5D5DA","1.0","SYNVEH77105474173","REQF2B5CE9CD12FCAE6","2026-05-29T08:18:05Z","2026-05-29T09:48:05Z","ASM9F03CA7674A19D61","1","usable","method_current","tesla_model_y","crossover","2016","102423","mi","58.2","percent","clean","2026-05-29T06:13:05Z","2026-05-29T08:13:05Z","2026-05-29T08:48:05Z"
"SRCC14FF3DDBC37A95D","vehicle_assessment","BAT0EFEC9A5D5DA","1.0","SYNVEH24682896119","REQD4413C0062432F01","2026-05-29T15:03:54Z","2026-05-29T15:33:54Z","ASMA65950AFC845F60E","1","usable","method_current","hyundai_ioniq_5","crossover","2017","102560","km","63.1","percent","average","2026-05-29T12:58:54Z","2026-05-29T14:58:54Z","2026-05-29T16:33:54Z"
"SRCC5B83CD2AF214073","vehicle_assessment","BAT0EFEC9A5D5DA","1.0","SYNVEH47854879617","REQD68A06552D2E6AA7","2026-05-29T21:49:43Z","2026-05-29T23:19:43Z","ASM6304896888E71CFA","1","usable","method_current","ford_mustang_mach_e","crossover","2018","102697","mi","72.4","percent","rough","2026-05-29T19:44:43Z","2026-05-29T21:44:43Z","2026-05-29T22:19:43Z"
"SRC53D1A0EDA8ECDE32","vehicle_assessment","BAT0EFEC9A5D5DA","1.0","SYNVEH54499643452","REQ24C13AAB2BC9CBAD","2026-05-30T04:35:32Z","2026-05-30T05:05:32Z","ASM110E200163601896","1","usable","method_current","ford_f150_lightning","pickup","2012","102834","km","67.0","percent","clean","2026-05-30T02:30:32Z","2026-05-30T04:30:32Z","2026-05-30T06:05:32Z"
"SRCFD5412BC0BA435A5","vehicle_assessment","BAT0EFEC9A5D5DA","1.0","SYNVEH47093572991","REQB726448313BD895D","2026-05-30T11:21:21Z","2026-05-30T12:51:21Z","ASMF3D3CA7E413C5317","1","usable","method_current","chevrolet_bolt_ev","hatchback","2013","102971","mi","69.1","percent","average","2026-05-30T09:16:21Z","2026-05-30T11:16:21Z","2026-05-30T11:51:21Z"
"SRCEF6B0CFB3BA4A3AF","vehicle_assessment","BAT0EFEC9A5D5DA","1.0","SYNVEH77541577523","REQB7841A1F39C5414F","2026-05-30T18:07:10Z","2026-05-30T18:37:10Z","ASMC976A96FEC12CBD6","1","usable","method_current","nissan_leaf","hatchback","2014","103108","km","58.8","percent","rough","2026-05-30T16:02:10Z","2026-05-30T18:02:10Z","2026-05-30T19:37:10Z"
"SRC653DEB7670B12718","vehicle_assessment","BAT0EFEC9A5D5DA","1.0","SYNVEH76567357004","REQCDCFBA0B95C3D24F","2026-05-31T00:53:00Z","2026-05-31T02:23:00Z","ASMA5EE208832826D53","1","usable","method_current","tesla_model_3","sedan","2015","103245","mi","70.3","percent","clean","2026-05-30T22:48:00Z","2026-05-31T00:48:00Z","2026-05-31T01:23:00Z"
"SRC50E8888D3CE0B73D","vehicle_assessment","BAT0EFEC9A5D5DA","1.0","SYNVEH82359752875","REQ3A7577870FC58FED","2026-05-31T07:38:49Z","2026-05-31T08:08:49Z","ASM196488097C941703","1","usable","method_current","tesla_model_y","crossover","2016","103382","km","60.1","percent","average","2026-05-31T05:33:49Z","2026-05-31T07:33:49Z","2026-05-31T09:08:49Z"
"SRC2F77B778DC37B6CC","vehicle_assessment","BAT0EFEC9A5D5DA","1.0","SYNVEH67829208871","REQ9AFE5361C4F7B967","2026-05-31T14:24:38Z","2026-05-31T15:54:38Z","ASM0FE054B7AF7C5960","1","usable","method_current","hyundai_ioniq_5","crossover","2017","103519","mi","62.6","percent","rough","2026-05-31T12:19:38Z","2026-05-31T14:19:38Z","2026-05-31T14:54:38Z"
"SRC424514C8D0CED7ED","vehicle_assessment","BAT0EFEC9A5D5DA","1.0","SYNVEH11069356399","REQB43A616BC3658937","2026-05-31T21:10:27Z","2026-05-31T21:40:27Z","ASM4A44B37CE32F083D","1","usable","method_current","ford_mustang_mach_e","crossover","2018","103656","km","71.0","percent","clean","2026-05-31T19:05:27Z","2026-05-31T21:05:27Z","2026-05-31T22:40:27Z"
"SRC4BFEA89BB76C98AE","vehicle_assessment","BAT0EFEC9A5D5DA","1.0","SYNVEH34481160092","REQ83A31BFD0EF1F9FC","2026-06-01T03:56:16Z","2026-06-01T05:26:16Z","ASM80AA823EC9044639","1","usable","method_current","ford_f150_lightning","pickup","2012","103793","mi","58.9","percent","average","2026-06-01T01:51:16Z","2026-06-01T03:51:16Z","2026-06-01T04:26:16Z"
"SRC41860C3D10336D43","vehicle_assessment","BAT0EFEC9A5D5DA","1.0","SYNVEH51734727007","REQF8118B322C916392","2026-06-01T10:42:05Z","2026-06-01T11:12:05Z","ASME93292DE3D64F877","1","usable","method_current","chevrolet_bolt_ev","hatchback","2013","103930","km","64.3","percent","rough","2026-06-01T08:37:05Z","2026-06-01T10:37:05Z","2026-06-01T12:12:05Z"
"SRC14EC7EE53E18BC07","vehicle_assessment","BAT0EFEC9A5D5DA","1.0","SYNVEH17091329425","REQ851E4B672705BEBF","2026-06-01T17:21:21Z","2026-06-01T18:51:21Z","ASM148495A961F22DA4","1","usable","method_current","nissan_leaf","hatchback","2014","104067","mi","65.5","percent","clean","2026-06-01T15:16:21Z","2026-06-01T17:16:21Z","2026-06-01T17:51:21Z"
"SRC173BD742365414E4","vehicle_assessment","BAT0EFEC9A5D5DA","1.0","SYNVEH50317047651","REQF47C8D1F33823283","2026-06-01T23:54:05Z","2026-06-02T00:24:05Z","ASM57909D447862AEFE","1","usable","method_current","tesla_model_3","sedan","2015","104204","km","65.3","percent","average","2026-06-01T21:49:05Z","2026-06-01T23:49:05Z","2026-06-02T01:24:05Z"
"SRCD6836DFEF871F5C0","vehicle_assessment","BAT0EFEC9A5D5DA","1.0","SYNVEH78749072704","REQ28CC9BB3DE379A05","2026-06-02T06:26:49Z","2026-06-02T07:56:49Z","ASM5DFD296BFAF7FE38","1","usable","method_current","tesla_model_y","crossover","2016","104341","mi","67.0","percent","rough","2026-06-02T04:21:49Z","2026-06-02T06:21:49Z","2026-06-02T06:56:49Z"
"SRC84C8AF9618A878C9","vehicle_assessment","BAT0EFEC9A5D5DA","1.0","SYNVEH86333632777","REQ249A733A67E7BBB8","2026-06-02T12:59:32Z","2026-06-02T13:29:32Z","ASMC3A4DACA761399FB","1","usable","method_current","hyundai_ioniq_5","crossover","2017","104478","km","70.5","percent","clean","2026-06-02T10:54:32Z","2026-06-02T12:54:32Z","2026-06-02T14:29:32Z"
"SRC7380B37463C6F6B1","vehicle_assessment","BAT0EFEC9A5D5DA","1.0","SYNVEH91253281098","REQ46CF6398A35B0B25","2026-06-02T19:32:16Z","2026-06-02T21:02:16Z","ASMCD5317F110983315","1","usable","method_current","ford_mustang_mach_e","crossover","2018","104615","mi","64.5","percent","average","2026-06-02T17:27:16Z","2026-06-02T19:27:16Z","2026-06-02T20:02:16Z"
"SRC1452C36AD4DB5C3B","vehicle_assessment","BAT0EFEC9A5D5DA","1.0","SYNVEH01479204968","REQ4A1BCC3B74DFDAB3","2026-06-03T02:05:00Z","2026-06-03T02:35:00Z","ASM76F8973B41EBB4C1","1","usable","method_current","ford_f150_lightning","pickup","2012","104752","km","66.1","percent","rough","2026-06-03T00:00:00Z","2026-06-03T02:00:00Z","2026-06-03T03:35:00Z"
"SRC83314AA04CC0A2BA","vehicle_assessment","BAT0EFEC9A5D5DA","1.0","SYNVEH89666966124","REQ85F8CF5C7C35FBDB","2026-06-03T08:37:43Z","2026-06-03T10:07:43Z","ASM140E63C32543E613","1","usable","method_current","chevrolet_bolt_ev","hatchback","2013","104889","mi","61.1","percent","clean","2026-06-03T06:32:43Z","2026-06-03T08:32:43Z","2026-06-03T09:07:43Z"
"SRCC752719B9A586F9E","vehicle_assessment","BAT0EFEC9A5D5DA","1.0","SYNVEH42493315932","REQ14A0354655BC723C","2026-06-03T15:10:27Z","2026-06-03T15:40:27Z","ASMBA66DEC2C2C354BD","1","usable","method_current","nissan_leaf","hatchback","2014","105026","km","67.9","percent","average","2026-06-03T13:05:27Z","2026-06-03T15:05:27Z","2026-06-03T16:40:27Z"
"SRC55C9283989E6D422","vehicle_assessment","BAT0EFEC9A5D5DA","1.0","SYNVEH81281311611","REQF490F802ED05C636","2026-06-03T21:43:10Z","2026-06-03T23:13:10Z","ASMCD6F67E60734C7B5","1","usable","method_current","tesla_model_3","sedan","2015","105163","mi","71.7","percent","rough","2026-06-03T19:38:10Z","2026-06-03T21:38:10Z","2026-06-03T22:13:10Z"
"SRCE420CA7A2FC3EDA8","vehicle_assessment","BAT0EFEC9A5D5DA","1.0","SYNVEH27728809309","REQED6C34A5B575B29C","2026-06-04T04:15:54Z","2026-06-04T04:45:54Z","ASM7EE28114686AC3DF","1","usable","method_current","tesla_model_y","crossover","2016","105300","km","71.7","percent","clean","2026-06-04T02:10:54Z","2026-06-04T04:10:54Z","2026-06-04T05:45:54Z"
"SRC97ED17028C6B235E","vehicle_assessment","BAT0EFEC9A5D5DA","1.0","SYNVEH39558397957","REQD21DEA4E53E14761","2026-06-04T10:48:38Z","2026-06-04T12:18:38Z","ASMF835E9C0BFD4FE34","1","usable","method_current","hyundai_ioniq_5","crossover","2017","105437","mi","62.7","percent","average","2026-06-04T08:43:38Z","2026-06-04T10:43:38Z","2026-06-04T11:18:38Z"
"SRCF7ECFA0375820D82","vehicle_assessment","BAT0EFEC9A5D5DA","1.0","SYNVEH08847833390","REQ3FA45E50BE1997C6","2026-06-04T17:21:21Z","2026-06-04T17:51:21Z","ASME1135A5869099905","1","usable","method_current","ford_mustang_mach_e","crossover","2018","105574","km","66.1","percent","rough","2026-06-04T15:16:21Z","2026-06-04T17:16:21Z","2026-06-04T18:51:21Z"
"SRC298A4C2D9D90FC5B","vehicle_assessment","BAT0EFEC9A5D5DA","1.0","SYNVEH25319372632","REQBF90ED36ED505583","2026-06-04T23:54:05Z","2026-06-05T01:24:05Z","ASMD43EF6D095FFDBF0","1","usable","method_current","ford_f150_lightning","pickup","2012","105711","mi","58.4","percent","clean","2026-06-04T21:49:05Z","2026-06-04T23:49:05Z","2026-06-05T00:24:05Z"
"SRC263C9919336960E5","vehicle_assessment","BAT0EFEC9A5D5DA","1.0","SYNVEH38594909431","REQFA609CA42C478A81","2026-06-05T06:26:49Z","2026-06-05T06:56:49Z","ASM16358EB99B978245","1","usable","method_current","chevrolet_bolt_ev","hatchback","2013","105848","km","64.1","percent","average","2026-06-05T04:21:49Z","2026-06-05T06:21:49Z","2026-06-05T07:56:49Z"
"SRCCE8806613DCE2AFE","vehicle_assessment","BAT0EFEC9A5D5DA","1.0","SYNVEH36889788208","REQ9B942174508D4331","2026-06-05T12:59:32Z","2026-06-05T14:29:32Z","ASM0F3000AF57A905AB","1","usable","method_current","nissan_leaf","hatchback","2014","105985","mi","58.1","percent","rough","2026-06-05T10:54:32Z","2026-06-05T12:54:32Z","2026-06-05T13:29:32Z"
"SRC36EF5D4FCA9AD6C3","vehicle_assessment","BAT0EFEC9A5D5DA","1.0","SYNVEH21340172219","REQAC40CD82B305EAFE","2026-06-05T19:32:16Z","2026-06-05T20:02:16Z","ASM7D3B4BDD5750E0FC","1","usable","method_current","tesla_model_3","sedan","2015","106122","km","57.7","percent","clean","2026-06-05T17:27:16Z","2026-06-05T19:27:16Z","2026-06-05T21:02:16Z"
"SRC7D7B0B60698D66E0","vehicle_assessment","BAT0EFEC9A5D5DA","1.0","SYNVEH69992030940","REQC5BE0D3BFBE050BE","2026-06-06T02:05:00Z","2026-06-06T03:35:00Z","ASM7DC7B7A67A5CB20A","1","usable","method_current","tesla_model_y","crossover","2016","106259","mi","71.1","percent","average","2026-06-06T00:00:00Z","2026-06-06T02:00:00Z","2026-06-06T02:35:00Z"
"SRC7045A5D8EA9ABC95","vehicle_assessment","BAT0EFEC9A5D5DA","1.0","SYNVEH99104573063","REQ5E1EE830F502CF65","2026-06-06T08:37:43Z","2026-06-06T09:07:43Z","ASM230655909E7AF556","1","usable","method_current","hyundai_ioniq_5","crossover","2017","106396","km","59.7","percent","rough","2026-06-06T06:32:43Z","2026-06-06T08:32:43Z","2026-06-06T10:07:43Z"
"SRC1F0ACB17996BD7E7","vehicle_assessment","BAT0EFEC9A5D5DA","1.0","SYNVEH88364658526","REQE929516A1FBA46AC","2026-06-06T15:10:27Z","2026-06-06T16:40:27Z","ASM766305BDE817B94C","1","usable","method_current","ford_mustang_mach_e","crossover","2018","106533","mi","61.3","percent","clean","2026-06-06T13:05:27Z","2026-06-06T15:05:27Z","2026-06-06T15:40:27Z"
"SRC5C5B42187C72FEF5","vehicle_assessment","BAT0EFEC9A5D5DA","1.0","SYNVEH47509914177","REQF259BE4BB1D66A76","2026-06-06T21:43:10Z","2026-06-06T22:13:10Z","ASM233D089EFFAB5EE9","1","usable","method_current","ford_f150_lightning","pickup","2012","106670","km","66.6","percent","average","2026-06-06T19:38:10Z","2026-06-06T21:38:10Z","2026-06-06T23:13:10Z"
"SRC629BD9A2FD3C0560","vehicle_assessment","BAT0EFEC9A5D5DA","1.0","SYNVEH66406165318","REQ4274F43E9F33081E","2026-06-07T04:15:54Z","2026-06-07T05:45:54Z","ASMCD287C02F3D8375A","1","usable","method_current","chevrolet_bolt_ev","hatchback","2013","106807","mi","69.7","percent","rough","2026-06-07T02:10:54Z","2026-06-07T04:10:54Z","2026-06-07T04:45:54Z"
"SRCB83F526BABFB4A18","vehicle_assessment","BAT0EFEC9A5D5DA","1.0","SYNVEH92637510789","REQ187E48901FD7DE57","2026-06-07T10:48:38Z","2026-06-07T11:18:38Z","ASM65630FDAD12492ED","1","usable","method_current","nissan_leaf","hatchback","2014","106944","km","70.0","percent","clean","2026-06-07T08:43:38Z","2026-06-07T10:43:38Z","2026-06-07T12:18:38Z"
"SRCCA2F73CBA71A4267","vehicle_assessment","BAT0EFEC9A5D5DA","1.0","SYNVEH70465673149","REQD2A4337CEF38B0ED","2026-06-07T17:21:21Z","2026-06-07T18:51:21Z","ASMD170064474D39821","1","usable","method_current","tesla_model_3","sedan","2015","107081","mi","62.2","percent","average","2026-06-07T15:16:21Z","2026-06-07T17:16:21Z","2026-06-07T17:51:21Z"
"SRC21A6360CBBEBD569","vehicle_assessment","BAT0EFEC9A5D5DA","1.0","SYNVEH27755345075","REQB0FE98DD18FAF8AD","2026-06-07T23:54:05Z","2026-06-08T00:24:05Z","ASMDFE56AC642FE44B2","1","usable","method_current","tesla_model_y","crossover","2016","107218","km","62.9","percent","rough","2026-06-07T21:49:05Z","2026-06-07T23:49:05Z","2026-06-08T01:24:05Z"
"SRCE52D351E62972AF4","vehicle_assessment","BAT0EFEC9A5D5DA","1.0","SYNVEH06170563107","REQ45C507116ADD0F4C","2026-06-08T06:26:49Z","2026-06-08T07:56:49Z","ASM790E2D19715E892D","1","usable","method_current","hyundai_ioniq_5","crossover","2017","107355","mi","71.1","percent","clean","2026-06-08T04:21:49Z","2026-06-08T06:21:49Z","2026-06-08T06:56:49Z"
"SRC6ED4E78CC137D8D0","vehicle_assessment","BAT0EFEC9A5D5DA","1.0","SYNVEH46126343878","REQE574AA6CC0450B9B","2026-06-08T12:59:32Z","2026-06-08T13:29:32Z","ASM5079469F6EC12D8F","1","usable","method_current","ford_mustang_mach_e","crossover","2018","107492","km","61.8","percent","average","2026-06-08T10:54:32Z","2026-06-08T12:54:32Z","2026-06-08T14:29:32Z"
"SRC549ABC36FF25DCD4","vehicle_assessment","BAT0EFEC9A5D5DA","1.0","SYNVEH03915789454","REQF5A6AA9643CC551F","2026-06-08T19:32:16Z","2026-06-08T21:02:16Z","ASME295DAAE1BC3BD36","1","usable","method_current","ford_f150_lightning","pickup","2012","107629","mi","58.5","percent","rough","2026-06-08T17:27:16Z","2026-06-08T19:27:16Z","2026-06-08T20:02:16Z"
"SRCF7FACD0A571E7EBC","vehicle_assessment","BAT0EFEC9A5D5DA","1.0","SYNVEH81794955756","REQ9F13A39720C20FC8","2026-06-09T02:05:00Z","2026-06-09T02:35:00Z","ASMF3013599CEE90692","1","usable","method_current","chevrolet_bolt_ev","hatchback","2013","107766","km","67.6","percent","clean","2026-06-09T00:00:00Z","2026-06-09T02:00:00Z","2026-06-09T03:35:00Z"
"SRC44F6F9DB7AD97EA9","vehicle_assessment","BAT0EFEC9A5D5DA","1.0","SYNVEH02534633997","REQAC2A44F1BFA5B10A","2026-06-09T08:37:43Z","2026-06-09T10:07:43Z","ASM6C1B1D7B88DB2676","1","usable","method_current","nissan_leaf","hatchback","2014","107903","mi","66.0","percent","average","2026-06-09T06:32:43Z","2026-06-09T08:32:43Z","2026-06-09T09:07:43Z"
"SRC431C134284B18836","vehicle_assessment","BAT0EFEC9A5D5DA","1.0","SYNVEH95975224941","REQ94080B33FC57BBB5","2026-06-09T15:10:27Z","2026-06-09T15:40:27Z","ASMAF9925FAC3009CD7","1","usable","method_current","tesla_model_3","sedan","2015","108040","km","69.2","percent","rough","2026-06-09T13:05:27Z","2026-06-09T15:05:27Z","2026-06-09T16:40:27Z"
"SRCA3F93657C4248A47","vehicle_assessment","BAT0EFEC9A5D5DA","1.0","SYNVEH89745516709","REQ80D3D3BDE6524446","2026-06-09T21:43:10Z","2026-06-09T23:13:10Z","ASM372FBE91068168FC","1","usable","method_current","tesla_model_y","crossover","2016","108177","mi","64.8","percent","clean","2026-06-09T19:38:10Z","2026-06-09T21:38:10Z","2026-06-09T22:13:10Z"
"SRC8E43452A8E9F279C","vehicle_assessment","BAT0EFEC9A5D5DA","1.0","SYNVEH32347461329","REQ877E84CDE8329FAE","2026-06-10T04:15:54Z","2026-06-10T04:45:54Z","ASME384698A6A4B61EA","1","usable","method_current","hyundai_ioniq_5","crossover","2017","108314","km","68.4","percent","average","2026-06-10T02:10:54Z","2026-06-10T04:10:54Z","2026-06-10T05:45:54Z"
"SRC3A083B73A087E084","vehicle_assessment","BAT0EFEC9A5D5DA","1.0","SYNVEH28473011269","REQF16A9A86FDB98F95","2026-06-10T10:48:38Z","2026-06-10T12:18:38Z","ASM22C1A56BD8E61AD0","1","usable","method_current","ford_mustang_mach_e","crossover","2018","108451","mi","59.2","percent","rough","2026-06-10T08:43:38Z","2026-06-10T10:43:38Z","2026-06-10T11:18:38Z"
"SRC6CECB0DF0DEFB0A4","vehicle_assessment","BAT0EFEC9A5D5DA","1.0","SYNVEH76041749913","REQEADD70EC09D4930B","2026-06-10T17:21:21Z","2026-06-10T17:51:21Z","ASM3521AE6692B4F14C","1","usable","method_current","ford_f150_lightning","pickup","2012","108588","km","65.7","percent","clean","2026-06-10T15:16:21Z","2026-06-10T17:16:21Z","2026-06-10T18:51:21Z"
"SRC8EBF7349802AB5EE","vehicle_assessment","BAT0EFEC9A5D5DA","1.0","SYNVEH24194247042","REQCC0E3D47EA174F0B","2026-06-10T23:54:05Z","2026-06-11T01:24:05Z","ASM1C7D1067AE19BAF0","1","usable","method_current","chevrolet_bolt_ev","hatchback","2013","108725","mi","66.3","percent","average","2026-06-10T21:49:05Z","2026-06-10T23:49:05Z","2026-06-11T00:24:05Z"
"SRCCB45A29BDC17A214","vehicle_assessment","BAT0EFEC9A5D5DA","1.0","SYNVEH41658508195","REQ2E45D7D352C7619C","2026-06-11T06:26:49Z","2026-06-11T06:56:49Z","ASMEEB09512A6B8ECF2","1","usable","method_current","nissan_leaf","hatchback","2014","108862","km","67.9","percent","rough","2026-06-11T04:21:49Z","2026-06-11T06:21:49Z","2026-06-11T07:56:49Z"
"SRCA22CDCD8A21E3A4B","vehicle_assessment","BAT0EFEC9A5D5DA","1.0","SYNVEH75218829670","REQ7D215C1DE548B02E","2026-06-11T12:59:32Z","2026-06-11T14:29:32Z","ASMBBA54BFB19DDD25C","1","usable","method_current","tesla_model_3","sedan","2015","108999","mi","65.2","percent","clean","2026-06-11T10:54:32Z","2026-06-11T12:54:32Z","2026-06-11T13:29:32Z"
"SRC4E36A344646E2496","vehicle_assessment","BAT0EFEC9A5D5DA","1.0","SYNVEH38383231097","REQ2A027330B175675D","2026-06-11T19:32:16Z","2026-06-11T20:02:16Z","ASM8CEC3B3C1477E381","1","usable","method_current","tesla_model_y","crossover","2016","109136","km","70.5","percent","average","2026-06-11T17:27:16Z","2026-06-11T19:27:16Z","2026-06-11T21:02:16Z"
"SRC58D12E1BDCEABE07","vehicle_assessment","BAT0EFEC9A5D5DA","1.0","SYNVEH37744756980","REQ8F91BA06D882BDEB","2026-06-12T02:05:00Z","2026-06-12T03:35:00Z","ASMC58A466C2576ADCF","1","usable","method_current","hyundai_ioniq_5","crossover","2017","109273","mi","59.5","percent","rough","2026-06-12T00:00:00Z","2026-06-12T02:00:00Z","2026-06-12T02:35:00Z"
"SRC72DE35832D6EA3C8","vehicle_assessment","BAT0EFEC9A5D5DA","1.0","SYNVEH76719286292","REQ75B60C15FE1D3C70","2026-06-12T08:37:43Z","2026-06-12T09:07:43Z","ASM1CF17B0FB15F5052","1","usable","method_current","ford_mustang_mach_e","crossover","2018","109410","km","61.0","percent","clean","2026-06-12T06:32:43Z","2026-06-12T08:32:43Z","2026-06-12T10:07:43Z"
"SRCE11F63D80F9568B2","vehicle_assessment","BAT0EFEC9A5D5DA","1.0","SYNVEH69747631388","REQA2A89A1087C361A4","2026-06-12T15:10:27Z","2026-06-12T16:40:27Z","ASMADC6F1C5063DACEA","1","usable","method_current","ford_f150_lightning","pickup","2012","109547","mi","71.9","percent","average","2026-06-12T13:05:27Z","2026-06-12T15:05:27Z","2026-06-12T15:40:27Z"
"SRC4B4BE6732D985CCB","vehicle_assessment","BAT0EFEC9A5D5DA","1.0","SYNVEH90632904362","REQ3729B4491E78104F","2026-06-12T21:43:10Z","2026-06-12T22:13:10Z","ASM13EF603DA7ECA180","1","usable","method_current","chevrolet_bolt_ev","hatchback","2013","109684","km","70.5","percent","rough","2026-06-12T19:38:10Z","2026-06-12T21:38:10Z","2026-06-12T23:13:10Z"
"SRC5C38F3C80D2148E7","vehicle_assessment","BAT0EFEC9A5D5DA","1.0","SYNVEH60115799309","REQEB5EC6A113F4AF37","2026-06-13T04:15:54Z","2026-06-13T05:45:54Z","ASM0A2EE47A3F47178B","1","usable","method_current","nissan_leaf","hatchback","2014","109821","mi","59.5","percent","clean","2026-06-13T02:10:54Z","2026-06-13T04:10:54Z","2026-06-13T04:45:54Z"
"SRC6D108764EA784BBE","vehicle_assessment","BAT0EFEC9A5D5DA","1.0","SYNVEH04980600380","REQ31E2A0C21CAACE4C","2026-06-13T10:48:38Z","2026-06-13T11:18:38Z","ASMCA5D6E4B3C0EBA75","1","usable","method_current","tesla_model_3","sedan","2015","109958","km","57.4","percent","average","2026-06-13T08:43:38Z","2026-06-13T10:43:38Z","2026-06-13T12:18:38Z"
"SRCA435F87B7CB1C3CA","vehicle_assessment","BAT0EFEC9A5D5DA","1.0","SYNVEH16227199362","REQF5C698683AB34211","2026-06-13T17:21:21Z","2026-06-13T18:51:21Z","ASM9488446506739968","1","usable","method_current","tesla_model_y","crossover","2016","110095","mi","62.3","percent","rough","2026-06-13T15:16:21Z","2026-06-13T17:16:21Z","2026-06-13T17:51:21Z"
"SRCD91835AB0D6735FF","vehicle_assessment","BAT0EFEC9A5D5DA","1.0","SYNVEH30973758504","REQBF69F81BA8BE9DC2","2026-06-13T23:54:05Z","2026-06-14T00:24:05Z","ASMED11376F731E9D98","1","usable","method_current","hyundai_ioniq_5","crossover","2017","110232","km","58.7","percent","clean","2026-06-13T21:49:05Z","2026-06-13T23:49:05Z","2026-06-14T01:24:05Z"
"SRC85BA83795D3C150D","vehicle_assessment","BAT0EFEC9A5D5DA","1.0","SYNVEH94842057923","REQ3B1892ABDE8CFEDB","2026-06-14T06:26:49Z","2026-06-14T07:56:49Z","ASMDB691C7639E36A0F","1","usable","method_current","ford_mustang_mach_e","crossover","2018","110369","mi","68.8","percent","average","2026-06-14T04:21:49Z","2026-06-14T06:21:49Z","2026-06-14T06:56:49Z"
"SRC0DBB9BDCCCD7691B","vehicle_assessment","BAT0EFEC9A5D5DA","1.0","SYNVEH70486514897","REQ9D2E4D44B5ECFDB3","2026-06-14T12:59:32Z","2026-06-14T13:29:32Z","ASM8821FD5F37FFB859","1","usable","method_current","ford_f150_lightning","pickup","2012","110506","km","57.6","percent","rough","2026-06-14T10:54:32Z","2026-06-14T12:54:32Z","2026-06-14T14:29:32Z"
"SRC85799208ECB2B6E9","vehicle_assessment","BAT0EFEC9A5D5DA","1.0","SYNVEH29111518816","REQ43071C9FE0DE463F","2026-06-14T19:32:16Z","2026-06-14T21:02:16Z","ASM7A84564C395D47A4","1","usable","method_current","chevrolet_bolt_ev","hatchback","2013","110643","mi","57.3","percent","clean","2026-06-14T17:27:16Z","2026-06-14T19:27:16Z","2026-06-14T20:02:16Z"
"SRC3B41C3AF4F5B8651","vehicle_assessment","BAT0EFEC9A5D5DA","1.0","SYNVEH40509660208","REQ59858CEF393ACD2D","2026-06-15T02:05:00Z","2026-06-15T02:35:00Z","ASME707EA8ED9E4D910","1","usable","method_current","nissan_leaf","hatchback","2014","110780","km","65.0","percent","average","2026-06-15T00:00:00Z","2026-06-15T02:00:00Z","2026-06-15T03:35:00Z"
"SRC8500DA9B0A0F9E0D","vehicle_assessment","BAT0EFEC9A5D5DA","1.0","SYNVEH74142468420","REQ62EFA04C889CFA54","2026-06-15T08:37:43Z","2026-06-15T10:07:43Z","ASM67CEA943075C4BDC","1","usable","method_current","tesla_model_3","sedan","2015","110917","mi","67.2","percent","rough","2026-06-15T06:32:43Z","2026-06-15T08:32:43Z","2026-06-15T09:07:43Z"
"SRC0A21EDA3D540504B","vehicle_assessment","BAT0EFEC9A5D5DA","1.0","SYNVEH11600144884","REQCF715B2E5D53E725","2026-06-15T15:10:27Z","2026-06-15T15:40:27Z","ASM061652F180BE35F2","1","usable","method_current","tesla_model_y","crossover","2016","111054","km","64.3","percent","clean","2026-06-15T13:05:27Z","2026-06-15T15:05:27Z","2026-06-15T16:40:27Z"
"SRCBB10316FA39C4107","vehicle_assessment","BAT0EFEC9A5D5DA","1.0","SYNVEH26557815054","REQC18C397E52B3AC26","2026-06-15T21:43:10Z","2026-06-15T23:13:10Z","ASM0F2DBB26FD570810","1","usable","method_current","hyundai_ioniq_5","crossover","2017","111191","mi","59.3","percent","average","2026-06-15T19:38:10Z","2026-06-15T21:38:10Z","2026-06-15T22:13:10Z"
"SRCBF88D6133599C803","vehicle_assessment","BAT0EFEC9A5D5DA","1.0","SYNVEH49860577777","REQ14113EB8FD9F6054","2026-06-16T04:15:54Z","2026-06-16T04:45:54Z","ASM27C6DE8696B26C23","1","usable","method_current","ford_mustang_mach_e","crossover","2018","111328","km","69.0","percent","rough","2026-06-16T02:10:54Z","2026-06-16T04:10:54Z","2026-06-16T05:45:54Z"
"SRC036C1B1F28B2B76D","vehicle_assessment","BAT0EFEC9A5D5DA","1.0","SYNVEH13283159435","REQ288EC388FD426BAF","2026-06-16T10:48:38Z","2026-06-16T12:18:38Z","ASM453BF13E2D76BD0A","1","usable","method_current","ford_f150_lightning","pickup","2012","111465","mi","62.5","percent","clean","2026-06-16T08:43:38Z","2026-06-16T10:43:38Z","2026-06-16T11:18:38Z"
"SRC8D94A8C90AE6C857","vehicle_assessment","BAT0EFEC9A5D5DA","1.0","SYNVEH44559299731","REQA0F2E802F33EE7C9","2026-06-16T17:21:21Z","2026-06-16T17:51:21Z","ASMAAD697A9217A53C5","1","usable","method_current","chevrolet_bolt_ev","hatchback","2013","111602","km","62.7","percent","average","2026-06-16T15:16:21Z","2026-06-16T17:16:21Z","2026-06-16T18:51:21Z"
"SRC8C3AAF6AD2EC16A2","vehicle_assessment","BAT0EFEC9A5D5DA","1.0","SYNVEH20369333393","REQ46A8C88EFDFDBC19","2026-06-16T23:54:05Z","2026-06-17T01:24:05Z","ASM7167331EED5EC424","1","usable","method_current","nissan_leaf","hatchback","2014","111739","mi","70.2","percent","rough","2026-06-16T21:49:05Z","2026-06-16T23:49:05Z","2026-06-17T00:24:05Z"
"SRC94D62B2F52B3D383","vehicle_assessment","BAT0EFEC9A5D5DA","1.0","SYNVEH17298814704","REQ110B369DF298D4BD","2026-06-17T06:26:49Z","2026-06-17T06:56:49Z","ASM55BFF969FFAACD4B","1","usable","method_current","tesla_model_3","sedan","2015","111876","km","71.2","percent","clean","2026-06-17T04:21:49Z","2026-06-17T06:21:49Z","2026-06-17T07:56:49Z"
"SRC5F3471729B3C4112","vehicle_assessment","BAT0EFEC9A5D5DA","1.0","SYNVEH41134829127","REQ9B1470B669D712A0","2026-06-17T12:59:32Z","2026-06-17T14:29:32Z","ASM8D23F13456AE98B6","1","usable","method_current","tesla_model_y","crossover","2016","112013","mi","70.1","percent","average","2026-06-17T10:54:32Z","2026-06-17T12:54:32Z","2026-06-17T13:29:32Z"
"SRC29B990BABFDC9F8A","vehicle_assessment","BAT0EFEC9A5D5DA","1.0","SYNVEH13737349501","REQ69AE0AF139DDFC24","2026-06-17T19:32:16Z","2026-06-17T20:02:16Z","ASMB79169154286F332","1","usable","method_current","hyundai_ioniq_5","crossover","2017","112150","km","59.6","percent","rough","2026-06-17T17:27:16Z","2026-06-17T19:27:16Z","2026-06-17T21:02:16Z"
"SRC0ABEF97F622EBD3A","vehicle_assessment","BAT0EFEC9A5D5DA","1.0","SYNVEH67389417543","REQD0FE0502B1C0DF5A","2026-06-18T02:05:00Z","2026-06-18T03:35:00Z","ASMB5C6BBE563C45DE7","1","usable","method_current","ford_mustang_mach_e","crossover","2018","112287","mi","60.5","percent","clean","2026-06-18T00:00:00Z","2026-06-18T02:00:00Z","2026-06-18T02:35:00Z"
"SRCBE633127D73AFFFB","vehicle_assessment","BAT0EFEC9A5D5DA","1.0","SYNVEH53331522427","REQAAD4BDA76ED688E6","2026-06-18T08:37:43Z","2026-06-18T09:07:43Z","ASM3D40E4640DA9F60B","1","usable","method_current","ford_f150_lightning","pickup","2012","112424","km","62.4","percent","average","2026-06-18T06:32:43Z","2026-06-18T08:32:43Z","2026-06-18T10:07:43Z"
"SRC6FA6EB7AE6EF90BA","vehicle_assessment","BAT0EFEC9A5D5DA","1.0","SYNVEH02894862145","REQD6530A20D8F9AB27","2026-06-18T15:10:27Z","2026-06-18T16:40:27Z","ASMEA3166234E249119","1","usable","method_current","chevrolet_bolt_ev","hatchback","2013","112561","mi","60.6","percent","rough","2026-06-18T13:05:27Z","2026-06-18T15:05:27Z","2026-06-18T15:40:27Z"
"SRCBE15A7F40F6C36A2","vehicle_assessment","BAT0EFEC9A5D5DA","1.0","SYNVEH97634494605","REQ88F318356971B943","2026-06-18T21:43:10Z","2026-06-18T22:13:10Z","ASMB1E3A0D35CFE008E","1","usable","method_current","nissan_leaf","hatchback","2014","112698","km","59.7","percent","clean","2026-06-18T19:38:10Z","2026-06-18T21:38:10Z","2026-06-18T23:13:10Z"
"SRC7E8BC83F419E54D3","vehicle_assessment","BAT0EFEC9A5D5DA","1.0","SYNVEH78816755941","REQADD5EAFD464A32B9","2026-06-19T04:15:54Z","2026-06-19T05:45:54Z","ASMDBA14F9D463FE4CB","1","usable","method_current","tesla_model_3","sedan","2015","112835","mi","65.8","percent","average","2026-06-19T02:10:54Z","2026-06-19T04:10:54Z","2026-06-19T04:45:54Z"
"SRC45DAF497E0CE60BA","vehicle_assessment","BAT0EFEC9A5D5DA","1.0","SYNVEH36566973871","REQ77B869F5E3F5C550","2026-06-19T10:48:38Z","2026-06-19T11:18:38Z","ASME71952B6064B2FBA","1","usable","method_current","tesla_model_y","crossover","2016","112972","km","58.7","percent","rough","2026-06-19T08:43:38Z","2026-06-19T10:43:38Z","2026-06-19T12:18:38Z"
"SRCB890FB904F2478CF","vehicle_assessment","BAT0EFEC9A5D5DA","1.0","SYNVEH91031985404","REQ00F4FA667516F63D","2026-06-19T17:21:21Z","2026-06-19T18:51:21Z","ASM8AD15A86185369D1","1","usable","method_current","hyundai_ioniq_5","crossover","2017","113109","mi","66.6","percent","clean","2026-06-19T15:16:21Z","2026-06-19T17:16:21Z","2026-06-19T17:51:21Z"
"SRCF8D4EECE08A9E775","vehicle_assessment","BAT0EFEC9A5D5DA","1.0","SYNVEH75552907735","REQC4A95A63F612EA6E","2026-06-19T23:54:05Z","2026-06-20T00:24:05Z","ASMB50865D4A5CA80B0","1","usable","method_current","ford_mustang_mach_e","crossover","2018","113246","km","67.8","percent","average","2026-06-19T21:49:05Z","2026-06-19T23:49:05Z","2026-06-20T01:24:05Z"
"SRCD1294CAC375CDD16","vehicle_assessment","BAT0EFEC9A5D5DA","1.0","SYNVEH53212346438","REQ211C4B73D65E51DE","2026-06-20T06:26:49Z","2026-06-20T07:56:49Z","ASM20525B25ABD6A03C","1","usable","method_current","ford_f150_lightning","pickup","2012","113383","mi","57.6","percent","rough","2026-06-20T04:21:49Z","2026-06-20T06:21:49Z","2026-06-20T06:56:49Z"
"SRC6552BA7340439315","vehicle_assessment","BAT0EFEC9A5D5DA","1.0","SYNVEH94428398985","REQ95445A56EE3B00DD","2026-06-20T12:59:32Z","2026-06-20T13:29:32Z","ASM9CD104B2E1C412AD","1","usable","method_current","chevrolet_bolt_ev","hatchback","2013","113520","km","64.4","percent","clean","2026-06-20T10:54:32Z","2026-06-20T12:54:32Z","2026-06-20T14:29:32Z"
"SRC50AE9081491E0B9C","vehicle_assessment","BAT0EFEC9A5D5DA","1.0","SYNVEH59766755866","REQ5DCDB744B8CA166F","2026-06-20T19:32:16Z","2026-06-20T21:02:16Z","ASMDE694E0BEF3CF7FA","1","usable","method_current","nissan_leaf","hatchback","2014","113657","mi","68.1","percent","average","2026-06-20T17:27:16Z","2026-06-20T19:27:16Z","2026-06-20T20:02:16Z"
"SRCFE010FBE0652C183","vehicle_assessment","BAT0EFEC9A5D5DA","1.0","SYNVEH14261080308","REQ114664530F47F46A","2026-06-21T02:05:00Z","2026-06-21T02:35:00Z","ASM8BC4AE2270EC0F24","1","usable","method_current","tesla_model_3","sedan","2015","113794","km","63.8","percent","rough","2026-06-21T00:00:00Z","2026-06-21T02:00:00Z","2026-06-21T03:35:00Z"
"SRC6B0C651D4E54A121","vehicle_assessment","BAT0EFEC9A5D5DA","1.0","SYNVEH42851105707","REQEFDB8146ECBF06A8","2026-06-21T08:37:43Z","2026-06-21T10:07:43Z","ASM2B83BEB136EBAC83","1","usable","method_current","tesla_model_y","crossover","2016","113931","mi","68.8","percent","clean","2026-06-21T06:32:43Z","2026-06-21T08:32:43Z","2026-06-21T09:07:43Z"
"SRC65489B3BC2AD8C23","vehicle_assessment","BAT0EFEC9A5D5DA","1.0","SYNVEH67687456898","REQ4D311962F5C0DBD1","2026-06-21T15:10:27Z","2026-06-21T15:40:27Z","ASM0DF649C60435984B","1","usable","method_current","hyundai_ioniq_5","crossover","2017","114068","km","58.0","percent","average","2026-06-21T13:05:27Z","2026-06-21T15:05:27Z","2026-06-21T16:40:27Z"
"SRC70B33CB27AABD147","vehicle_assessment","BAT0EFEC9A5D5DA","1.0","SYNVEH25319147974","REQCE8A8749CC42D122","2026-06-21T21:43:10Z","2026-06-21T23:13:10Z","ASMBB70FF2448059756","1","usable","method_current","ford_mustang_mach_e","crossover","2018","114205","mi","63.3","percent","rough","2026-06-21T19:38:10Z","2026-06-21T21:38:10Z","2026-06-21T22:13:10Z"
"SRC7B7F73BE6630F4A5","vehicle_assessment","BAT0EFEC9A5D5DA","1.0","SYNVEH19976976205","REQ15E1D4D91FC37CED","2026-06-22T04:15:54Z","2026-06-22T04:45:54Z","ASME770F0D110B799FB","1","usable","method_current","ford_f150_lightning","pickup","2012","114342","km","69.1","percent","clean","2026-06-22T02:10:54Z","2026-06-22T04:10:54Z","2026-06-22T05:45:54Z"
"SRCD0FB5BA98CF9EFE8","vehicle_assessment","BAT0EFEC9A5D5DA","1.0","SYNVEH40763314905","REQ17F917DC9521882D","2026-06-22T10:48:38Z","2026-06-22T12:18:38Z","ASM4C5474C23F1059C7","1","usable","method_current","chevrolet_bolt_ev","hatchback","2013","114479","mi","61.4","percent","average","2026-06-22T08:43:38Z","2026-06-22T10:43:38Z","2026-06-22T11:18:38Z"
"SRCCF0EE7B23D3EA596","vehicle_assessment","BAT0EFEC9A5D5DA","1.0","SYNVEH09995444579","REQDFB99BEC16882A2A","2026-06-22T17:21:21Z","2026-06-22T17:51:21Z","ASM46F91C8319DDADA4","1","usable","method_current","nissan_leaf","hatchback","2014","114616","km","59.6","percent","rough","2026-06-22T15:16:21Z","2026-06-22T17:16:21Z","2026-06-22T18:51:21Z"
"SRCBE0A6421FC2CCB74","vehicle_assessment","BAT0EFEC9A5D5DA","1.0","SYNVEH48464314083","REQA286610DF5AE30AB","2026-06-22T23:54:05Z","2026-06-23T01:24:05Z","ASM203D117804A364B9","1","usable","method_current","tesla_model_3","sedan","2015","114753","mi","59.3","percent","clean","2026-06-22T21:49:05Z","2026-06-22T23:49:05Z","2026-06-23T00:24:05Z"
"SRCB86507697A84E5C1","vehicle_assessment","BAT0EFEC9A5D5DA","1.0","SYNVEH40746221368","REQ4D988B6D42724542","2026-06-23T06:26:49Z","2026-06-23T06:56:49Z","ASMFA4C97BAD1047D29","1","usable","method_current","tesla_model_y","crossover","2016","114890","km","60.3","percent","average","2026-06-23T04:21:49Z","2026-06-23T06:21:49Z","2026-06-23T07:56:49Z"
"SRCCE4E93EB0E90A087","vehicle_assessment","BAT0EFEC9A5D5DA","1.0","SYNVEH35388719945","REQCDFEE932A44D7682","2026-06-23T12:59:32Z","2026-06-23T14:29:32Z","ASM3FAF532B68D7EB76","1","usable","method_current","hyundai_ioniq_5","crossover","2017","115027","mi","65.9","percent","rough","2026-06-23T10:54:32Z","2026-06-23T12:54:32Z","2026-06-23T13:29:32Z"
"SRCFDA7DA5F461C22B9","vehicle_assessment","BAT0EFEC9A5D5DA","1.0","SYNVEH57697398500","REQ2924DBBAEAD765E8","2026-06-23T19:32:16Z","2026-06-23T20:02:16Z","ASME67E6038C940B801","1","usable","method_current","ford_mustang_mach_e","crossover","2018","115164","km","71.4","percent","clean","2026-06-23T17:27:16Z","2026-06-23T19:27:16Z","2026-06-23T21:02:16Z"
"SRC9950B548F06182ED","vehicle_assessment","BAT0EFEC9A5D5DA","1.0","SYNVEH83266136978","REQE91188CFD22D99DC","2026-06-24T02:05:00Z","2026-06-24T03:35:00Z","ASMB929D0DFB560295F","1","usable","method_current","ford_f150_lightning","pickup","2012","115301","mi","57.7","percent","average","2026-06-24T00:00:00Z","2026-06-24T02:00:00Z","2026-06-24T02:35:00Z"
"SRC07D6D3C09DE934C5","vehicle_assessment","BAT0EFEC9A5D5DA","1.0","SYNVEH71100157070","REQ46CBACE23CDBD434","2026-06-24T08:37:43Z","2026-06-24T09:07:43Z","ASMACAC9372D513C6FA","1","usable","method_current","chevrolet_bolt_ev","hatchback","2013","115438","km","58.8","percent","rough","2026-06-24T06:32:43Z","2026-06-24T08:32:43Z","2026-06-24T10:07:43Z"
"SRC50B83A2876959F37","vehicle_assessment","BAT0EFEC9A5D5DA","1.0","SYNVEH99035913682","REQ34943CB29FF63AEB","2026-06-24T15:10:27Z","2026-06-24T16:40:27Z","ASM2D7AAB61C77D06FB","1","usable","method_current","nissan_leaf","hatchback","2014","115575","mi","63.7","percent","clean","2026-06-24T13:05:27Z","2026-06-24T15:05:27Z","2026-06-24T15:40:27Z"
"SRC5F54C6179A3AD7D0","vehicle_assessment","BAT0EFEC9A5D5DA","1.0","SYNVEH48316756552","REQ763652FE2E39A222","2026-06-24T21:43:10Z","2026-06-24T22:13:10Z","ASMF08FA9B4D7157321","1","usable","method_current","tesla_model_3","sedan","2015","115712","km","64.4","percent","average","2026-06-24T19:38:10Z","2026-06-24T21:38:10Z","2026-06-24T23:13:10Z"
"SRC9C061F011953C579","vehicle_assessment","BAT0EFEC9A5D5DA","1.0","SYNVEH95221554255","REQ8B5385CA93CE131A","2026-06-25T04:15:54Z","2026-06-25T05:45:54Z","ASM76FEA0689958AB98","1","usable","method_current","tesla_model_y","crossover","2016","115849","mi","64.9","percent","rough","2026-06-25T02:10:54Z","2026-06-25T04:10:54Z","2026-06-25T04:45:54Z"
"SRC0408A78EBC6440A8","vehicle_assessment","BAT0EFEC9A5D5DA","1.0","SYNVEH57284207483","REQC23874BE5E13AAC6","2026-06-25T10:48:38Z","2026-06-25T11:18:38Z","ASM456860A74CCD3077","1","usable","method_current","hyundai_ioniq_5","crossover","2017","115986","km","57.8","percent","clean","2026-06-25T08:43:38Z","2026-06-25T10:43:38Z","2026-06-25T12:18:38Z"
"SRCAF8E797B24D22DDD","vehicle_assessment","BAT0EFEC9A5D5DA","1.0","SYNVEH85551579589","REQ7561F5EAF9F84AC2","2026-06-25T17:21:21Z","2026-06-25T18:51:21Z","ASM6E8470682706556F","1","usable","method_current","ford_mustang_mach_e","crossover","2018","116123","mi","71.7","percent","average","2026-06-25T15:16:21Z","2026-06-25T17:16:21Z","2026-06-25T17:51:21Z"
"SRCDE2CDCFC0864FA1C","vehicle_assessment","BAT0EFEC9A5D5DA","1.0","SYNVEH69288399867","REQ0D42DECF5B2F1634","2026-06-25T23:54:05Z","2026-06-26T00:24:05Z","ASM1829391CB57DFD81","1","usable","method_current","ford_f150_lightning","pickup","2012","116260","km","67.2","percent","rough","2026-06-25T21:49:05Z","2026-06-25T23:49:05Z","2026-06-26T01:24:05Z"
"SRCBF2BC8BAB198FB80","vehicle_assessment","BAT0EFEC9A5D5DA","1.0","SYNVEH37516934604","REQ28D9689ECEB91F55","2026-06-26T06:26:49Z","2026-06-26T07:56:49Z","ASM03C81413C8BB5753","1","usable","method_current","chevrolet_bolt_ev","hatchback","2013","116397","mi","64.3","percent","clean","2026-06-26T04:21:49Z","2026-06-26T06:21:49Z","2026-06-26T06:56:49Z"
"SRCE7638F7B8773C560","vehicle_assessment","BAT0EFEC9A5D5DA","1.0","SYNVEH77620453237","REQ1DD60EB0E99D387D","2026-06-26T12:59:32Z","2026-06-26T13:29:32Z","ASM4D1B601B3969B5AE","1","usable","method_current","nissan_leaf","hatchback","2014","116534","km","60.6","percent","average","2026-06-26T10:54:32Z","2026-06-26T12:54:32Z","2026-06-26T14:29:32Z"
"SRC130351A4DAA798EF","vehicle_assessment","BAT0EFEC9A5D5DA","1.0","SYNVEH98278662247","REQC69A7065CE5D1F30","2026-06-26T19:32:16Z","2026-06-26T21:02:16Z","ASMD42857E900DD4EE0","1","usable","method_current","tesla_model_3","sedan","2015","116671","mi","67.0","percent","rough","2026-06-26T17:27:16Z","2026-06-26T19:27:16Z","2026-06-26T20:02:16Z"
"SRC2737567C28F647A1","vehicle_assessment","BAT0EFEC9A5D5DA","1.0","SYNVEH86421519308","REQB090316361FDDDE0","2026-06-27T02:05:00Z","2026-06-27T02:35:00Z","ASM1008A19F4BAD291D","1","usable","method_current","tesla_model_y","crossover","2016","116808","km","57.2","percent","clean","2026-06-27T00:00:00Z","2026-06-27T02:00:00Z","2026-06-27T03:35:00Z"
"SRCBD950124DBF090C8","vehicle_assessment","BAT0EFEC9A5D5DA","1.0","SYNVEH18788232181","REQ38762BCA3471FC60","2026-06-27T08:37:43Z","2026-06-27T10:07:43Z","ASM176FD0F8A00BEAA1","1","usable","method_current","hyundai_ioniq_5","crossover","2017","116945","mi","64.0","percent","average","2026-06-27T06:32:43Z","2026-06-27T08:32:43Z","2026-06-27T09:07:43Z"
